CycPeptMPDB_ID,Source,Year,Original_Name_in_Source_Literature,Structurally_Unique_ID,SMILES,Monomer_Length,Molecule_Shape,PAMPA,Caco2,MDCK,RRCK,MolLogP,Normalized_PAMPA,Binary,Soft_Label,Pred_7
539,2013_CHUGAI,2013,DP-531,539,CC(C)C[C@H]1C(=O)N[C@H](C(=O)N2CCCCC2)CC(=O)N(C)CC(=O)N[C@@H]([C@@H](C)O)C(=O)N(C)[C@@H](C)C(=O)N[C@@H](COC(C)(C)C)C(=O)N(C)[C@@H](Cc2ccccc2)C(=O)N1C,8,Lariat,-5.24,,,,0.301,0.38,1,1.0,0.57615155
540,2013_CHUGAI,2013,DP-532,540,CC(C)C[C@H]1C(=O)N[C@H](C(=O)N2CCCCC2)CC(=O)N(C)CCC(=O)N[C@@H]([C@@H](C)O)C(=O)N(C)[C@@H](C)C(=O)N[C@@H](COC(C)(C)C)C(=O)N(C)[C@@H](Cc2ccccc2)C(=O)N1C,8,Lariat,-4.7,,,,0.6911,0.65,1,1.0,0.5454482
541,2013_CHUGAI,2013,DP-533,541,CC(C)C[C@H]1C(=O)N[C@H](C(=O)N2CCCCC2)CC(=O)N(C)[C@@H](C)C(=O)N(C)[C@@H](Cc2ccccc2)C(=O)N(C)[C@@H](CC(C)C)C(=O)N[C@@H]([C@@H](C)O)C(=O)N(C)CC(=O)N1C,8,Lariat,-5.0,,,,0.8742,0.5,1,1.0,0.5763109
542,2013_CHUGAI,2013,DP-534,542,CC(C)C[C@H]1C(=O)N(C)CC(=O)N(C)[C@@H](Cc2ccccc2)C(=O)N[C@@H](COC(C)(C)C)C(=O)N[C@H](C(=O)N2CCCCC2)CC(=O)N(C)CCCC(=O)N[C@@H]([C@@H](C)O)C(=O)N1C,8,Lariat,-5.2,,,,0.6927,0.4,1,1.0,0.55316013
543,2013_CHUGAI,2013,DP-535,543,CC(C)C[C@H]1C(=O)N[C@H](C(=O)N2CCCCC2)CC(=O)N(C)CCCC(=O)N(C)[C@@H](Cc2ccccc2)C(=O)N[C@@H]([C@@H](C)O)C(=O)N(C)CC(=O)N[C@@H](COC(C)(C)C)C(=O)N1C,8,Lariat,-4.68,,,,0.6927,0.66,1,1.0,0.5534431
544,2013_CHUGAI,2013,DP-536,544,CC(C)C[C@H]1C(=O)N[C@H](C(=O)N2CCCCC2)CC(=O)N(C)[C@H](C)C(=O)N(C)[C@@H](CC(C)C)C(=O)N[C@@H]([C@@H](C)O)C(=O)N(C)CC(=O)N[C@@H](COC(C)(C)C)C(=O)N1C,8,Lariat,-5.0,,,,0.1044,0.5,1,1.0,0.56774825
545,2013_CHUGAI,2013,DP-537,545,CC(C)C[C@H]1C(=O)N[C@H](C(=O)N2CCCCC2)CC(=O)N[C@H](C)C(=O)N(C)[C@@H](Cc2ccccc2)C(=O)N(C)[C@@H](CC(C)C)C(=O)N[C@@H]([C@@H](C)O)C(=O)N(C)CC(=O)N1C,8,Lariat,-5.0,,,,0.532,0.5,1,1.0,0.5756882
546,2013_CHUGAI,2013,DP-538,546,CC(C)C[C@H]1C(=O)N[C@@H]([C@@H](C)O)C(=O)N(C)[C@@H](C)C(=O)N[C@H](C(=O)N2CCCCC2)CC(=O)N[C@H](C)C(=O)N(C)[C@@H](C)C(=O)N(C)[C@@H](Cc2ccccc2)C(=O)N1C,8,Lariat,-5.26,,,,-0.1057,0.37,1,1.0,0.5674221
547,2013_CHUGAI,2013,DP-539,547,CC(C)C[C@@H]1NC(=O)[C@H](Cc2ccccc2)N(C)C(=O)[C@H]([C@@H](C)O)NC(=O)[C@H](Cc2ccccc2)N(C)C(=O)[C@H](C)N(C)C(=O)[C@H](C)NC(=O)C[C@@H](C(=O)N2CCCCC2)NC1=O,8,Lariat,-4.7,,,,0.7749,0.65,1,1.0,0.55839705
642,2013_CHUGAI,2013,DP-677,642,CC(C)C[C@H]1C(=O)N(C)[C@@H](C)C(=O)N(C)[C@@H](Cc2ccccc2)C(=O)N[C@@H](COC(C)(C)C)C(=O)N[C@H](C(=O)N2CCCCC2)CC(=O)N(C)CCCC(=O)N[C@@H]([C@@H](C)O)C(=O)N1C,8,Lariat,-5.14,,,,1.0812,0.43,1,1.0,0.5621332
643,2013_CHUGAI,2013,DP-678,643,CC(C)C[C@H]1C(=O)N[C@H](C(=O)N2CCCCC2)CC(=O)N(C)[C@@H](C)C(=O)N(C)[C@@H](Cc2ccccc2)C(=O)N(C)[C@@H](CC(C)C)C(=O)N[C@@H]([C@@H](C)O)C(=O)N(C)[C@@H](C)C(=O)N1C,8,Lariat,-4.59,,,,1.2627,0.705,1,1.0,0.56016785
644,2013_CHUGAI,2013,DP-679,644,CC(C)C[C@H]1C(=O)N(C)[C@@H](CC(C)C)C(=O)N[C@H](C(=O)N2CCCCC2)CC(=O)N(C)[C@@H](C)C(=O)N(C)[C@@H](Cc2ccccc2)C(=O)N(C)[C@@H](CC(C)C)C(=O)N[C@@H]([C@@H](C)O)C(=O)N1C,8,Lariat,-4.6,,,,2.2889,0.7,1,1.0,0.5669324
645,2013_CHUGAI,2013,DP-680,645,CC(C)C[C@H]1C(=O)N[C@H](C(=O)N2CCCCC2)CC(=O)N(C)CCCC(=O)N(C)[C@@H](Cc2ccccc2)C(=O)N[C@@H]([C@@H](C)O)C(=O)N(C)[C@@H](C)C(=O)N[C@@H](COC(C)(C)C)C(=O)N1C,8,Lariat,-4.82,,,,1.0812,0.59,1,1.0,0.554802
646,2013_CHUGAI,2013,DP-681,646,CC(C)C[C@H]1C(=O)N[C@H](C(=O)N2CCCCC2)CC(=O)N(C)CCCC(=O)N(C)[C@@H](Cc2ccccc2)C(=O)N[C@@H]([C@@H](C)O)C(=O)N(C)[C@@H](CC(C)C)C(=O)N[C@@H](COC(C)(C)C)C(=O)N1C,8,Lariat,-4.55,,,,2.1074,0.725,1,1.0,0.5543782
680,2013_CHUGAI,2013,DP-715,680,CC(C)C[C@@H]1NC(=O)[C@H](CC(C)C)N(C)C(=O)[C@H]([C@@H](C)O)NC(=O)CCCN(C)C(=O)C[C@@H](C(=O)N2CCCCC2)NC(=O)[C@H](COC(C)(C)C)NC(=O)[C@H](Cc2ccccc2)N(C)C1=O,8,Lariat,-4.62,,,,1.7652,0.69,1,1.0,0.5438937
681,2013_CHUGAI,2013,DP-716,681,CC(C)C[C@@H]1NC(=O)CCCN(C)C(=O)C[C@@H](C(=O)N2CCCCC2)NC(=O)[C@H](Cc2ccccc2)N(C)C(=O)[C@H]([C@@H](C)O)NC(=O)[C@H](CC(C)C)N(C)C(=O)[C@H](COC(C)(C)C)NC1=O,8,Lariat,-4.68,,,,1.7652,0.66,1,1.0,0.546639
682,2013_CHUGAI,2013,DP-717,682,CC(C)C[C@H]1C(=O)N[C@@H]([C@@H](C)O)C(=O)N(C)[C@@H](CC(C)C)C(=O)N(C)CC(=O)N(C)[C@@H](Cc2ccccc2)C(=O)N[C@@H](COC(C)(C)C)C(=O)N[C@H](C(=O)N2CCCCC2)CC(=O)N1C,8,Lariat,-4.68,,,,1.3272,0.66,1,1.0,0.5566869
683,2013_CHUGAI,2013,DP-718,683,CC(C)C[C@@H]1NC(=O)C[C@@H](C(=O)N2CCCCC2)NC(=O)[C@H](COC(C)(C)C)NC(=O)[C@H]([C@@H](C)O)NC(=O)[C@H](Cc2ccccc2)N(C)C(=O)[C@H](CC(C)C)N(C)C(=O)CN(C)C1=O,8,Lariat,-4.77,,,,0.985,0.615,1,1.0,0.56367606
684,2013_CHUGAI,2013,DP-719,684,CC(C)C[C@H]1C(=O)N(C)[C@@H](CC(C)C)C(=O)N(C)[C@@H](Cc2ccccc2)C(=O)N[C@H](C(=O)N2CCCCC2)CC(=O)N[C@@H](C(C)C)C(=O)N(C)CC(=O)N[C@@H]([C@@H](C)O)C(=O)N1C,8,Lariat,-4.59,,,,1.1681,0.705,1,1.0,0.56629044
685,2013_CHUGAI,2013,DP-720,685,CC(C)C[C@@H]1NC(=O)[C@H]([C@@H](C)O)NC(=O)[C@H](CC(C)C)N(C)C(=O)CN(C)C(=O)[C@H](Cc2ccccc2)N(C)C(=O)[C@H](C(C)C)NC(=O)C[C@@H](C(=O)N2CCCCC2)NC1=O,8,Lariat,-4.8,,,,0.8259,0.6,1,1.0,0.5533348
686,2013_CHUGAI,2013,DP-721,686,CC(C)C[C@H]1C(=O)N(C)[C@@H](CC(C)C)C(=O)N[C@H](C(=O)N2CCCCC2)CC(=O)N[C@H](C)C(=O)N(C)[C@@H](Cc2ccccc2)C(=O)N(C)[C@@H](CC(C)C)C(=O)N[C@@H]([C@@H](C)O)C(=O)N1C,8,Lariat,-4.31,,,,1.9467,0.845,1,1.0,0.5655091
687,2013_CHUGAI,2013,DP-722,687,CC(C)C[C@@H]1NC(=O)[C@H]([C@@H](C)O)NC(=O)[C@H](CC(C)C)N(C)C(=O)[C@H](Cc2ccccc2)N(C)C(=O)[C@H](CC(C)C)N(C)C(=O)C[C@@H](C(=O)N2CCCCC2)NC(=O)[C@H](CC(C)C)N(C)C1=O,8,Lariat,-4.35,,,,2.9729,0.825,1,1.0,0.5597026
688,2013_CHUGAI,2013,DP-723,688,CC(C)C[C@@H]1NC(=O)[C@H]([C@@H](C)O)NC(=O)[C@H](CC(C)C)N(C)C(=O)CN(C)C(=O)[C@H](Cc2ccccc2)N(C)C(=O)[C@H](CC(C)C)NC(=O)C[C@@H](C(=O)N2CCCCC2)NC1=O,8,Lariat,-4.59,,,,1.216,0.705,1,1.0,0.5535514
689,2013_CHUGAI,2013,DP-724,689,CC(C)C[C@H]1C(=O)N[C@@H](COC(C)(C)C)C(=O)N(C)CC(=O)N[C@@H]([C@@H](C)O)C(=O)N[C@H](C(=O)N2CCCCC2)CC(=O)N[C@@H](C(C)C)C(=O)N(C)[C@@H](Cc2ccccc2)C(=O)N1C,8,Lariat,-4.7,,,,0.5949,0.65,1,1.0,0.55534905
690,2013_CHUGAI,2013,DP-725,690,CC(C)C[C@H]1C(=O)N[C@H](C(=O)N2CCCCC2)CC(=O)N(C)[C@H](C)C(=O)N(C)[C@@H](CC(C)C)C(=O)N[C@@H]([C@@H](C)O)C(=O)N(C)[C@@H](CC(C)C)C(=O)N[C@@H](COC(C)(C)C)C(=O)N1C,8,Lariat,-4.46,,,,1.5191,0.77,1,1.0,0.5656165
691,2013_CHUGAI,2013,DP-726,691,CC(C)C[C@@H]1NC(=O)C[C@@H](C(=O)N2CCCCC2)NC(=O)[C@H](CC(C)C)N(C)C(=O)[C@H](CC(C)C)NC(=O)[C@H](CC(C)C)N(C)C(=O)[C@H]([C@@H](C)O)NC(=O)CN(C)C1=O,8,Lariat,-4.77,,,,1.0194,0.615,1,1.0,0.5570037
692,2013_CHUGAI,2013,DP-727,692,CC(C)C[C@@H]1NC(=O)[C@H](C(C)C)NC(=O)C[C@@H](C(=O)N2CCCCC2)NC(=O)[C@H]([C@@H](C)O)NC(=O)CN(C)C(=O)[C@H](CC(C)C)N(C)C(=O)[C@H](CC(C)C)N(C)C1=O,8,Lariat,-4.8,,,,0.6293,0.6,1,1.0,0.5702972
703,2013_CHUGAI,2013,DP-738,703,CC(C)C[C@@H]1NC(=O)[C@H](CC(C)C)N(C)C(=O)C[C@@H](C(=O)N2CCCCC2)NC(=O)[C@H](C)N(C)C(=O)[C@H](CC(C)C)N(C)C(=O)[C@H]([C@@H](C)O)NC(=O)[C@H](Cc2ccccc2)N(C)C1=O,8,Lariat,-4.66,,,,1.9467,0.67,1,1.0,0.5566808
704,2013_CHUGAI,2013,DP-739,704,CC(C)C[C@H]1C(=O)N[C@H](C(=O)N2CCCCC2)CC(=O)N[C@H](C)C(=O)N(C)[C@@H](C)C(=O)N(C)[C@@H](Cc2ccccc2)C(=O)N(C)[C@@H](CC(C)C)C(=O)N[C@@H]([C@@H](C)O)C(=O)N1C,8,Lariat,-4.74,,,,0.9205,0.63,1,1.0,0.5597246
705,2013_CHUGAI,2013,DP-740,705,CC(C)C[C@H]1C(=O)N[C@H](C(=O)N2CCCCC2)CC(=O)N[C@H](C)C(=O)N(C)[C@@H](CC(C)C)C(=O)N(C)[C@@H](Cc2ccccc2)C(=O)N(C)[C@@H](CC(C)C)C(=O)N[C@@H]([C@@H](C)O)C(=O)N1C,8,Lariat,-4.51,,,,1.9467,0.745,1,1.0,0.5608009
706,2013_CHUGAI,2013,DP-741,706,CC(C)C[C@@H]1NC(=O)[C@H](CC(C)C)N(C)C(=O)[C@H](C)N(C)C(=O)[C@H]([C@@H](C)O)NC(=O)[C@H](Cc2ccccc2)N(C)C(=O)[C@@H](C)NC(=O)C[C@@H](C(=O)N2CCCCC2)NC1=O,8,Lariat,-5.0,,,,0.5783,0.5,1,1.0,0.57049537
707,2013_CHUGAI,2013,DP-742,707,CC(C)C[C@@H]1NC(=O)[C@H]([C@@H](C)O)NC(=O)[C@H](CC(C)C)N(C)C(=O)[C@H](Cc2ccccc2)N(C)C(=O)CN(C)C(=O)[C@@H](C)NC(=O)C[C@@H](C(=O)N2CCCCC2)NC1=O,8,Lariat,-4.82,,,,0.1898,0.59,1,1.0,0.55993414
708,2013_CHUGAI,2013,DP-743,708,CC(C)C[C@H]1C(=O)N[C@@H](COC(C)(C)C)C(=O)N(C)[C@@H](Cc2ccccc2)C(=O)N(C)[C@@H](CC(C)C)C(=O)N[C@H](C(=O)N2CCCCC2)CC(=O)N(C)CC(=O)N[C@@H]([C@@H](C)O)C(=O)N1C,8,Lariat,-4.8,,,,1.3272,0.6,1,1.0,0.56167597
709,2013_CHUGAI,2013,DP-744,709,CC(C)C[C@@H]1NC(=O)[C@H](CC(C)C)N(C)C(=O)CN(C)C(=O)[C@H]([C@@H](C)O)NC(=O)[C@H](C)N(C)C(=O)C[C@@H](C(=O)N2CCCCC2)NC(=O)[C@H](Cc2ccccc2)N(C)C1=O,8,Lariat,-4.92,,,,0.532,0.54,1,1.0,0.5637241
710,2013_CHUGAI,2013,DP-745,710,CC(C)C[C@@H]1NC(=O)C[C@@H](C(=O)N2CCCCC2)NC(=O)[C@H]([C@@H](C)O)NC(=O)[C@H](CC(C)C)N(C)C(=O)CN(C)C(=O)[C@H](Cc2ccccc2)N(C)C(=O)[C@H](C)N(C)C1=O,8,Lariat,-4.77,,,,0.532,0.615,1,1.0,0.5686543
711,2013_CHUGAI,2013,DP-746,711,CC(C)C[C@H]1C(=O)N[C@@H](COC(C)(C)C)C(=O)N(C)[C@@H](Cc2ccccc2)C(=O)N(C)[C@@H](CC(C)C)C(=O)N[C@H](C(=O)N2CCCCC2)CC(=O)N(C)CCC(=O)N[C@@H]([C@@H](C)O)C(=O)N1C,8,Lariat,-4.33,,,,1.7173,0.835,1,1.0,0.5273061
712,2013_CHUGAI,2013,DP-747,712,CC(C)C[C@H]1C(=O)N[C@@H]([C@@H](C)O)C(=O)N[C@@H](COC(C)(C)C)C(=O)N[C@H](C(=O)N2CCCCC2)CC(=O)N(C)CCC(=O)N(C)[C@@H](Cc2ccccc2)C(=O)N(C)[C@@H](CC(C)C)C(=O)N1C,8,Lariat,-4.7,,,,1.7173,0.65,1,1.0,0.54592633
713,2013_CHUGAI,2013,DP-748,713,CC(C)C[C@H]1C(=O)N[C@@H](COC(C)(C)C)C(=O)N[C@@H]([C@@H](C)O)C(=O)N(C)[C@@H](Cc2ccccc2)C(=O)N(C)[C@@H](CC(C)C)C(=O)N[C@H](C(=O)N2CCCCC2)CC(=O)N[C@@H](C(C)C)C(=O)N1C,8,Lariat,-4.35,,,,2.0096,0.825,1,1.0,0.5403246
714,2013_CHUGAI,2013,DP-749,714,CC(C)C[C@H]1C(=O)N[C@@H]([C@@H](C)O)C(=O)N(C)[C@@H](Cc2ccccc2)C(=O)N[C@@H](COC(C)(C)C)C(=O)N[C@H](C(=O)N2CCCCC2)CC(=O)N[C@@H](C(C)C)C(=O)N(C)CC(=O)N1C,8,Lariat,-4.77,,,,0.5949,0.615,1,1.0,0.5788478
715,2013_CHUGAI,2013,DP-750,715,CC(C)C[C@H]1C(=O)N[C@H](C(=O)N2CCCCC2)CC(=O)N(C)CCC(=O)N[C@@H]([C@@H](C)O)C(=O)N(C)CC(=O)N[C@@H](COC(C)(C)C)C(=O)N(C)[C@@H](Cc2ccccc2)C(=O)N1C,8,Lariat,-4.89,,,,0.3026,0.555,1,1.0,0.559819
716,2013_CHUGAI,2013,DP-751,716,CC(C)C[C@@H]1NC(=O)[C@H](Cc2ccccc2)N(C)C(=O)[C@H](Cc2ccccc2)N(C)C(=O)[C@H]([C@@H](C)O)NC(=O)CN(C)C(=O)[C@H](C)NC(=O)C[C@@H](C(=O)N2CCCCC2)NC1=O,8,Lariat,-4.74,,,,0.3864,0.63,1,1.0,0.5608481
759,2013_CHUGAI,2013,DP-794,759,CC(C)C[C@H]1C(=O)NCC(=O)N[C@@H](C)CC(=O)N(C)CCC(=O)N[C@@H]([C@@H](C)O)C(=O)N(C)[C@@H](C)C(=O)N[C@@H](COC(C)(C)C)C(=O)N(C)[C@@H](Cc2ccccc2)C(=O)N1C,8,Circle,-5.43,,,,-0.1853,0.285,1,1.0,0.56019664
760,2013_CHUGAI,2013,DP-795,760,CC(C)C[C@H]1C(=O)N(C)[C@@H](CC(C)C)C(=O)N[C@@H](C)CC(=O)N(C)CCCC(=O)N(C)[C@@H](Cc2ccccc2)C(=O)N[C@@H]([C@@H](C)O)C(=O)N(C)CC(=O)N[C@@H](COC(C)(C)C)C(=O)N1C,8,Circle,-4.72,,,,1.5732,0.64,1,1.0,0.56102914
761,2013_CHUGAI,2013,DP-796,761,CC(C)C[C@H]1C(=O)N(C)[C@@H](Cc2ccccc2)C(=O)N[C@@H](C)CC(=O)N[C@H](C(C)C)C(=O)N[C@@H](C)C(=O)N[C@@H]([C@@H](C)O)C(=O)N(C)[C@@H](C)C(=O)N[C@@H](Cc2ccccc2)C(=O)N1C,8,Circle,-4.7,,,,0.9231,0.65,1,1.0,0.5582071
762,2013_CHUGAI,2013,DP-797,762,CC(C)C[C@H]1C(=O)N[C@@H](C)CC(=O)N(C)[C@H](C)C(=O)N(C)[C@@H](Cc2ccccc2)C(=O)N(C)[C@@H](CC(C)C)C(=O)N[C@@H]([C@@H](C)O)C(=O)N(C)CC(=O)N[C@@H](COC(C)(C)C)C(=O)N1C,8,Circle,-4.59,,,,1.1815,0.705,1,1.0,0.56122774
763,2013_CHUGAI,2013,DP-798,763,CC(C)C[C@@H]1NC(=O)[C@H](C)NC(=O)C[C@H](C)NC(=O)[C@H](Cc2ccccc2)N(C)C(=O)[C@H](CC(C)C)N(C)C(=O)[C@H](C)NC(=O)[C@H](Cc2ccccc2)N(C)C(=O)[C@H](CC(C)C)N(C)C1=O,8,Circle,-4.16,,,,3.3207,0.92,1,1.0,0.5636439
790,2013_CHUGAI,2013,DP-825,790,CC(C)C[C@@H]1NC(=O)[C@@H](C(C)C)NC(=O)C[C@H](C)NC(=O)[C@H](CC(C)C)N(C)C(=O)[C@H](CC(C)C)N(C)C(=O)[C@H](Cc2ccc(C(F)(F)F)cc2)NC(=O)[C@H](C)N(C)C(=O)[C@H]([C@@H](C)O)NC1=O,8,Circle,-4.41,,,,2.7715,0.795,1,1.0,0.5445472
791,2013_CHUGAI,2013,DP-826,791,CC[C@H](C)[C@H]1C(=O)N[C@@H](C)CC(=O)N(C)[C@H](C)C(=O)N(C)[C@@H](CC(C)C)C(=O)N[C@@H]([C@@H](C)O)C(=O)N(C)CC(=O)N[C@@H](COC(C)(C)C)C(=O)N(C)[C@@H](CC(C)C)C(=O)N1C,8,Circle,-4.52,,,,0.9849,0.74,1,1.0,0.56552625
809,2013_CHUGAI,2013,DP-844,809,CC(C)C[C@H]1C(=O)N[C@H](C(=O)N2CCCCC2)Cc2cccc(c2)CCCCC(=O)N(C)[C@@H](Cc2ccccc2)C(=O)NCC(=O)N(C)[C@@H](Cc2ccccc2)C(=O)N(C)[C@@H](CC(C)C)C(=O)N(C)[C@@H](CC(C)C)C(=O)N1C,8,Lariat,-4.96,,,,6.3277,0.52,1,1.0,0.5358885
1864,2017_Pye,2017,cpd.8.1,1864,CC(C)C[C@H]1C(=O)N(C)[C@H](CC(C)C)C(=O)N(C)[C@H](CC(C)C)C(=O)N(C)[C@@H](CC(C)C)C(=O)N(C)[C@H](CC(C)C)C(=O)N2CCC[C@@H]2C(=O)N(C)[C@@H](Cc2ccc(O)cc2)C(=O)N(C)[C@H](CC(C)C)C(=O)N1C,8,Circle,-7.48,,,-7.0,6.0049,-0.74,0,0.0,0.55110556
1865,2017_Pye,2017,cpd.8.2,1865,CC(C)C[C@H]1C(=O)N(C)[C@H](C)C(=O)N2CCC[C@@H]2C(=O)N(C)[C@@H](Cc2ccc(O)cc2)C(=O)N(C)[C@H](CC(C)C)C(=O)N(C)[C@@H](C)C(=O)N(C)[C@H](CC(C)C)C(=O)N(C)[C@H](CC(C)C)C(=O)N1C,8,Circle,-4.72,,,-5.56,3.9525,0.64,1,1.0,0.56779754
1866,2017_Pye,2017,cpd.8.3,1866,CC(C)C[C@H]1C(=O)N(C)[C@H](C)C(=O)N(C)[C@H](CC(C)C)C(=O)N(C)[C@@H](C)C(=O)N(C)[C@H](C)C(=O)N2CCC[C@@H]2C(=O)N(C)[C@@H](Cc2ccc(O)cc2)C(=O)N(C)[C@H](C)C(=O)N1C,8,Circle,-6.0,,,-6.42,1.9001,0.0,0,0.5,0.5527174
1867,2017_Pye,2017,cpd.8.4,1867,C[C@H]1C(=O)N(C)[C@H](C)C(=O)N(C)[C@H](C)C(=O)N(C)[C@@H](C)C(=O)N(C)[C@H](C)C(=O)N2CCC[C@@H]2C(=O)N(C)[C@@H](Cc2ccc(O)cc2)C(=O)N(C)[C@H](C)C(=O)N1C,8,Circle,-7.64,,,-6.18,-0.1523,-0.82,0,0.0,0.5753378
1868,2017_Pye,2017,cpd.8.5,1868,CC(C)C[C@H]1C(=O)N(C)[C@H](CC(C)C)C(=O)N2CCC[C@@H]2C(=O)N(C)[C@@H](Cc2ccc(O)cc2)C(=O)N(C)[C@H](C)C(=O)N(C)[C@@H](C)C(=O)N(C)[C@H](CC(C)C)C(=O)N(C)[C@H](CC(C)C)C(=O)N1C,8,Circle,-5.1,,,-4.99,3.9525,0.45,1,1.0,0.5674027
1869,2017_Pye,2017,cpd.8.6,1869,CC(C)C[C@H]1C(=O)N(C)[C@H](CC(C)C)C(=O)N2CCC[C@@H]2C(=O)N(C)[C@@H](Cc2ccc(O)cc2)C(=O)N(C)[C@H](CC(C)C)C(=O)N(C)[C@@H](CC(C)C)C(=O)N(C)[C@H](C)C(=O)N(C)[C@H](C)C(=O)N1C,8,Circle,-5.4,,,-5.35,3.9525,0.3,1,1.0,0.55756605
1870,2017_Pye,2017,cpd.8.7,1870,CC(C)C[C@H]1C(=O)N(C)[C@H](CC(C)C)C(=O)N(C)[C@H](CC(C)C)C(=O)N(C)[C@@H](C)C(=O)N(C)[C@H](C)C(=O)N2CCC[C@@H]2C(=O)N(C)[C@@H](Cc2ccc(O)cc2)C(=O)N(C)[C@H](CC(C)C)C(=O)N1C,8,Circle,-5.22,,,-5.14,3.9525,0.39,1,1.0,0.55016696
1871,2017_Pye,2017,cpd.8.8,1871,CC(C)C[C@H]1C(=O)N(C)[C@H](CC(C)C)C(=O)N(C)[C@H](CC(C)C)C(=O)N(C)[C@@H](CC(C)C)C(=O)N(C)[C@H](C)C(=O)N2CCC[C@@H]2C(=O)N(C)[C@@H](Cc2ccc(O)cc2)C(=O)N(C)[C@H](C)C(=O)N1C,8,Circle,-4.96,,,-5.05,3.9525,0.52,1,1.0,0.5546535
1872,2017_Pye,2017,cpd.8.9,1872,CC(C)C[C@@H]1C(=O)N(C)[C@H](CC(C)C)C(=O)N(C)[C@@H](C)C(=O)N(C)[C@H](CC(C)C)C(=O)N2CCC[C@@H]2C(=O)N(C)[C@@H](Cc2ccc(O)cc2)C(=O)N(C)[C@H](CC(C)C)C(=O)N(C)[C@@H](C)C(=O)N1C,8,Circle,-4.72,,,-4.9,3.9525,0.64,1,1.0,0.5468682
1873,2017_Pye,2017,cpd.8.10,1873,CC(C)C[C@H]1C(=O)N(C)[C@H](CC(C)C)C(=O)N2CCC[C@@H]2C(=O)N(C)[C@@H](Cc2ccc(O)cc2)C(=O)N(C)[C@H](CC(C)C)C(=O)N(C)[C@@H](C)C(=O)N(C)[C@H](CC(C)C)C(=O)N(C)[C@H](C)C(=O)N1C,8,Circle,-4.62,,,-5.01,3.9525,0.69,1,1.0,0.56130433
1874,2017_Pye,2017,cpd.8.11,1874,CCCC[C@@H]1C(=O)N(C)[C@@H](C)C(=O)N(C)[C@H](C)C(=O)N2CCC[C@@H]2C(=O)N(C)[C@@H](Cc2ccc(O)cc2)C(=O)N(C)[C@H](CC)C(=O)N(C)[C@@H](C)C(=O)N(C)[C@H](C)C(=O)N1C,8,Circle,-6.62,,,-6.66,1.4081,-0.31,0,0.0,0.5729746
1875,2017_Pye,2017,cpd.8.12,1875,CCCC[C@H]1C(=O)N(C)[C@H](CC)C(=O)N(C)[C@H](CCCC)C(=O)N(C)[C@@H](CCCC)C(=O)N(C)[C@H](C)C(=O)N2CCC[C@@H]2C(=O)N(C)[C@@H](Cc2ccc(O)cc2)C(=O)N(C)[C@H](CC)C(=O)N1C,8,Circle,-5.48,,,-5.4,4.1388,0.26,1,1.0,0.55526453
1876,2017_Pye,2017,cpd.8.13,1876,CCC[C@H]1C(=O)N(C)[C@H](CCC)C(=O)N(C)[C@H](CCC)C(=O)N(C)[C@@H](CCC)C(=O)N(C)[C@H](CCC)C(=O)N2CCC[C@@H]2C(=O)N(C)[C@@H](Cc2ccc(O)cc2)C(=O)N(C)[C@H](CC)C(=O)N1C,8,Circle,-5.4,,,-5.14,4.1388,0.3,1,1.0,0.5454261
1877,2017_Pye,2017,cpd.8.14,1877,CCCC[C@H]1C(=O)N(C)[C@H](CCCC)C(=O)N(C)[C@H](CCCC)C(=O)N(C)[C@@H](CCCC)C(=O)N(C)[C@H](CCCC)C(=O)N2CCC[C@@H]2C(=O)N(C)[C@@H](Cc2ccc(O)cc2)C(=O)N(C)[C@H](CC)C(=O)N1C,8,Circle,-8.0,,,-7.0,6.0893,-1.0,0,0.0,0.5251932
2376,2018_Ramalho,2018,ribifolin (1),2376,CC[C@H](C)[C@@H]1NC(=O)CNC(=O)[C@H](CC(C)C)NC(=O)[C@H]([C@@H](C)CC)NC(=O)[C@H]([C@@H](C)CC)NC(=O)[C@H](CO)NC(=O)CNC(=O)[C@H](CC(C)C)NC1=O,8,Circle,-10.0,-10.0,,,-0.636,-1.0,0,0.0,0.5655986
2377,2018_Ramalho,2018,[NMe-ILG]-ribifolin (3),2377,CC[C@H](C)[C@@H]1NC(=O)[C@H]([C@@H](C)CC)N(C)C(=O)[C@H](CO)NC(=O)CN(C)C(=O)[C@H](CC(C)C)N(C)C(=O)[C@H]([C@@H](C)CC)NC(=O)CNC(=O)[C@H](CC(C)C)NC1=O,8,Circle,-6.66,-10.0,,,0.3906,-0.33,0,0.0,0.5674574
2378,2018_Ramalho,2018,[NMe-G]-ribifolin(4),2378,CC[C@H](C)[C@@H]1NC(=O)CNC(=O)[C@H](CC(C)C)NC(=O)[C@H]([C@@H](C)CC)NC(=O)[C@H]([C@@H](C)CC)NC(=O)[C@H](CO)NC(=O)CN(C)C(=O)[C@H](CC(C)C)NC1=O,8,Circle,-10.0,-10.0,,,-0.2938,-1.0,0,0.0,0.55816853
2379,2018_Ramalho,2018,[NMe-S]-ribifolin (5),2379,CC[C@H](C)[C@@H]1NC(=O)CNC(=O)[C@H](CC(C)C)NC(=O)[C@H]([C@@H](C)CC)NC(=O)[C@H]([C@@H](C)CC)NC(=O)[C@H](CO)N(C)C(=O)CNC(=O)[C@H](CC(C)C)NC1=O,8,Circle,-10.0,-10.0,,,-0.2938,-1.0,0,0.0,0.57273203
2380,2018_Ramalho,2018,[NMe-SG]-ribifolin (6),2380,CC[C@H](C)[C@@H]1NC(=O)CNC(=O)[C@H](CC(C)C)NC(=O)[C@H]([C@@H](C)CC)NC(=O)[C@H]([C@@H](C)CC)NC(=O)[C@H](CO)N(C)C(=O)CN(C)C(=O)[C@H](CC(C)C)NC1=O,8,Circle,-10.0,-10.0,,,0.0484,-1.0,0,0.0,0.55730593
2381,2018_Ramalho,2018,pohlianin C (7),2381,CC[C@H](C)[C@@H]1NC(=O)[C@H]([C@@H](C)CC)NC(=O)[C@H]([C@@H](C)O)NC(=O)CNC(=O)CNC(=O)[C@H](Cc2ccccc2)NC(=O)CNC(=O)[C@H](Cc2ccccc2)NC1=O,8,Circle,-10.0,-10.0,,,-1.269,-1.0,0,0.0,0.5727245
2382,2018_Ramalho,2018,[NMe-FGGG]-pohlianin C (9),2382,CC[C@H](C)[C@@H]1NC(=O)[C@H]([C@@H](C)O)NC(=O)CN(C)C(=O)CN(C)C(=O)[C@H](Cc2ccccc2)NC(=O)CN(C)C(=O)[C@H](Cc2ccccc2)N(C)C(=O)[C@H]([C@@H](C)CC)NC1=O,8,Circle,-10.0,-10.0,,,0.0998,-1.0,0,0.0,0.55470717
2383,2018_Ramalho,2018,[NMe-IFG]-pohlianin C (10),2383,CC[C@H](C)[C@@H]1NC(=O)[C@H]([C@@H](C)O)NC(=O)CN(C)C(=O)CNC(=O)[C@H](Cc2ccccc2)NC(=O)CNC(=O)[C@H](Cc2ccccc2)N(C)C(=O)[C@H]([C@@H](C)CC)N(C)C1=O,8,Circle,-10.0,-10.0,,,-0.2424,-1.0,0,0.0,0.563012
2384,2018_Ramalho,2018,[NMe-FG]-pohlianin C (11),2384,CC[C@H](C)[C@@H]1NC(=O)[C@H]([C@@H](C)O)NC(=O)CN(C)C(=O)CNC(=O)[C@H](Cc2ccccc2)NC(=O)CNC(=O)[C@H](Cc2ccccc2)N(C)C(=O)[C@H]([C@@H](C)CC)NC1=O,8,Circle,-10.0,-10.0,,,-0.5846,-1.0,0,0.0,0.55705285
2385,2018_Ramalho,2018,jatrophidin (12),2385,CC(C)C[C@@H]1NC(=O)CNC(=O)[C@@H]2CCCN2C(=O)CNC(=O)[C@H](Cc2c[nH]c3ccccc23)NC(=O)[C@H](CC(C)C)NC(=O)[C@H](CC(N)=O)NC(=O)[C@H](CC(C)C)NC1=O,8,Circle,-10.0,-10.0,,,-0.6149,-1.0,0,0.0,0.5593792
7234,2022_Bhardwaj,2022,D8.1,7234,CC(C)C[C@@H]1NC(=O)[C@@H]2CCCN2C(=O)[C@@H](C)NC(=O)[C@H](CC(C)C)NC(=O)[C@@H](CC(C)C)NC(=O)[C@H]2CCCN2C(=O)[C@H](CC(C)C)NC(=O)[C@@H](CC(C)C)NC1=O,8,Circle,-5.16,-4.63,,,2.1412,0.42,1,1.0,0.56242895
7235,2022_Bhardwaj,2022,D8.2,7235,CC[C@@H](C)[C@H]1NC(=O)[C@@H](CC(C)C)NC(=O)C(C)(C)NC(=O)[C@@H]2CCCN2C(=O)[C@@H]([C@H](C)CC)NC(=O)[C@@H](CC(C)C)NC(=O)C(C)(C)NC(=O)[C@@H]2CCCN2C1=O,8,Circle,-5.13,-4.93,,,1.8952,0.435,1,1.0,0.56649333
7236,2022_Bhardwaj,2022,D8.3,7236,CC[C@@H](C)[C@H]1NC(=O)[C@@H](CC(C)C)NC(=O)[C@@H](CC(C)C)N(C)C(=O)[C@@H]2CCCN2C(=O)[C@@H](C(C)C)NC(=O)[C@@H](CC(C)C)NC(=O)[C@@H](CC(C)C)N(C)C(=O)[C@@H]2CCCN2C1=O,8,Circle,-5.34,-5.14,,,3.4617,0.33,1,1.0,0.55538356
7237,2022_Bhardwaj,2022,D8.4,7237,CC(C)C[C@H]1NC(=O)[C@@H](CC(C)C)N(C)C(=O)[C@@H]2CCCN2C(=O)[C@H]2CCCN2C(=O)[C@@H](CC(C)C)NC(=O)[C@@H](CC(C)C)N(C)C(=O)[C@@H]2CCCN2C(=O)[C@H]2CCCN2C1=O,8,Circle,-6.87,,,,2.772,-0.435,0,0.0,0.57729226
7238,2022_Bhardwaj,2022,D8.5,7238,CC(C)C[C@@H]1NC(=O)[C@H](Cc2ccccc2)NC(=O)[C@@H](CC(C)C)NC(=O)[C@H]2CCCN2C(=O)[C@H](C(C)C)NC(=O)[C@@H](CC(C)C)NC(=O)[C@H]2CCCN2C(=O)[C@@H]2CCCN2C1=O,8,Circle,-5.24,-4.67,,,2.434,0.38,1,1.0,0.55890965
7239,2022_Bhardwaj,2022,D8.6,7239,CC(C)C[C@@H]1NC(=O)[C@H]2CCCN2C(=O)[C@@H]2CCCN2C(=O)[C@H](CC(C)C)NC(=O)[C@@H](CC(C)C)NC(=O)[C@@H](C)N(C)C(=O)[C@@H](C)N(C)C(=O)[C@@H](C(C)C)NC1=O,8,Circle,-5.47,-6.13,,,1.4093,0.265,1,1.0,0.5746179
7240,2022_Bhardwaj,2022,D8.7,7240,CC(C)C[C@@H]1NC(=O)[C@@H](CC(C)C)N(C)C(=O)[C@@H](CC(C)C)N(C)C(=O)[C@@H](CC(C)C)N(C)C(=O)[C@H](CC(C)C)NC(=O)[C@@H]2CCCN2C(=O)[C@H]2CCCN2C(=O)[C@H](Cc2ccccc2)NC1=O,8,Circle,-5.9,,,,4.3906,0.05,1,0.525,0.5401252
7241,2022_Bhardwaj,2022,D8.8,7241,CC[C@@H](C)[C@H]1NC(=O)[C@@H](CC(C)C)N(C)C(=O)[C@@H]2CCCN2C(=O)[C@@H]([C@H](C)CC)NC(=O)[C@@H](CC(C)C)NC(=O)[C@@H](CC(C)C)N(C)C(=O)[C@@H]2CCCN2C(=O)[C@@H](C(C)C)NC1=O,8,Circle,-5.23,-4.64,,,3.4617,0.385,1,1.0,0.556791
7242,2022_Bhardwaj,2022,D8.10,7242,CC(C)C[C@H]1C(=O)N(C)[C@H](CC(C)C)C(=O)N[C@H](CC(C)C)C(=O)N2CCC[C@@H]2C(=O)N2CCC[C@@H]2C(=O)N(C)[C@@H](C)C(=O)N[C@H](Cc2ccccc2)C(=O)N[C@@H](C)C(=O)N1C,8,Circle,-5.91,-5.41,,,2.3382,0.045,1,0.5225,0.5662057
7243,2022_Bhardwaj,2022,D8.12,7243,CC(C)C[C@H]1NC(=O)[C@@H]2CCCN2C(=O)[C@H]2CCCN2C(=O)[C@H](C(C)C)NC(=O)[C@@H](CC(C)C)NC(=O)[C@@H]2CCCN2C(=O)[C@H]2CCCN2C(=O)[C@H](C(C)C)NC1=O,8,Circle,-6.74,,,,1.3074,-0.37,0,0.0,0.58158624
7244,2022_Bhardwaj,2022,D8.14,7244,CC[C@H](C)[C@@H]1NC(=O)[C@@H]2CCCN2C(=O)[C@H]2CCCN2C(=O)[C@@H](CC(C)C)NC(=O)[C@@H](CC(C)C)N(C)C(=O)[C@@H]2CCCN2C(=O)[C@H](Cc2ccccc2)N(C)C(=O)[C@@H](Cc2ccccc2)NC1=O,8,Circle,-6.01,,,,3.7051,-0.005,0,0.4975,0.5515762
7245,2022_Bhardwaj,2022,D8.15,7245,CC[C@H](C)[C@@H]1NC(=O)[C@@H]2CCCN2C(=O)CN(C)C(=O)[C@@H](CC(C)C)NC(=O)[C@@H](CC(C)C)N(C)C(=O)[C@@H]2CCCN2C(=O)[C@H](Cc2ccccc2)N(C)C(=O)[C@@H](Cc2ccccc2)NC1=O,8,Circle,-6.11,,,,3.1725,-0.055,0,0.4725,0.54827935
7246,2022_Bhardwaj,2022,D8.16,7246,CC[C@H](C)[C@@H]1NC(=O)[C@@H](C(C)C)NC(=O)[C@H](CC(C)C)N(C)C(=O)[C@H]2CCCN2C(=O)[C@H]2CCCN2C(=O)[C@H](C(C)C)NC(=O)[C@@H](CC(C)C)NC(=O)[C@H]2CCCN2C1=O,8,Circle,-5.67,,,,2.1895,0.165,1,0.5825,0.57154006
7247,2022_Bhardwaj,2022,D8.17,7247,CC[C@H](C)[C@@H]1NC(=O)[C@@H](C)N(C)C(=O)[C@H]2CCCN2C(=O)[C@H]2CCCN2C(=O)[C@H](Cc2ccccc2)NC(=O)[C@@H](CC(C)C)NC(=O)[C@@H](CC(C)C)N(C)C(=O)[C@@H]2CCCN2C1=O,8,Circle,-6.14,,,,2.4823,-0.07,0,0.465,0.5605531
7248,2022_Bhardwaj,2022,D8.18,7248,CC[C@@H](C)[C@H]1NC(=O)[C@@H]2CCCN2C(=O)[C@@H](CC(C)C)N(C)C(=O)[C@@H](C(C)C)NC(=O)[C@@H]2CCCN2C(=O)[C@@H](CC(C)C)N(C)C(=O)[C@H](C)N(C)C(=O)[C@@H](C)NC1=O,8,Circle,-5.98,,,,1.7515,0.01,1,0.505,0.5706501
7249,2022_Bhardwaj,2022,D8.19,7249,CC(C)C[C@H]1C(=O)N2CCC[C@@H]2C(=O)N[C@H](CC(C)C)C(=O)N[C@H](CC(C)C)C(=O)N2CCC[C@@H]2C(=O)N[C@H](C(C)C)C(=O)N[C@H](Cc2ccccc2)C(=O)N(C)[C@H](C)C(=O)N1C,8,Circle,-5.54,,,,2.6321,0.23,1,0.615,0.5629937
7250,2022_Bhardwaj,2022,D8.20,7250,CC(C)C[C@H]1C(=O)N[C@H](C(C)C)C(=O)N[C@H](C)C(=O)N2CCC[C@@H]2C(=O)N2CCC[C@H]2C(=O)N[C@H](C)C(=O)N(C)[C@H](CC(C)C)C(=O)N(C)[C@H](Cc2ccccc2)C(=O)N1C,8,Circle,-5.97,,,,1.9481,0.015,1,0.5075,0.57182115
7251,2022_Bhardwaj,2022,D8.21,7251,CC(C)C[C@@H]1NC(=O)[C@H]2CCCN2C(=O)[C@H](CC(C)C)N(C)C(=O)[C@@H](C(C)C)NC(=O)[C@H](CC(C)C)NC(=O)[C@H]2CCCN2C(=O)[C@H](CC(C)C)N(C)C(=O)[C@@H](C(C)C)NC1=O,8,Circle,-5.69,-4.95,,,3.0716,0.155,1,0.5775,0.5567378
7252,2022_Bhardwaj,2022,D8.22,7252,CC(C)C[C@H]1C(=O)N(C)[C@H](CC(C)C)C(=O)N[C@@H](C(C)C)C(=O)N[C@@H](C)C(=O)N2CCC[C@H]2C(=O)N2CCC[C@@H]2C(=O)N[C@@H](C(C)C)C(=O)N[C@@H](C)C(=O)N1C,8,Circle,-6.67,,,,1.0192,-0.335,0,0.0,0.56837106
7253,2022_Bhardwaj,2022,D8.23,7253,CC(C)C[C@H]1NC(=O)[C@@H]2CCCN2C(=O)[C@H]2CCCN2C(=O)[C@H](C(C)C)NC(=O)[C@@H](CC(C)C)NC(=O)[C@@H](CC(C)C)N(C)C(=O)[C@@H](CC(C)C)N(C)C(=O)[C@H](C(C)C)NC1=O,8,Circle,-5.89,,,,3.0716,0.055,1,0.5275,0.55306864
7254,2022_Bhardwaj,2022,D8.25,7254,CC(C)C[C@H]1NC(=O)[C@H]2CCCN2C(=O)[C@@H](CC(C)C)N(C)C(=O)[C@@H](C)NC(=O)[C@@H](CC(C)C)N(C)C(=O)[C@H]2CCCN2C(=O)[C@@H](CC(C)C)NC(=O)[C@H](C)NC1=O,8,Circle,-6.08,,,,1.7994,-0.04,0,0.48,0.5693918
7255,2022_Bhardwaj,2022,D8.26,7255,CC[C@H](C)[C@@H]1NC(=O)[C@H]2CCCN2C(=O)[C@@H]2CCCN2C(=O)[C@@H](C(C)C)NC(=O)[C@@H](C)N(C)C(=O)[C@H](C)N(C)C(=O)[C@@H](CC(C)C)N(C)C(=O)[C@@H](C(C)C)NC1=O,8,Circle,-6.59,-6.19,,,1.3614,-0.295,0,0.0,0.587974
7256,2022_Bhardwaj,2022,D8.27,7256,CC[C@H](C)[C@@H]1NC(=O)[C@H](CC(C)C)N(C)C(=O)[C@H]2CCCN2C(=O)[C@H]2CCCN2C(=O)[C@H](Cc2ccccc2)NC(=O)[C@@H](CC(C)C)NC(=O)[C@H]2CCCN2C(=O)[C@@H]2CCCN2C1=O,8,Circle,-6.55,,,,2.6264,-0.275,0,0.0,0.55785495
7257,2022_Bhardwaj,2022,D8.28,7257,CC[C@H](C)[C@@H]1NC(=O)[C@@H](CC(C)C)N(C)C(=O)[C@H](CC(C)C)N(C)C(=O)[C@H](C)NC(=O)[C@H]2CCCN2C(=O)[C@@H]2CCCN2C(=O)[C@@H]2CCCN2C(=O)[C@@H](C(C)C)NC1=O,8,Circle,-5.94,,,,1.8956,0.03,1,0.515,0.56942576
7258,2022_Bhardwaj,2022,D8.29,7258,CSCC[C@@H]1NC(=O)[C@@H]2CCCN2C(=O)[C@@H](C(C)C)NC(=O)[C@@H](C)N(C)C(=O)[C@@H](CC(C)C)NC(=O)[C@@H](CC(C)C)NC(=O)[C@@H]2CCCN2C(=O)[C@H]2CCCN2C1=O,8,Circle,-6.44,,,,1.2604,-0.22,0,0.39,0.5558052
7259,2022_Bhardwaj,2022,D8.30,7259,CC(C)C[C@@H]1NC(=O)[C@H](CC(C)C)N(C)C(=O)[C@H]2CCCN2C(=O)[C@@H](C)NC(=O)[C@@H](C)N(C)C(=O)[C@@H](C(C)C)NC(=O)[C@@H](CC(C)C)N(C)C(=O)[C@@H]2CCCN2C1=O,8,Circle,-5.36,-5.4,,,1.7515,0.32,1,1.0,0.57145584
7260,2022_Bhardwaj,2022,D8.31,7260,CC(C)C[C@@H]1C(=O)N[C@H](C(C)C)C(=O)N[C@H](C)C(=O)N2CCC[C@@H]2C(=O)N(C)[C@H](CC(C)C)C(=O)N[C@H](C(C)C)C(=O)N[C@H](C)C(=O)N2CCC[C@@H]2C(=O)N1C,8,Circle,-5.61,-6.03,,,1.0192,0.195,1,0.5975,0.57062155
7261,2022_Bhardwaj,2022,D8.32,7261,CC(C)C[C@H]1C(=O)N[C@H](CC(C)C)C(=O)N2CCC[C@@H]2C(=O)N2CCC[C@H]2C(=O)N(C)[C@H](CC(C)C)C(=O)N[C@H](CC(C)C)C(=O)N2CCC[C@@H]2C(=O)N2CCC[C@@H]2C(=O)N1C,8,Circle,-5.27,-5.56,,,2.772,0.365,1,1.0,0.5565939
7262,2022_Bhardwaj,2022,D8.33,7262,CC[C@@H](C)[C@H]1NC(=O)[C@H]2CCCN2C(=O)[C@@H]2CCCN2C(=O)[C@@H]([C@H](C)CC)NC(=O)[C@@H](Cc2ccccc2)NC(=O)[C@@H](Cc2ccccc2)N(C)C(=O)[C@@H]2CCCN2C(=O)[C@@H](C(C)C)NC1=O,8,Circle,-5.17,-4.72,,,2.9728,0.415,1,1.0,0.5498587
529,2013_CHUGAI,2013,DP-521,529,CC(C)C[C@H]1C(=O)N(C)[C@@H](Cc2ccccc2)C(=O)N[C@H](C(=O)N2CCCCC2)CC(=O)N(C)CC(=O)N[C@@H]([C@@H](C)O)C(=O)N(C)[C@@H](C)C(=O)N[C@@H](COC(C)(C)C)C(=O)N(C)[C@@H](Cc2ccccc2)C(=O)N1C,9,Lariat,-4.36,,,,1.3707,0.82,1,1.0,0.54172367
530,2013_CHUGAI,2013,DP-522,530,CC(C)C[C@H]1C(=O)NCC(=O)N[C@H](C(=O)N2CCCCC2)CC(=O)N(C)CCC(=O)N[C@@H]([C@@H](C)O)C(=O)N(C)[C@@H](C)C(=O)N[C@@H](COC(C)(C)C)C(=O)N(C)[C@@H](Cc2ccccc2)C(=O)N1C,9,Lariat,-5.28,,,,-0.1927,0.36,1,1.0,0.5548667
531,2013_CHUGAI,2013,DP-523,531,CC(C)C[C@H]1C(=O)N[C@@H](COC(C)(C)C)C(=O)N[C@H](C(=O)N2CCCCC2)CC(=O)N(C)[C@@H](C)C(=O)N(C)[C@@H](Cc2ccccc2)C(=O)N(C)[C@@H](CC(C)C)C(=O)N[C@@H]([C@@H](C)O)C(=O)N(C)CC(=O)N1C,9,Lariat,-4.7,,,,1.1741,0.65,1,1.0,0.5391607
532,2013_CHUGAI,2013,DP-524,532,CC(C)C[C@H]1C(=O)N[C@@H]([C@@H](C)O)C(=O)N(C)[C@@H](C)C(=O)N(C)[C@@H](CC(C)C)C(=O)N(C)[C@@H](Cc2ccccc2)C(=O)N[C@H](C(=O)N2CCCCC2)CC(=O)N(C)CCCC(=O)N(C)[C@@H](C)C(=O)N1C,9,Lariat,-4.8,,,,1.5013,0.6,1,1.0,0.54359084
533,2013_CHUGAI,2013,DP-525,533,CC(C)C[C@H]1C(=O)N(C)[C@@H](CC(C)C)C(=O)N[C@H](C(=O)N2CCCCC2)CC(=O)N(C)CCCC(=O)N(C)[C@@H](Cc2ccccc2)C(=O)N[C@@H]([C@@H](C)O)C(=O)N(C)CC(=O)N[C@@H](COC(C)(C)C)C(=O)N1C,9,Lariat,-4.66,,,,1.5658,0.67,1,1.0,0.52449733
534,2013_CHUGAI,2013,DP-526,534,CC(C)C[C@H]1C(=O)N(C)[C@@H](Cc2ccccc2)C(=O)N[C@H](C(=O)N2CCCCC2)CC(=O)N[C@H](C(C)C)C(=O)N[C@@H](C)C(=O)N[C@@H]([C@@H](C)O)C(=O)N(C)[C@@H](C)C(=O)N[C@@H](Cc2ccccc2)C(=O)N1C,9,Lariat,-4.85,,,,0.9157,0.575,1,1.0,0.5386372
535,2013_CHUGAI,2013,DP-527,535,CC(C)C[C@H]1C(=O)N[C@H](C(=O)N2CCCCC2)CC(=O)N(C)[C@H](C)C(=O)N(C)[C@@H](Cc2ccccc2)C(=O)N(C)[C@@H](CC(C)C)C(=O)N[C@@H]([C@@H](C)O)C(=O)N(C)CC(=O)N[C@@H](COC(C)(C)C)C(=O)N1C,9,Lariat,-4.96,,,,1.1741,0.52,1,1.0,0.5364997
536,2013_CHUGAI,2013,DP-528,536,CC(C)C[C@H]1C(=O)N[C@@H](COC(C)(C)C)C(=O)N[C@H](C(=O)N2CCCCC2)CC(=O)N[C@H](C)C(=O)N(C)[C@@H](Cc2ccccc2)C(=O)N(C)[C@@H](CC(C)C)C(=O)N[C@@H]([C@@H](C)O)C(=O)N(C)CC(=O)N1C,9,Lariat,-4.89,,,,0.8319,0.555,1,1.0,0.5370628
537,2013_CHUGAI,2013,DP-529,537,CC(C)C[C@H]1C(=O)N[C@@H](COC(C)(C)C)C(=O)N[C@H](C(=O)N2CCCCC2)CC(=O)N[C@H](C)C(=O)N(C)[C@@H](Cc2ccccc2)C(=O)N(C)[C@@H](CC(C)C)C(=O)N[C@@H]([C@@H](C)O)C(=O)N(C)[C@@H](C)C(=O)N1C,9,Lariat,-4.64,,,,1.2204,0.68,1,1.0,0.54829895
538,2013_CHUGAI,2013,DP-530,538,CC(C)C[C@@H]1NC(=O)[C@H](Cc2ccccc2)N(C)C(=O)[C@H]([C@@H](C)O)NC(=O)[C@H](Cc2ccccc2)N(C)C(=O)[C@H](C)N(C)C(=O)[C@H](C)NC(=O)C[C@@H](C(=O)N2CCCCC2)NC(=O)[C@@H]2CCCN2C1=O,9,Lariat,-4.96,,,,0.7659,0.52,1,1.0,0.5539743
641,2013_CHUGAI,2013,DP-673,641,CC(C)C[C@@H]1NC(=O)[C@H](C)NC(=O)C[C@@H](C(=O)N2CCCCC2)NC(=O)[C@H](Cc2ccccc2)N(C)C(=O)[C@H](CC(C)C)N(C)C(=O)[C@H](C)NC(=O)[C@H](Cc2ccccc2)N(C)C(=O)[C@H](CC(C)C)N(C)C1=O,9,Lariat,-4.52,,,,3.3133,0.74,1,1.0,0.54013026
647,2013_CHUGAI,2013,DP-682,647,CC(C)C[C@H]1C(=O)N[C@H](C(=O)N2CCCCC2)CC(=O)N(C)[C@H](C)C(=O)N(C)[C@@H](Cc2ccccc2)C(=O)N(C)[C@@H](CC(C)C)C(=O)N[C@@H]([C@@H](C)O)C(=O)N(C)[C@@H](C)C(=O)N[C@@H](COC(C)(C)C)C(=O)N1C,9,Lariat,-4.89,,,,1.5626,0.555,1,1.0,0.53333753
648,2013_CHUGAI,2013,DP-683,648,CC(C)C[C@H]1C(=O)N[C@H](C(=O)N2CCCCC2)CC(=O)N(C)[C@H](C)C(=O)N(C)[C@@H](Cc2ccccc2)C(=O)N(C)[C@@H](CC(C)C)C(=O)N[C@@H]([C@@H](C)O)C(=O)N(C)[C@@H](CC(C)C)C(=O)N[C@@H](COC(C)(C)C)C(=O)N1C,9,Lariat,-4.49,,,,2.5888,0.755,1,1.0,0.53966254
649,2013_CHUGAI,2013,DP-684,649,CC(C)C[C@H]1C(=O)N[C@H](C(=O)N2CCCCC2)CC(=O)N[C@H](C)C(=O)N(C)[C@@H](Cc2ccccc2)C(=O)N(C)[C@@H](CC(C)C)C(=O)N[C@@H]([C@@H](C)O)C(=O)N(C)[C@@H](CC(C)C)C(=O)N[C@@H](COC(C)(C)C)C(=O)N1C,9,Lariat,-4.64,,,,2.2466,0.68,1,1.0,0.53406864
650,2013_CHUGAI,2013,DP-685,650,CC(C)C[C@H]1C(=O)N(C)[C@@H](CC(C)C)C(=O)N[C@H](C(=O)N2CCCCC2)CC(=O)N(C)CCCC(=O)N(C)[C@@H](Cc2ccccc2)C(=O)N[C@@H]([C@@H](C)O)C(=O)N(C)[C@@H](C)C(=O)N[C@@H](COC(C)(C)C)C(=O)N1C,9,Lariat,-4.55,,,,1.9543,0.725,1,1.0,0.52753395
651,2013_CHUGAI,2013,DP-686,651,CC(C)C[C@H]1C(=O)N(C)[C@@H](CC(C)C)C(=O)N[C@H](C(=O)N2CCCCC2)CC(=O)N(C)CCCC(=O)N(C)[C@@H](Cc2ccccc2)C(=O)N[C@@H]([C@@H](C)O)C(=O)N(C)[C@@H](CC(C)C)C(=O)N[C@@H](COC(C)(C)C)C(=O)N1C,9,Lariat,-4.44,,,,2.9805,0.78,1,1.0,0.5236966
652,2013_CHUGAI,2013,DP-687,652,CC(C)C[C@@H]1NC(=O)[C@H](Cc2ccccc2)N(C)C(=O)[C@H]([C@@H](C)O)NC(=O)[C@H](Cc2ccccc2)N(C)C(=O)[C@H](C)N(C)C(=O)[C@H](C)N(C)C(=O)C[C@@H](C(=O)N2CCCCC2)NC(=O)[C@@H]2CCCN2C1=O,9,Lariat,-5.0,,,,1.1081,0.5,1,1.0,0.5422009
653,2013_CHUGAI,2013,DP-688,653,CC(C)C[C@@H]1NC(=O)[C@H](Cc2ccccc2)N(C)C(=O)[C@H]([C@@H](C)O)NC(=O)[C@H](Cc2ccccc2)N(C)C(=O)[C@H](C)N(C)C(=O)[C@H](CC(C)C)N(C)C(=O)C[C@@H](C(=O)N2CCCCC2)NC(=O)[C@@H]2CCCN2C1=O,9,Lariat,-4.77,,,,2.1343,0.615,1,1.0,0.54606485
654,2013_CHUGAI,2013,DP-689,654,CC(C)C[C@H]1C(=O)N(C)[C@@H](Cc2ccccc2)C(=O)N(C)[C@@H](CC(C)C)C(=O)N[C@@H]([C@@H](C)O)C(=O)N(C)CC(=O)N[C@@H](COC(C)(C)C)C(=O)N(C)[C@@H](CC(C)C)C(=O)N[C@H](C(=O)N2CCCCC2)CC(=O)N1C,9,Lariat,-4.36,,,,2.2003,0.82,1,1.0,0.551138
655,2013_CHUGAI,2013,DP-690,655,CC(C)C[C@@H]1NC(=O)[C@H]([C@@H](C)O)NC(=O)[C@H](CC(C)C)N(C)C(=O)CN(C)C(=O)[C@H](Cc2ccccc2)N(C)C(=O)[C@H](C(C)C)NC(=O)C[C@@H](C(=O)N2CCCCC2)NC(=O)[C@H](CC(C)C)N(C)C1=O,9,Lariat,-4.48,,,,1.699,0.76,1,1.0,0.55102116
656,2013_CHUGAI,2013,DP-691,656,CC(C)C[C@@H]1NC(=O)CN(C)C(=O)[C@H](CC(C)C)N(C)C(=O)[C@H]([C@@H](C)O)NC(=O)[C@H](CC(C)C)N(C)C(=O)[C@H](Cc2ccccc2)N(C)C(=O)[C@H](C(C)C)NC(=O)C[C@@H](C(=O)N2CCCCC2)NC1=O,9,Lariat,-4.48,,,,1.699,0.76,1,1.0,0.5465185
657,2013_CHUGAI,2013,DP-692,657,CC(C)C[C@@H]1NC(=O)C[C@@H](C(=O)N2CCCCC2)NC(=O)[C@H](COC(C)(C)C)NC(=O)[C@H](CC(C)C)N(C)C(=O)CN(C)C(=O)[C@H]([C@@H](C)O)NC(=O)[C@H](CC(C)C)N(C)C(=O)[C@H](Cc2ccccc2)N(C)C1=O,9,Lariat,-4.54,,,,1.8581,0.73,1,1.0,0.5298079
658,2013_CHUGAI,2013,DP-693,658,CC(C)C[C@H]1C(=O)N(C)[C@@H](CC(C)C)C(=O)N[C@H](C(=O)N2CCCCC2)CC(=O)N[C@@H](C(C)C)C(=O)N(C)[C@@H](Cc2ccccc2)C(=O)N[C@@H]([C@@H](C)O)C(=O)N(C)CC(=O)N[C@@H](COC(C)(C)C)C(=O)N1C,9,Lariat,-4.46,,,,1.468,0.77,1,1.0,0.54613525
659,2013_CHUGAI,2013,DP-694,659,CC(C)C[C@H]1C(=O)N(C)[C@@H](CC(C)C)C(=O)N[C@@H](COC(C)(C)C)C(=O)N[C@H](C(=O)N2CCCCC2)CC(=O)N[C@@H](C(C)C)C(=O)N(C)[C@@H](Cc2ccccc2)C(=O)N(C)CC(=O)N[C@@H]([C@@H](C)O)C(=O)N1C,9,Lariat,-4.48,,,,1.468,0.76,1,1.0,0.5432288
660,2013_CHUGAI,2013,DP-695,660,CC(C)C[C@H]1C(=O)N(C)[C@@H](CC(C)C)C(=O)N[C@@H](COC(C)(C)C)C(=O)N[C@H](C(=O)N2CCCCC2)CC(=O)N(C)CCCC(=O)N(C)[C@@H](Cc2ccccc2)C(=O)N[C@@H]([C@@H](C)O)C(=O)N(C)CC(=O)N1C,9,Lariat,-4.82,,,,1.5658,0.59,1,1.0,0.5297821
661,2013_CHUGAI,2013,DP-696,661,CC(C)C[C@@H]1NC(=O)[C@H]([C@@H](C)O)NC(=O)[C@H](CC(C)C)N(C)C(=O)[C@H](Cc2ccccc2)N(C)C(=O)[C@H](C)N(C)C(=O)C[C@@H](C(=O)N2CCCCC2)NC(=O)[C@H](COC(C)(C)C)NC(=O)[C@H](CC(C)C)N(C)C1=O,9,Lariat,-4.43,,,,2.2466,0.785,1,1.0,0.54340965
662,2013_CHUGAI,2013,DP-697,662,CC(C)C[C@H]1C(=O)N[C@H](C(=O)N2CCCCC2)CC(=O)N(C)[C@@H](C)C(=O)N(C)[C@@H](Cc2ccccc2)C(=O)N(C)[C@@H](CC(C)C)C(=O)N[C@@H]([C@@H](C)O)C(=O)N(C)CC(=O)N[C@@H](COC(C)(C)C)C(=O)N1C,9,Lariat,-4.46,,,,1.1741,0.77,1,1.0,0.5364997
663,2013_CHUGAI,2013,DP-698,663,CC(C)C[C@@H]1NC(=O)[C@H](CC(C)C)N(C)C(=O)[C@H](COC(C)(C)C)NC(=O)[C@H](Cc2ccccc2)N(C)C(=O)[C@H](C)N(C)C(=O)C[C@@H](C(=O)N2CCCCC2)NC(=O)[C@H](CC(C)C)N(C)C(=O)[C@H]([C@@H](C)O)NC1=O,9,Lariat,-4.51,,,,2.2466,0.745,1,1.0,0.53845847
664,2013_CHUGAI,2013,DP-699,664,CC(C)C[C@H]1C(=O)N(C)[C@@H](Cc2ccccc2)C(=O)N[C@H](C(=O)N2CCCCC2)CC(=O)N(C)[C@@H](C)C(=O)N[C@@H](C)C(=O)N[C@@H]([C@@H](C)O)C(=O)N(C)[C@@H](CC(C)C)C(=O)N[C@@H](Cc2ccccc2)C(=O)N1C,9,Lariat,-4.54,,,,1.648,0.73,1,1.0,0.5467612
665,2013_CHUGAI,2013,DP-700,665,CC(C)C[C@H]1C(=O)N[C@@H]([C@@H](C)O)C(=O)N[C@@H](C)C(=O)N(C)[C@@H](Cc2ccccc2)C(=O)N[C@H](C(=O)N2CCCCC2)CC(=O)N(C)[C@@H](C)C(=O)N(C)[C@@H](CC(C)C)C(=O)N[C@@H](Cc2ccccc2)C(=O)N1C,9,Lariat,-4.31,,,,1.648,0.845,1,1.0,0.54908395
666,2013_CHUGAI,2013,DP-701,666,CC(C)C[C@@H]1NC(=O)[C@@H](C(C)C)NC(=O)C[C@@H](C(=O)N2CCCCC2)NC(=O)[C@H](Cc2ccccc2)N(C)C(=O)[C@H](CC(C)C)N(C)C(=O)[C@H](Cc2ccccc2)NC(=O)[C@H](C)N(C)C(=O)[C@H]([C@@H](C)O)NC1=O,9,Lariat,-4.51,,,,1.9419,0.745,1,1.0,0.5365826
667,2013_CHUGAI,2013,DP-702,667,CC(C)C[C@@H]1NC(=O)[C@@H](C(C)C)NC(=O)C[C@@H](C(=O)N2CCCCC2)NC(=O)[C@H](Cc2ccccc2)NC(=O)[C@H](CC(C)C)N(C)C(=O)[C@H](Cc2ccccc2)N(C)C(=O)[C@H](C)N(C)C(=O)[C@H]([C@@H](C)O)NC1=O,9,Lariat,-4.6,,,,1.9419,0.7,1,1.0,0.5507729
668,2013_CHUGAI,2013,DP-703,668,CC(C)C[C@@H]1NC(=O)[C@H](Cc2ccccc2)N(C)C(=O)[C@@H](C(C)C)NC(=O)C[C@@H](C(=O)N2CCCCC2)NC(=O)[C@H](Cc2ccccc2)NC(=O)[C@H](CC(C)C)N(C)C(=O)[C@H]([C@@H](C)O)NC(=O)[C@H](CC(C)C)N(C)C1=O,9,Lariat,-4.47,,,,2.9681,0.765,1,1.0,0.53444964
669,2013_CHUGAI,2013,DP-704,669,CC(C)C[C@H]1C(=O)N[C@H](C(=O)N2CCCCC2)CC(=O)N(C)CCC(=O)N[C@@H]([C@@H](C)O)C(=O)N(C)[C@@H](C)C(=O)N[C@@H](COC(C)(C)C)C(=O)N(C)[C@@H](Cc2ccccc2)C(=O)N(C)[C@@H](CC(C)C)C(=O)N1C,9,Lariat,-4.54,,,,1.5642,0.73,1,1.0,0.53331
670,2013_CHUGAI,2013,DP-705,670,CC(C)C[C@H]1C(=O)N(C)[C@@H](CC(C)C)C(=O)N[C@@H]([C@@H](C)O)C(=O)N(C)[C@@H](Cc2ccccc2)C(=O)N[C@@H](COC(C)(C)C)C(=O)N(C)[C@@H](CC(C)C)C(=O)N[C@H](C(=O)N2CCCCC2)CC(=O)N(C)CCC(=O)N1C,9,Lariat,-4.31,,,,2.5904,0.845,1,1.0,0.53537387
671,2013_CHUGAI,2013,DP-706,671,CC(C)C[C@@H]1NC(=O)[C@H](CC(C)C)N(C)C(=O)[C@H](CC(C)C)N(C)C(=O)C[C@@H](C(=O)N2CCCCC2)NC(=O)[C@H](Cc2ccccc2)N(C)C(=O)[C@@H]2CCCN2C(=O)[C@H]([C@@H](C)O)NC(=O)[C@H](Cc2ccccc2)N(C)C1=O,9,Lariat,-4.32,,,,3.1605,0.84,1,1.0,0.5413986
672,2013_CHUGAI,2013,DP-707,672,CC(C)C[C@H]1C(=O)N[C@@H](COC(C)(C)C)C(=O)N[C@H](C(=O)N2CCCCC2)CC(=O)N(C)[C@@H](C)C(=O)N(C)[C@@H](Cc2ccccc2)C(=O)N(C)[C@@H](CC(C)C)C(=O)N[C@@H]([C@@H](C)O)C(=O)N(C)[C@@H](C)C(=O)N1C,9,Lariat,-4.54,,,,1.5626,0.73,1,1.0,0.545102
673,2013_CHUGAI,2013,DP-708,673,CC(C)C[C@H]1C(=O)N[C@H](C(=O)N2CCCCC2)CC(=O)N[C@H](C)C(=O)N(C)[C@@H](Cc2ccccc2)C(=O)N(C)[C@@H](CC(C)C)C(=O)N[C@@H]([C@@H](C)O)C(=O)N(C)[C@@H](C)C(=O)N[C@@H](COC(C)(C)C)C(=O)N1C,9,Lariat,-4.8,,,,1.2204,0.6,1,1.0,0.53653336
674,2013_CHUGAI,2013,DP-709,674,CC(C)C[C@H]1C(=O)N[C@@H](COC(C)(C)C)C(=O)N[C@H](C(=O)N2CCCCC2)CC(=O)N(C)CC(=O)N[C@@H]([C@@H](C)O)C(=O)N(C)[C@@H](C)C(=O)N(C)[C@@H](Cc2ccccc2)C(=O)N(C)[C@@H](Cc2ccccc2)C(=O)N1C,9,Lariat,-4.46,,,,1.3707,0.77,1,1.0,0.5397858
675,2013_CHUGAI,2013,DP-710,675,CC(C)C[C@H]1C(=O)N(C)[C@@H](Cc2ccccc2)C(=O)N[C@H](C(=O)N2CCCCC2)CC(=O)N(C)[C@@H](C)C(=O)N[C@@H]([C@@H](C)O)C(=O)N(C)CC(=O)N[C@@H](COC(C)(C)C)C(=O)N(C)[C@@H](Cc2ccccc2)C(=O)N1C,9,Lariat,-4.36,,,,1.3707,0.82,1,1.0,0.52632016
676,2013_CHUGAI,2013,DP-711,676,CC(C)C[C@H]1C(=O)N[C@@H](COC(C)(C)C)C(=O)N[C@H](C(=O)N2CCCCC2)CC(=O)N[C@@H](C)C(=O)N(C)[C@@H](Cc2ccccc2)C(=O)N(C)CC(=O)N(C)[C@@H](Cc2ccccc2)C(=O)N[C@@H]([C@@H](C)O)C(=O)N1C,9,Lariat,-4.54,,,,1.0285,0.73,1,1.0,0.54166186
677,2013_CHUGAI,2013,DP-712,677,CC(C)C[C@H]1C(=O)N(C)[C@@H](Cc2ccccc2)C(=O)N[C@H](C(=O)N2CCCCC2)CC(=O)N(C)CCCC(=O)N(C)[C@@H](C)C(=O)N(C)[C@@H](CC(C)C)C(=O)N[C@@H]([C@@H](C)O)C(=O)N(C)CC(=O)N1C,9,Lariat,-4.92,,,,1.1128,0.54,1,1.0,0.5461134
678,2013_CHUGAI,2013,DP-713,678,CC(C)C[C@@H]1NC(=O)[C@H](CC(C)C)N(C)C(=O)[C@H](Cc2ccccc2)N(C)C(=O)[C@H]([C@@H](C)O)NC(=O)[C@H](CC(C)C)N(C)C(=O)CN(C)C(=O)CCCN(C)C(=O)C[C@@H](C(=O)N2CCCCC2)NC1=O,9,Lariat,-4.57,,,,1.7968,0.715,1,1.0,0.54764205
679,2013_CHUGAI,2013,DP-714,679,CC(C)C[C@@H]1NC(=O)[C@H](CC(C)C)N(C)C(=O)[C@H]([C@@H](C)O)NC(=O)[C@H](Cc2ccccc2)N(C)C(=O)CN(C)C(=O)[C@H](CC(C)C)N(C)C(=O)[C@@H](C(C)C)NC(=O)C[C@@H](C(=O)N2CCCCC2)NC1=O,9,Lariat,-4.51,,,,1.699,0.745,1,1.0,0.53749275
750,2013_CHUGAI,2013,DP-785,750,CC(C)C[C@H]1C(=O)N(C)[C@@H](Cc2ccccc2)C(=O)NCC(=O)N[C@@H](C)CC(=O)N(C)CCCC(=O)N[C@@H]([C@@H](C)O)C(=O)N(C)[C@@H](C)C(=O)N(C)[C@@H](Cc2ccccc2)C(=O)N[C@@H](COC(C)(C)C)C(=O)N1C,9,Circle,-4.54,,,,1.2745,0.73,1,1.0,0.52487415
751,2013_CHUGAI,2013,DP-786,751,CC(C)C[C@H]1C(=O)N[C@@H](COC(C)(C)C)C(=O)N[C@@H](C)CC(=O)N[C@H](C)C(=O)N(C)[C@@H](C)C(=O)N(C)[C@@H](Cc2ccccc2)C(=O)N(C)[C@@H](C)C(=O)N[C@@H]([C@@H](C)O)C(=O)N(C)[C@@H](C)C(=O)N1C,9,Circle,-5.23,,,,0.0485,0.385,1,1.0,0.54702574
752,2013_CHUGAI,2013,DP-787,752,CC(C)C[C@H]1C(=O)N[C@@H](COC(C)(C)C)C(=O)N[C@@H](C)CC(=O)N[C@H](C)C(=O)N(C)[C@@H](C)C(=O)N(C)[C@@H](Cc2ccccc2)C(=O)N(C)[C@@H](CC(C)C)C(=O)N[C@@H]([C@@H](C)O)C(=O)N(C)[C@@H](C)C(=O)N1C,9,Circle,-4.54,,,,1.0747,0.73,1,1.0,0.5433059
753,2013_CHUGAI,2013,DP-788,753,CC(C)C[C@H]1C(=O)N(C)[C@@H](Cc2ccccc2)C(=O)N(C)[C@@H](CC(C)C)C(=O)N[C@@H](C)CC(=O)N[C@H](C(C)C)C(=O)N[C@@H](C)C(=O)N[C@@H]([C@@H](C)O)C(=O)N(C)[C@@H](C)C(=O)N[C@@H](Cc2ccccc2)C(=O)N1C,9,Circle,-4.31,,,,1.7962,0.845,1,1.0,0.542921
754,2013_CHUGAI,2013,DP-789,754,CC[C@H](C)[C@H]1C(=O)N[C@@H](C)CC(=O)N(C)[C@H](C)C(=O)N(C)[C@@H](Cc2ccccc2)C(=O)N(C)[C@@H](CC(C)C)C(=O)N[C@@H]([C@@H](C)O)C(=O)N(C)CC(=O)N[C@@H](COC(C)(C)C)C(=O)N(C)[C@@H](CC(C)C)C(=O)N1C,9,Circle,-4.46,,,,2.0546,0.77,1,1.0,0.5244825
755,2013_CHUGAI,2013,DP-790,755,CC(C)C[C@@H]1NC(=O)[C@@H](C(C)C)NC(=O)C[C@H](C)NC(=O)[C@H](CC(C)C)N(C)C(=O)[C@H](Cc2ccccc2)N(C)C(=O)[C@H](CC(C)C)N(C)C(=O)[C@H](Cc2ccc(C(F)(F)F)cc2)NC(=O)[C@H](C)N(C)C(=O)[C@H]([C@@H](C)O)NC1=O,9,Circle,-4.25,,,,3.8412,0.875,1,1.0,0.5102237
756,2013_CHUGAI,2013,DP-791,756,CC(C)C[C@@H]1NC(=O)[C@H](Cc2ccccc2)N(C)C(=O)[C@H](C)N(C)C(=O)C[C@H](C)NC(=O)[C@H]([C@@H](C)O)NC(=O)[C@H](CC(C)C)N(C)C(=O)[C@H](Cc2ccccc2)NC(=O)[C@H](CC(C)C)N(C)C(=O)[C@H](CC(C)C)N(C)C1=O,9,Circle,-4.39,,,,3.5547,0.805,1,1.0,0.5326444
757,2013_CHUGAI,2013,DP-792,757,CC(C)C[C@@H]1NC(=O)[C@@H](C(C)C)NC(=O)C[C@H](C)NC(=O)[C@H](CC(C)C)N(C)C(=O)[C@H](Cc2cccc(Cl)c2)N(C)C(=O)[C@H](CC(C)C)N(C)C(=O)[C@H](Cc2ccc(C(F)(F)F)cc2)NC(=O)[C@H](C)N(C)C(=O)[C@H]([C@@H](C)O)NC1=O,9,Circle,-4.48,,,,4.4946,0.76,1,1.0,0.50310886
758,2013_CHUGAI,2013,DP-793,758,CC(C)C[C@@H]1NC(=O)[C@H](Cc2ccccc2)N(C)C(=O)[C@H](CC(C)C)N(C)C(=O)[C@@H](C)N(C)C(=O)C[C@H](C)NC(=O)[C@H](CC(C)C)N(C)C(=O)[C@H](Cc2ccccc2)N(C)C(=O)[C@H]([C@@H](C)O)NC(=O)[C@H](Cc2ccccc2)N(C)C1=O,9,Circle,-4.28,,,,4.0935,0.86,1,1.0,0.52906936
764,2013_CHUGAI,2013,DP-799,764,CC[C@H](C)[C@H]1C(=O)N[C@@H](C)CC(=O)N(C)[C@H](C)C(=O)N(C)[C@@H](Cc2cccc(Cl)c2)C(=O)N(C)[C@@H](CC(C)C)C(=O)N[C@@H]([C@@H](C)O)C(=O)N(C)CC(=O)N[C@@H](COC(C)(C)C)C(=O)N(C)[C@@H](CC(C)C)C(=O)N1C,9,Circle,-4.49,,,,2.708,0.755,1,1.0,0.5180512
765,2013_CHUGAI,2013,DP-800,765,CC[C@H](C)[C@H]1C(=O)N[C@@H](C)CC(=O)N(C)[C@H](C)C(=O)N(C)[C@@H](CC(C)C)C(=O)N(C)[C@@H](CC(C)C)C(=O)N[C@@H]([C@@H](C)O)C(=O)N(C)CC(=O)N[C@@H](COC(C)(C)C)C(=O)N(C)[C@@H](CC(C)C)C(=O)N1C,9,Circle,-4.6,,,,1.858,0.7,1,1.0,0.53747207
766,2013_CHUGAI,2013,DP-801,766,CC(C)C[C@H]1C(=O)N[C@@H](COC(C)(C)C)C(=O)N[C@@H](C)CC(=O)N[C@H](C(C)C)C(=O)N(C)[C@@H](Cc2cccc(Cl)c2)C(=O)N(C)[C@@H](C)C(=O)N(C)[C@@H](CC(C)C)C(=O)N[C@@H]([C@@H](C)O)C(=O)N(C)[C@@H](C)C(=O)N1C,9,Circle,-4.22,,,,2.3642,0.89,1,1.0,0.5044068
767,2013_CHUGAI,2013,DP-802,767,CC(C)C[C@H]1C(=O)N[C@@H](COC(C)(C)C)C(=O)N[C@@H](C)CC(=O)N[C@H](C(C)C)C(=O)N(C)[C@@H](CC(C)C)C(=O)N(C)[C@@H](C)C(=O)N(C)[C@@H](CC(C)C)C(=O)N[C@@H]([C@@H](C)O)C(=O)N(C)[C@@H](C)C(=O)N1C,9,Circle,-4.54,,,,1.5142,0.73,1,1.0,0.5409555
784,2013_CHUGAI,2013,DP-819,784,CC[C@H](C)[C@@H]1NC(=O)[C@H](C)N(C)C(=O)[C@H]([C@@H](C)O)NC(=O)[C@H](C(C)C)N(C)C(=O)[C@@H](C)N(C)C(=O)C[C@H](C)NC(=O)[C@H](Cc2ccccc2)NC(=O)[C@H](C)NC(=O)[C@H](Cc2ccccc2)N(C)C1=O,9,Circle,-4.52,,,,0.77,0.74,1,1.0,0.54953337
788,2013_CHUGAI,2013,DP-823,788,CC[C@H](C)[C@@H]1NC(=O)[C@H](CC(C)C)N(C)C(=O)[C@H](C)NC(=O)CCCN(C)C(=O)C[C@H](C)NC(=O)[C@H]([C@@H](C)O)NC(=O)[C@H](Cc2ccccc2)NC(=O)[C@H](C(C)C)N(C)C(=O)[C@H](CC(C)C)N(C)C1=O,9,Circle,-4.51,,,,1.9913,0.745,1,1.0,0.540442
789,2013_CHUGAI,2013,DP-824,789,CC[C@H](C)[C@@H]1NC(=O)[C@H](CC(C)C)N(C)C(=O)[C@H](C)NC(=O)CCCN(C)C(=O)C[C@H](C)NC(=O)[C@H]([C@@H](C)O)NC(=O)[C@H](Cc2ccccc2)NC(=O)[C@H](C(C)C)N(C)C(=O)[C@H](Cc2ccccc2)N(C)C1=O,9,Circle,-4.54,,,,2.1879,0.73,1,1.0,0.52716887
793,2013_CHUGAI,2013,DP-828,793,CC[C@H](C)[C@@H]1NC(=O)[C@H](CC(C)C)N(C)C(=O)[C@@H](C(C)C)NC(=O)C[C@H](C)NC(=O)[C@H](CC(C)C)N(C)C(=O)[C@H](C)N(C)C(=O)[C@H]([C@@H](C)O)NC(=O)[C@H](Cc2cccc(Cl)c2)N(C)C(=O)[C@H](C)N(C)C1=O,9,Circle,-4.38,,,,2.5952,0.81,1,1.0,0.5306844
828,2013_CHUGAI,2013,DP-863,828,CCN1C(=O)CCCCc2cccc(c2)C[C@@H](C(=O)N2CCCCC2)NC(=O)[C@H](CC(C)C)N(C)C(=O)CN(C)C(=O)[C@H]([C@@H](C)O)NC(=O)[C@H](CC(C)C)N(C)C(=O)[C@H](Cc2ccccc2)N(C)C(=O)[C@H](C)NC(=O)[C@@H]1Cc1ccccc1,9,Lariat,-4.46,,,,4.5572,0.77,1,1.0,0.50199646
1878,2017_Pye,2017,cpd.9.1,1878,CCC[C@H]1C(=O)N(C)[C@H](CC)C(=O)N(C)[C@@H](C)C(=O)N(C)[C@H](CC)C(=O)N(C)[C@H](C)C(=O)N(C)[C@@H](C)C(=O)N(C)[C@H](CC)C(=O)N2CCC[C@@H]2C(=O)N(C)[C@@H](Cc2ccc(O)cc2)C(=O)N1C,9,Circle,-7.3,,,-6.89,1.6451,-0.65,0,0.0,0.53144085
1879,2017_Pye,2017,cpd.9.2,1879,CCCC[C@H]1C(=O)N(C)[C@H](C)C(=O)N2CCC[C@@H]2C(=O)N(C)[C@@H](Cc2ccc(O)cc2)C(=O)N(C)[C@@H](CCC)C(=O)N(C)[C@H](CC)C(=O)N(C)[C@@H](C)C(=O)N(C)[C@H](CCCC)C(=O)N(C)[C@H](C)C(=O)N1C,9,Circle,-6.1,,,-6.21,3.2055,-0.05,0,0.475,0.5433894
1880,2017_Pye,2017,cpd.9.3,1880,CCC[C@H]1C(=O)N(C)[C@H](CC)C(=O)N(C)[C@@H](CCC)C(=O)N(C)[C@H](CCC)C(=O)N(C)[C@H](CCC)C(=O)N(C)[C@@H](CC)C(=O)N(C)[C@H](CCC)C(=O)N2CCC[C@@H]2C(=O)N(C)[C@@H](Cc2ccc(O)cc2)C(=O)N1C,9,Circle,-5.35,,,-5.45,4.3758,0.325,1,1.0,0.5175625
1881,2017_Pye,2017,cpd.9.4,1881,CCCC[C@H]1C(=O)N(C)[C@H](CCCC)C(=O)N(C)[C@H](CCCC)C(=O)N(C)[C@@H](CCCC)C(=O)N(C)[C@H](CCCC)C(=O)N2CCC[C@@H]2C(=O)N(C)[C@@H](Cc2ccc(O)cc2)C(=O)N(C)[C@@H](CCC)C(=O)N(C)[C@H](CC)C(=O)N1C,9,Circle,-8.0,,,-7.0,6.7164,-1.0,0,0.0,0.53392595
7263,2022_Bhardwaj,2022,D9.1,7263,CC[C@H](C)[C@@H]1NC(=O)[C@@H](CC(C)C)N(C)C(=O)[C@@H]2CCCN2C(=O)[C@H](C(C)C)NC(=O)C(C)(C)NC(=O)[C@H](CC(C)C)NC(=O)C(C)(C)NC(=O)[C@@H]2CCCN2C(=O)[C@H]2CCCN2C1=O,9,Circle,-5.8,-6.05,,,1.8383,0.1,1,0.55,0.5455293
7264,2022_Bhardwaj,2022,D9.3,7264,CC[C@@H](C)[C@H]1NC(=O)[C@H](CC(C)C)NC(=O)[C@@H](CC(C)C)NC(=O)[C@H](C(C)C)NC(=O)[C@@H](Cc2ccccc2)N(C)C(=O)[C@@H]2CCCN2C(=O)[C@@H](CC(C)C)NC(=O)[C@H](CC(C)C)N(C)C(=O)[C@H]2CCCN2C1=O,9,Circle,-5.63,-5.45,,,4.1892,0.185,1,0.5925,0.5349917
7266,2022_Bhardwaj,2022,D9.5,7266,CC(C)C[C@H]1C(=O)N[C@H](Cc2ccccc2)C(=O)N2CCC[C@H]2C(=O)N[C@H](C(C)C)C(=O)N(C)[C@H](C)C(=O)N[C@H](C(C)C)C(=O)N2CCC[C@H]2C(=O)N[C@H](CC(C)C)C(=O)N[C@H](C(C)C)C(=O)N1C,9,Circle,-5.45,,,,2.3828,0.275,1,1.0,0.55312264
7267,2022_Bhardwaj,2022,D9.6,7267,CC[C@H](C)[C@@H]1NC(=O)[C@H](Cc2ccccc2)N(C)C(=O)[C@H](CC(C)C)N(C)C(=O)[C@@H](C(C)C)NC(=O)[C@@H](C)NC(=O)[C@@H]2CCCN2C(=O)[C@@H](CC(C)C)NC(=O)[C@@H]2CCCN2C(=O)[C@H](C)NC1=O,9,Circle,-5.79,-5.32,,,2.1368,0.105,1,0.5525,0.538444
7268,2022_Bhardwaj,2022,D9.8,7268,CC(C)C[C@@H]1NC(=O)[C@@H](C(C)C)NC(=O)[C@H](CC(C)C)N(C)C(=O)[C@H]2CCCN2C(=O)[C@@H](C(C)C)NC(=O)[C@H]2CCCN2C(=O)[C@@H](C(C)C)NC(=O)[C@@H](Cc2ccccc2)N(C)C(=O)[C@H](CC(C)C)N(C)C1=O,9,Circle,-5.48,,,,3.7512,0.26,1,1.0,0.54099107
7269,2022_Bhardwaj,2022,D9.9,7269,CC[C@@H](C)[C@H]1NC(=O)[C@H](CC(C)C)N(C)C(=O)[C@H]2CCCN2C(=O)[C@@H](Cc2ccccc2)N(C)C(=O)[C@@H](Cc2ccccc2)N(C)C(=O)[C@H](CC(C)C)N(C)C(=O)[C@@H](C(C)C)NC(=O)[C@@H]2CCCN2C(=O)[C@H](C)NC1=O,9,Circle,-6.24,,,,4.044,-0.12,0,0.44,0.5411906
7270,2022_Bhardwaj,2022,D9.10,7270,CC[C@H](C)[C@@H]1NC(=O)[C@@H](CC(C)C)N(C)C(=O)[C@H](CC(C)C)N(C)C(=O)[C@@H](C)N(C)C(=O)[C@@H](Cc2ccccc2)NC(=O)[C@H](C(C)C)NC(=O)[C@@H](C)NC(=O)[C@@H]2CCCN2C(=O)[C@H]2CCCN2C1=O,9,Circle,-6.08,,,,2.479,-0.04,0,0.48,0.5491133
7271,2022_Bhardwaj,2022,D9.11,7271,CC[C@H](C)[C@@H]1NC(=O)[C@@H](C)N(C)C(=O)[C@@H](C)N(C)C(=O)[C@@H]2CCCN2C(=O)[C@H](CC(C)C)NC(=O)[C@H](CC(C)C)NC(=O)[C@@H](CC(C)C)NC(=O)[C@@H]2CCCN2C(=O)[C@H]2CCCN2C1=O,9,Circle,-6.65,,,,1.7904,-0.325,0,0.0,0.5464803
7272,2022_Bhardwaj,2022,D9.13,7272,CC[C@H](C)[C@@H]1NC(=O)[C@@H]([C@H](C)CC)NC(=O)[C@H]2CCCN2C(=O)[C@H]([C@@H](C)CC)NC(=O)[C@H](CC(C)C)N(C)C(=O)[C@H]2CCCN2C(=O)[C@@H]2CCCN2C(=O)[C@H](Cc2ccccc2)N(C)C(=O)[C@H](Cc2ccccc2)NC1=O,9,Circle,-5.47,,,,4.236,0.265,1,1.0,0.5452795
7273,2022_Bhardwaj,2022,D9.14,7273,CC[C@H](C)[C@@H]1NC(=O)[C@@H](CC(C)C)NC(=O)[C@@H]2CCCN2C(=O)[C@@H]2CCCN2C(=O)[C@@H](CC(C)C)NC(=O)[C@@H]2CCCN2C(=O)[C@H]2CCCN2C(=O)[C@@H](C(C)C)NC(=O)[C@@H](C)N(C)C1=O,9,Circle,-6.23,,,,1.5444,-0.115,0,0.4425,0.5532694
7274,2022_Bhardwaj,2022,D9.15,7274,CC[C@H](C)[C@@H]1NC(=O)[C@@H](C)NC(=O)[C@@H]2CCCN2C(=O)[C@H]2CCCN2C(=O)[C@@H]2CCCN2C(=O)[C@@H](C)NC(=O)[C@@H](Cc2ccccc2)NC(=O)[C@@H](CC(C)C)N(C)C(=O)[C@@H](CC(C)C)N(C)C1=O,9,Circle,-6.07,,,,1.987,-0.035,0,0.4825,0.551613
7275,2022_Bhardwaj,2022,D9.16,7275,CC(C)C[C@@H]1NC(=O)[C@H]2CCCN2C(=O)[C@@H](CC(C)C)NC(=O)[C@@H](CC(C)C)NC(=O)[C@@H](CC(C)C)N(C)C(=O)[C@H](C(C)C)NC(=O)[C@@H](C)NC(=O)[C@@H](C)N(C)C(=O)[C@@H]2CCCN2C1=O,9,Circle,-5.49,-5.61,,,1.9402,0.255,1,1.0,0.55815196
7276,2022_Bhardwaj,2022,D9.17,7276,CC(C)C[C@@H]1C(=O)N[C@H](C)C(=O)N(C)[C@H](CC(C)C)C(=O)N[C@H](C(C)C)C(=O)N(C)[C@@H](C(C)C)C(=O)N2CCC[C@H]2C(=O)N2CCC[C@@H]2C(=O)N[C@@H](C)C(=O)N(C)[C@@H](Cc2ccccc2)C(=O)N1C,9,Circle,-5.76,,,,2.4311,0.12,1,0.56,0.5572719
7277,2022_Bhardwaj,2022,D9.18,7277,CC(C)C[C@H]1NC(=O)[C@@H]2CCCN2C(=O)[C@@H](CC(C)C)N(C)C(=O)[C@@H](CC(C)C)N(C)C(=O)[C@H](C)NC(=O)[C@@H](Cc2ccccc2)NC(=O)[C@@H](CC(C)C)N(C)C(=O)[C@H]2CCCN2C(=O)[C@H]2CCCN2C1=O,9,Circle,-5.75,,,,3.3554,0.125,1,0.5625,0.5393051
7278,2022_Bhardwaj,2022,D9.19,7278,CC(C)C[C@@H]1NC(=O)[C@@H](CC(C)C)NC(=O)[C@@H](CC(C)C)N(C)C(=O)[C@@H](CC(C)C)N(C)C(=O)[C@H](C(C)C)NC(=O)[C@@H](C)N(C)C(=O)[C@@H]2CCCN2C(=O)[C@@H]2CCCN2C(=O)[C@@H](C)N(C)C1=O,9,Circle,-5.89,,,,2.6246,0.055,1,0.5275,0.5461445
7279,2022_Bhardwaj,2022,D9.21,7279,CSCC[C@@H]1NC(=O)[C@H](C(C)C)NC(=O)[C@H]2CCCN2C(=O)[C@@H]2CCCN2C(=O)[C@H](C)NC(=O)[C@@H](C)N(C)C(=O)[C@@H](CC(C)C)N(C)C(=O)[C@@H](C(C)C)NC(=O)[C@@H]2CCCN2C1=O,9,Circle,-6.53,,,,0.7172,-0.265,0,0.0,0.56190753
7280,2022_Bhardwaj,2022,D9.22,7280,CC(C)C[C@@H]1NC(=O)[C@@H]2CCCN2C(=O)[C@H]2CCCN2C(=O)[C@@H](C)N(C)C(=O)[C@@H](CC(C)C)N(C)C(=O)[C@H](C(C)C)NC(=O)[C@@H](C)N(C)C(=O)[C@H]2CCCN2C(=O)[C@@H]2CCCN2C1=O,9,Circle,-6.72,,,,1.2026,-0.36,0,0.0,0.54355526
7281,2022_Bhardwaj,2022,D9.23,7281,CC[C@@H](C)[C@H]1NC(=O)[C@@H](C)N(C)C(=O)[C@@H]([C@H](C)CC)NC(=O)[C@@H](CC(C)C)NC(=O)[C@@H]2CCCN2C(=O)[C@H]2CCCN2C(=O)[C@@H](C(C)C)NC(=O)[C@H](C)NC(=O)[C@@H]2CCCN2C1=O,9,Circle,-6.85,,,,1.0581,-0.425,0,0.0,0.55086833
7282,2022_Bhardwaj,2022,D9.24,7282,CSCC[C@H]1C(=O)N(C)[C@H](C)C(=O)N[C@H](CC(C)C)C(=O)N2CCC[C@@H]2C(=O)N2CCC[C@H]2C(=O)N[C@@H](CC(C)C)C(=O)N2CCC[C@H]2C(=O)N2CCC[C@@H]2C(=O)N[C@H](C(C)C)C(=O)N1C,9,Circle,-7.06,,,,1.5936,-0.53,0,0.0,0.5537751
7283,2022_Bhardwaj,2022,D9.25,7283,CC(C)C[C@@H]1C(=O)N(C)[C@H](CC(C)C)C(=O)N[C@H](Cc2ccccc2)C(=O)N2CCC[C@@H]2C(=O)N2CCC[C@@H]2C(=O)N2CCC[C@H]2C(=O)N[C@H](C(C)C)C(=O)N(C)[C@@H](C)C(=O)N(C)[C@@H](C)C(=O)N1C,9,Circle,-5.66,,,,2.2813,0.17,1,0.585,0.54367363
7284,2022_Bhardwaj,2022,D9.26,7284,CC[C@H](C)[C@@H]1NC(=O)[C@@H](C(C)C)NC(=O)[C@@H](CC(C)C)N(C)C(=O)[C@@H]2CCCN2C(=O)[C@@H]2CCCN2C(=O)[C@@H]([C@H](C)CC)NC(=O)[C@H]2CCCN2C(=O)[C@@H](C)NC(=O)[C@@H](CC(C)C)N(C)C1=O,9,Circle,-5.63,,,,2.4265,0.185,1,0.5925,0.5472614
7285,2022_Bhardwaj,2022,D9.27,7285,CC(C)C[C@@H]1NC(=O)[C@@H](C)N(C)C(=O)[C@@H](CC(C)C)N(C)C(=O)[C@@H]2CCCN2C(=O)[C@H]2CCCN2C(=O)[C@@H](C)NC(=O)[C@@H]2CCCN2C(=O)[C@H]2CCCN2C(=O)[C@@H](CC(C)C)NC1=O,9,Circle,-7.48,,,,1.2505,-0.74,0,0.0,0.5723448
7286,2022_Bhardwaj,2022,D9.28,7286,CSCC[C@@H]1NC(=O)[C@@H](C)N(C)C(=O)[C@@H]2CCCN2C(=O)[C@@H](CC(C)C)NC(=O)[C@H](CC(C)C)N(C)C(=O)[C@H]2CCCN2C(=O)[C@H](CC(C)C)NC(=O)[C@@H](CC(C)C)NC(=O)[C@@H](C)NC1=O,9,Circle,-5.8,,,,2.0373,0.1,1,0.55,0.53322846
7287,2022_Bhardwaj,2022,D9.29,7287,CC(C)C[C@@H]1C(=O)N(C)[C@H](CC(C)C)C(=O)N[C@H](C)C(=O)N[C@@H](C(C)C)C(=O)N2CCC[C@@H]2C(=O)N[C@H](C(C)C)C(=O)N2CCC[C@@H]2C(=O)N2CCC[C@H]2C(=O)N[C@H](C)C(=O)N1C,9,Circle,-5.82,,,,1.0102,0.09,1,0.545,0.5612582
7288,2022_Bhardwaj,2022,D9.30,7288,CC[C@@H](C)[C@H]1NC(=O)[C@H](CC(C)C)NC(=O)[C@@H](C)N(C)C(=O)[C@@H]2CCCN2C(=O)[C@H](C)NC(=O)[C@@H](CC(C)C)NC(=O)[C@H]2CCCN2C(=O)[C@H](C(C)C)NC(=O)[C@@H](CC(C)C)N(C)C1=O,9,Circle,-5.8,-5.64,,,1.9402,0.1,1,0.55,0.5461882
7289,2022_Bhardwaj,2022,D9.31,7289,CSCC[C@@H]1NC(=O)[C@H]2CCCN2C(=O)[C@@H]2CCCN2C(=O)[C@@H](C)NC(=O)[C@H]2CCCN2C(=O)[C@@H](C(C)C)NC(=O)[C@H](C(C)C)NC(=O)[C@@H](Cc2ccccc2)N(C)C(=O)[C@H](C)N(C)C1=O,9,Circle,-7.16,,,,0.9138,-0.58,0,0.0,0.5300809
7290,2022_Bhardwaj,2022,D9.32,7290,CC(C)C[C@@H]1NC(=O)[C@H](Cc2ccccc2)N(C)C(=O)[C@H]2CCCN2C(=O)[C@@H](CC(C)C)NC(=O)[C@@H](CC(C)C)NC(=O)[C@H](C)NC(=O)[C@H]2CCCN2C(=O)[C@@H]2CCCN2C(=O)[C@@H](C(C)C)NC1=O,9,Circle,-6.62,,,,2.2809,-0.31,0,0.0,0.542357
7291,2022_Bhardwaj,2022,D9.33,7291,CC[C@H](C)[C@@H]1NC(=O)CNC(=O)[C@@H]2CCCN2C(=O)[C@H]2CCCN2C(=O)[C@H]([C@@H](C)CC)NC(=O)[C@@H](C)N(C)C(=O)[C@@H]2CCCN2C(=O)[C@H](C(C)C)NC(=O)[C@@H](CC(C)C)NC1=O,9,Circle,-6.5,,,,0.6696,-0.25,0,0.375,0.5495596
7292,2022_Bhardwaj,2022,D9.39,7292,CC[C@H](C)[C@@H]1NC(=O)[C@H]2CCCN2C(=O)[C@H](CC(C)C)N(C)C(=O)[C@H](CC(C)C)NC(=O)[C@H](C(C)C)NC(=O)[C@@H]2CCCN2C(=O)[C@H](CC(C)C)N(C)C(=O)[C@H](C(C)C)NC(=O)[C@@H](C(C)C)NC1=O,9,Circle,-6.33,,,,3.2124,-0.165,0,0.4175,0.54535496
7293,2022_Bhardwaj,2022,D9.40,7293,CSCC[C@@H]1NC(=O)[C@H]2CCCN2C(=O)[C@H](C(C)C)NC(=O)[C@@H](CC(C)C)N(C)C(=O)[C@H](Cc2ccccc2)NC(=O)[C@H](CC(C)C)NC(=O)[C@@H](CC(C)C)N(C)C(=O)[C@@H]2CCCN2C(=O)[C@@H](CC(C)C)NC1=O,9,Circle,-6.62,,,,3.8962,-0.31,0,0.0,0.5149548
7294,2022_Bhardwaj,2022,D9.41,7294,CC[C@@H](C)[C@H]1NC(=O)[C@H](Cc2ccccc2)NC(=O)[C@@H](C)NC(=O)[C@@H](CC(C)C)N(C)C(=O)[C@@H]2CCCN2C(=O)[C@H](C)NC(=O)[C@H]2CCCN2C(=O)[C@@H]2CCCN2C(=O)[C@@H](Cc2ccccc2)NC1=O,9,Circle,-5.46,,,,1.8414,0.27,1,1.0,0.54913473
7295,2022_Bhardwaj,2022,D9.42,7295,CC[C@H](C)[C@@H]1NC(=O)[C@H]2CCCN2C(=O)[C@@H]2CCCN2C(=O)[C@H](C(C)C)NC(=O)[C@@H](C(C)C)NC(=O)[C@H](Cc2ccccc2)N(C)C(=O)[C@H]2CCCN2C(=O)[C@@H](CC(C)C)N(C)C(=O)[C@@H](CC(C)C)NC1=O,9,Circle,-5.95,,,,3.2592,0.025,1,0.5125,0.5550031
7296,2022_Bhardwaj,2022,D9.43,7296,CC(C)C[C@H]1NC(=O)[C@H](C(C)C)NC(=O)[C@@H](CC(C)C)N(C)C(=O)[C@@H]2CCCN2C(=O)CNC(=O)[C@@H]2CCCN2C(=O)[C@H](C(C)C)NC(=O)[C@H](Cc2ccccc2)N(C)C(=O)[C@@H](CC(C)C)N(C)C1=O,9,Circle,-5.67,,,,2.7266,0.165,1,0.5825,0.5449099
