CycPeptMPDB_ID,Source,Year,Original_Name_in_Source_Literature,Structurally_Unique_ID,SMILES,Monomer_Length,Molecule_Shape,PAMPA,Caco2,MDCK,RRCK,MolLogP,Normalized_PAMPA,Binary,Soft_Label,Pred_1,True_1,Pred_2,True_2,Pred_3,True_3,Pred_4,True_4,Pred_5,True_5,Pred_6,True_6,Pred_7,True_7,Pred_8,True_8,Pred_9,True_9,Pred_10,True_10
529,2013_CHUGAI,2013,DP-521,529,CC(C)C[C@H]1C(=O)N(C)[C@@H](Cc2ccccc2)C(=O)N[C@H](C(=O)N2CCCCC2)CC(=O)N(C)CC(=O)N[C@@H]([C@@H](C)O)C(=O)N(C)[C@@H](C)C(=O)N[C@@H](COC(C)(C)C)C(=O)N(C)[C@@H](Cc2ccccc2)C(=O)N1C,9,Lariat,-4.36,,,,1.3707,0.8199999999999998,1,1.0,0.99743456,1.0,0.9999982,1.0,0.9959526,1.0,1.0,1.0,0.9999553,1.0,0.99961215,1.0,0.99987507,1.0,0.99999917,1.0,0.99999774,1.0,0.9988194,1.0
530,2013_CHUGAI,2013,DP-522,530,CC(C)C[C@H]1C(=O)NCC(=O)N[C@H](C(=O)N2CCCCC2)CC(=O)N(C)CCC(=O)N[C@@H]([C@@H](C)O)C(=O)N(C)[C@@H](C)C(=O)N[C@@H](COC(C)(C)C)C(=O)N(C)[C@@H](Cc2ccccc2)C(=O)N1C,9,Lariat,-5.28,,,,-0.1927,0.3599999999999999,1,1.0,0.9947973,1.0,0.99998033,1.0,0.9876468,1.0,0.9999993,1.0,0.9988525,1.0,0.9987197,1.0,0.9989814,1.0,0.9999993,1.0,0.99995196,1.0,0.9704653,1.0
531,2013_CHUGAI,2013,DP-523,531,CC(C)C[C@H]1C(=O)N[C@@H](COC(C)(C)C)C(=O)N[C@H](C(=O)N2CCCCC2)CC(=O)N(C)[C@@H](C)C(=O)N(C)[C@@H](Cc2ccccc2)C(=O)N(C)[C@@H](CC(C)C)C(=O)N[C@@H]([C@@H](C)O)C(=O)N(C)CC(=O)N1C,9,Lariat,-4.7,,,,1.1741,0.6499999999999999,1,1.0,0.99696857,1.0,0.9999994,1.0,0.9968802,1.0,1.0,1.0,0.9999827,1.0,0.99995494,1.0,0.9999989,1.0,1.0,1.0,0.9999927,1.0,0.9996953,1.0
532,2013_CHUGAI,2013,DP-524,532,CC(C)C[C@H]1C(=O)N[C@@H]([C@@H](C)O)C(=O)N(C)[C@@H](C)C(=O)N(C)[C@@H](CC(C)C)C(=O)N(C)[C@@H](Cc2ccccc2)C(=O)N[C@H](C(=O)N2CCCCC2)CC(=O)N(C)CCCC(=O)N(C)[C@@H](C)C(=O)N1C,9,Lariat,-4.8,,,,1.5013,0.6000000000000001,1,1.0,0.98300374,1.0,0.9999881,1.0,0.9552613,1.0,1.0,1.0,0.9952135,1.0,0.9998031,1.0,0.99982965,1.0,0.9999908,1.0,0.99872214,1.0,0.99423367,1.0
533,2013_CHUGAI,2013,DP-525,533,CC(C)C[C@H]1C(=O)N(C)[C@@H](CC(C)C)C(=O)N[C@H](C(=O)N2CCCCC2)CC(=O)N(C)CCCC(=O)N(C)[C@@H](Cc2ccccc2)C(=O)N[C@@H]([C@@H](C)O)C(=O)N(C)CC(=O)N[C@@H](COC(C)(C)C)C(=O)N1C,9,Lariat,-4.66,,,,1.5658,0.6699999999999999,1,1.0,0.99565107,1.0,1.0,1.0,0.99433583,1.0,1.0,1.0,0.99987996,1.0,0.9995763,1.0,0.9995453,1.0,0.9999975,1.0,0.99999523,1.0,0.99915195,1.0
534,2013_CHUGAI,2013,DP-526,534,CC(C)C[C@H]1C(=O)N(C)[C@@H](Cc2ccccc2)C(=O)N[C@H](C(=O)N2CCCCC2)CC(=O)N[C@H](C(C)C)C(=O)N[C@@H](C)C(=O)N[C@@H]([C@@H](C)O)C(=O)N(C)[C@@H](C)C(=O)N[C@@H](Cc2ccccc2)C(=O)N1C,9,Lariat,-4.85,,,,0.9157,0.5750000000000002,1,1.0,0.95710546,1.0,0.9991165,1.0,0.8468612,1.0,1.0,1.0,0.93037456,1.0,0.9965926,1.0,0.9968707,1.0,0.9282819,1.0,0.77994066,1.0,0.6326242,1.0
535,2013_CHUGAI,2013,DP-527,535,CC(C)C[C@H]1C(=O)N[C@H](C(=O)N2CCCCC2)CC(=O)N(C)[C@H](C)C(=O)N(C)[C@@H](Cc2ccccc2)C(=O)N(C)[C@@H](CC(C)C)C(=O)N[C@@H]([C@@H](C)O)C(=O)N(C)CC(=O)N[C@@H](COC(C)(C)C)C(=O)N1C,9,Lariat,-4.96,,,,1.1741,0.52,1,1.0,0.9991346,1.0,1.0,1.0,0.99720544,1.0,1.0,1.0,0.9999963,1.0,0.9999337,1.0,0.9999896,1.0,1.0,1.0,0.9999995,1.0,0.9998548,1.0
536,2013_CHUGAI,2013,DP-528,536,CC(C)C[C@H]1C(=O)N[C@@H](COC(C)(C)C)C(=O)N[C@H](C(=O)N2CCCCC2)CC(=O)N[C@H](C)C(=O)N(C)[C@@H](Cc2ccccc2)C(=O)N(C)[C@@H](CC(C)C)C(=O)N[C@@H]([C@@H](C)O)C(=O)N(C)CC(=O)N1C,9,Lariat,-4.89,,,,0.8319,0.5550000000000002,1,1.0,0.99935144,1.0,0.9999949,1.0,0.9978517,1.0,1.0,1.0,0.9999832,1.0,0.9998945,1.0,0.9999883,1.0,1.0,1.0,0.99993587,1.0,0.9998615,1.0
537,2013_CHUGAI,2013,DP-529,537,CC(C)C[C@H]1C(=O)N[C@@H](COC(C)(C)C)C(=O)N[C@H](C(=O)N2CCCCC2)CC(=O)N[C@H](C)C(=O)N(C)[C@@H](Cc2ccccc2)C(=O)N(C)[C@@H](CC(C)C)C(=O)N[C@@H]([C@@H](C)O)C(=O)N(C)[C@@H](C)C(=O)N1C,9,Lariat,-4.64,,,,1.2204,0.6800000000000002,1,1.0,0.99940264,1.0,0.9999944,1.0,0.997017,1.0,1.0,1.0,0.9999566,1.0,0.9997003,1.0,0.9999987,1.0,1.0,1.0,0.9998684,1.0,0.9997826,1.0
538,2013_CHUGAI,2013,DP-530,538,CC(C)C[C@@H]1NC(=O)[C@H](Cc2ccccc2)N(C)C(=O)[C@H]([C@@H](C)O)NC(=O)[C@H](Cc2ccccc2)N(C)C(=O)[C@H](C)N(C)C(=O)[C@H](C)NC(=O)C[C@@H](C(=O)N2CCCCC2)NC(=O)[C@@H]2CCCN2C1=O,9,Lariat,-4.96,,,,0.7659,0.52,1,1.0,0.6038619,1.0,0.99789596,1.0,0.92223287,1.0,0.99996996,1.0,0.9834056,1.0,0.99243474,1.0,0.9982613,1.0,0.9754284,1.0,0.86100674,1.0,0.93334335,1.0
641,2013_CHUGAI,2013,DP-673,641,CC(C)C[C@@H]1NC(=O)[C@H](C)NC(=O)C[C@@H](C(=O)N2CCCCC2)NC(=O)[C@H](Cc2ccccc2)N(C)C(=O)[C@H](CC(C)C)N(C)C(=O)[C@H](C)NC(=O)[C@H](Cc2ccccc2)N(C)C(=O)[C@H](CC(C)C)N(C)C1=O,9,Lariat,-4.52,,,,3.3133,0.7400000000000002,1,1.0,0.9571111,1.0,0.98246956,1.0,0.8809549,1.0,0.9999838,1.0,0.970688,1.0,0.9899301,1.0,0.96363527,1.0,0.9503757,1.0,0.87379825,1.0,0.99270904,1.0
647,2013_CHUGAI,2013,DP-682,647,CC(C)C[C@H]1C(=O)N[C@H](C(=O)N2CCCCC2)CC(=O)N(C)[C@H](C)C(=O)N(C)[C@@H](Cc2ccccc2)C(=O)N(C)[C@@H](CC(C)C)C(=O)N[C@@H]([C@@H](C)O)C(=O)N(C)[C@@H](C)C(=O)N[C@@H](COC(C)(C)C)C(=O)N1C,9,Lariat,-4.89,,,,1.5626,0.5550000000000002,1,1.0,0.99919087,1.0,0.99999917,1.0,0.9975962,1.0,1.0,1.0,0.9999876,1.0,0.9999082,1.0,0.9999995,1.0,1.0,1.0,0.9999993,1.0,0.999752,1.0
648,2013_CHUGAI,2013,DP-683,648,CC(C)C[C@H]1C(=O)N[C@H](C(=O)N2CCCCC2)CC(=O)N(C)[C@H](C)C(=O)N(C)[C@@H](Cc2ccccc2)C(=O)N(C)[C@@H](CC(C)C)C(=O)N[C@@H]([C@@H](C)O)C(=O)N(C)[C@@H](CC(C)C)C(=O)N[C@@H](COC(C)(C)C)C(=O)N1C,9,Lariat,-4.49,,,,2.5888,0.7549999999999999,1,1.0,0.9992919,1.0,0.99999976,1.0,0.9969097,1.0,1.0,1.0,0.999992,1.0,0.99995804,1.0,0.9999988,1.0,1.0,1.0,0.99999976,1.0,0.99980444,1.0
649,2013_CHUGAI,2013,DP-684,649,CC(C)C[C@H]1C(=O)N[C@H](C(=O)N2CCCCC2)CC(=O)N[C@H](C)C(=O)N(C)[C@@H](Cc2ccccc2)C(=O)N(C)[C@@H](CC(C)C)C(=O)N[C@@H]([C@@H](C)O)C(=O)N(C)[C@@H](CC(C)C)C(=O)N[C@@H](COC(C)(C)C)C(=O)N1C,9,Lariat,-4.64,,,,2.2466,0.6800000000000002,1,1.0,0.9993586,1.0,1.0,1.0,0.99801254,1.0,1.0,1.0,0.99998987,1.0,0.9998981,1.0,0.9999901,1.0,1.0,1.0,0.99999535,1.0,0.999814,1.0
650,2013_CHUGAI,2013,DP-685,650,CC(C)C[C@H]1C(=O)N(C)[C@@H](CC(C)C)C(=O)N[C@H](C(=O)N2CCCCC2)CC(=O)N(C)CCCC(=O)N(C)[C@@H](Cc2ccccc2)C(=O)N[C@@H]([C@@H](C)O)C(=O)N(C)[C@@H](C)C(=O)N[C@@H](COC(C)(C)C)C(=O)N1C,9,Lariat,-4.55,,,,1.9543,0.7250000000000001,1,1.0,0.9956442,1.0,0.9999964,1.0,0.99512607,1.0,1.0,1.0,0.9996816,1.0,0.99938893,1.0,0.9999014,1.0,0.9999993,1.0,0.9999896,1.0,0.9986517,1.0
651,2013_CHUGAI,2013,DP-686,651,CC(C)C[C@H]1C(=O)N(C)[C@@H](CC(C)C)C(=O)N[C@H](C(=O)N2CCCCC2)CC(=O)N(C)CCCC(=O)N(C)[C@@H](Cc2ccccc2)C(=O)N[C@@H]([C@@H](C)O)C(=O)N(C)[C@@H](CC(C)C)C(=O)N[C@@H](COC(C)(C)C)C(=O)N1C,9,Lariat,-4.44,,,,2.9805,0.7799999999999998,1,1.0,0.9955842,1.0,0.9999945,1.0,0.9947249,1.0,1.0,1.0,0.999723,1.0,0.999788,1.0,0.9998665,1.0,0.99999964,1.0,0.99999785,1.0,0.99894065,1.0
652,2013_CHUGAI,2013,DP-687,652,CC(C)C[C@@H]1NC(=O)[C@H](Cc2ccccc2)N(C)C(=O)[C@H]([C@@H](C)O)NC(=O)[C@H](Cc2ccccc2)N(C)C(=O)[C@H](C)N(C)C(=O)[C@H](C)N(C)C(=O)C[C@@H](C(=O)N2CCCCC2)NC(=O)[C@@H]2CCCN2C1=O,9,Lariat,-5.0,,,,1.1081,0.5,1,1.0,0.38523087,1.0,0.9994118,1.0,0.8911984,1.0,0.996938,1.0,0.99309075,1.0,0.9796165,1.0,0.99824655,1.0,0.94210917,1.0,0.8753074,1.0,0.9045873,1.0
653,2013_CHUGAI,2013,DP-688,653,CC(C)C[C@@H]1NC(=O)[C@H](Cc2ccccc2)N(C)C(=O)[C@H]([C@@H](C)O)NC(=O)[C@H](Cc2ccccc2)N(C)C(=O)[C@H](C)N(C)C(=O)[C@H](CC(C)C)N(C)C(=O)C[C@@H](C(=O)N2CCCCC2)NC(=O)[C@@H]2CCCN2C1=O,9,Lariat,-4.77,,,,2.1343,0.6150000000000002,1,1.0,0.8906034,1.0,0.9954247,1.0,0.81499714,1.0,0.99991345,1.0,0.9901777,1.0,0.99831796,1.0,0.99278,1.0,0.98268247,1.0,0.9859642,1.0,0.9310896,1.0
654,2013_CHUGAI,2013,DP-689,654,CC(C)C[C@H]1C(=O)N(C)[C@@H](Cc2ccccc2)C(=O)N(C)[C@@H](CC(C)C)C(=O)N[C@@H]([C@@H](C)O)C(=O)N(C)CC(=O)N[C@@H](COC(C)(C)C)C(=O)N(C)[C@@H](CC(C)C)C(=O)N[C@H](C(=O)N2CCCCC2)CC(=O)N1C,9,Lariat,-4.36,,,,2.2003,0.8199999999999998,1,1.0,0.99773264,1.0,1.0,1.0,0.9983918,1.0,1.0,1.0,0.9999869,1.0,0.99995375,1.0,0.99995196,1.0,0.99999976,1.0,0.99999917,1.0,0.9997682,1.0
655,2013_CHUGAI,2013,DP-690,655,CC(C)C[C@@H]1NC(=O)[C@H]([C@@H](C)O)NC(=O)[C@H](CC(C)C)N(C)C(=O)CN(C)C(=O)[C@H](Cc2ccccc2)N(C)C(=O)[C@H](C(C)C)NC(=O)C[C@@H](C(=O)N2CCCCC2)NC(=O)[C@H](CC(C)C)N(C)C1=O,9,Lariat,-4.48,,,,1.699,0.7599999999999998,1,1.0,0.9867556,1.0,0.9861696,1.0,0.96380544,1.0,1.0,1.0,0.9792875,1.0,0.999876,1.0,0.996572,1.0,0.9981579,1.0,0.9658752,1.0,0.9973194,1.0
656,2013_CHUGAI,2013,DP-691,656,CC(C)C[C@@H]1NC(=O)CN(C)C(=O)[C@H](CC(C)C)N(C)C(=O)[C@H]([C@@H](C)O)NC(=O)[C@H](CC(C)C)N(C)C(=O)[C@H](Cc2ccccc2)N(C)C(=O)[C@H](C(C)C)NC(=O)C[C@@H](C(=O)N2CCCCC2)NC1=O,9,Lariat,-4.48,,,,1.699,0.7599999999999998,1,1.0,0.9830547,1.0,0.99114954,1.0,0.96532536,1.0,0.99999964,1.0,0.98836666,1.0,0.9999465,1.0,0.9967913,1.0,0.99367225,1.0,0.9840169,1.0,0.9955883,1.0
657,2013_CHUGAI,2013,DP-692,657,CC(C)C[C@@H]1NC(=O)C[C@@H](C(=O)N2CCCCC2)NC(=O)[C@H](COC(C)(C)C)NC(=O)[C@H](CC(C)C)N(C)C(=O)CN(C)C(=O)[C@H]([C@@H](C)O)NC(=O)[C@H](CC(C)C)N(C)C(=O)[C@H](Cc2ccccc2)N(C)C1=O,9,Lariat,-4.54,,,,1.8581,0.73,1,1.0,0.9827367,1.0,0.9999554,1.0,0.99283123,1.0,1.0,1.0,0.99688584,1.0,0.9998223,1.0,0.9998628,1.0,0.9998574,1.0,0.9981263,1.0,0.9982132,1.0
658,2013_CHUGAI,2013,DP-693,658,CC(C)C[C@H]1C(=O)N(C)[C@@H](CC(C)C)C(=O)N[C@H](C(=O)N2CCCCC2)CC(=O)N[C@@H](C(C)C)C(=O)N(C)[C@@H](Cc2ccccc2)C(=O)N[C@@H]([C@@H](C)O)C(=O)N(C)CC(=O)N[C@@H](COC(C)(C)C)C(=O)N1C,9,Lariat,-4.46,,,,1.468,0.77,1,1.0,0.99664944,1.0,1.0,1.0,0.99689144,1.0,1.0,1.0,0.99998546,1.0,0.99994373,1.0,0.999959,1.0,0.99999595,1.0,0.99998534,1.0,0.99938726,1.0
659,2013_CHUGAI,2013,DP-694,659,CC(C)C[C@H]1C(=O)N(C)[C@@H](CC(C)C)C(=O)N[C@@H](COC(C)(C)C)C(=O)N[C@H](C(=O)N2CCCCC2)CC(=O)N[C@@H](C(C)C)C(=O)N(C)[C@@H](Cc2ccccc2)C(=O)N(C)CC(=O)N[C@@H]([C@@H](C)O)C(=O)N1C,9,Lariat,-4.48,,,,1.468,0.7599999999999998,1,1.0,0.9947923,1.0,0.99999666,1.0,0.99615616,1.0,1.0,1.0,0.9999707,1.0,0.9997434,1.0,0.9999912,1.0,0.9999975,1.0,0.9999275,1.0,0.998257,1.0
660,2013_CHUGAI,2013,DP-695,660,CC(C)C[C@H]1C(=O)N(C)[C@@H](CC(C)C)C(=O)N[C@@H](COC(C)(C)C)C(=O)N[C@H](C(=O)N2CCCCC2)CC(=O)N(C)CCCC(=O)N(C)[C@@H](Cc2ccccc2)C(=O)N[C@@H]([C@@H](C)O)C(=O)N(C)CC(=O)N1C,9,Lariat,-4.82,,,,1.5658,0.5899999999999999,1,1.0,0.9948388,1.0,0.99997854,1.0,0.9951031,1.0,1.0,1.0,0.99983406,1.0,0.999491,1.0,0.9998703,1.0,0.99999976,1.0,0.99997663,1.0,0.9994204,1.0
661,2013_CHUGAI,2013,DP-696,661,CC(C)C[C@@H]1NC(=O)[C@H]([C@@H](C)O)NC(=O)[C@H](CC(C)C)N(C)C(=O)[C@H](Cc2ccccc2)N(C)C(=O)[C@H](C)N(C)C(=O)C[C@@H](C(=O)N2CCCCC2)NC(=O)[C@H](COC(C)(C)C)NC(=O)[C@H](CC(C)C)N(C)C1=O,9,Lariat,-4.43,,,,2.2466,0.7850000000000001,1,1.0,0.9541935,1.0,0.9894286,1.0,0.9608968,1.0,0.9999875,1.0,0.9826398,1.0,0.99512863,1.0,0.99950373,1.0,0.9980975,1.0,0.7062657,1.0,0.9907815,1.0
662,2013_CHUGAI,2013,DP-697,662,CC(C)C[C@H]1C(=O)N[C@H](C(=O)N2CCCCC2)CC(=O)N(C)[C@@H](C)C(=O)N(C)[C@@H](Cc2ccccc2)C(=O)N(C)[C@@H](CC(C)C)C(=O)N[C@@H]([C@@H](C)O)C(=O)N(C)CC(=O)N[C@@H](COC(C)(C)C)C(=O)N1C,9,Lariat,-4.46,,,,1.1741,0.77,1,1.0,0.9973043,1.0,1.0,1.0,0.9967044,1.0,1.0,1.0,0.9999926,1.0,0.99994326,1.0,0.99999046,1.0,0.99999976,1.0,0.9999987,1.0,0.99968374,1.0
663,2013_CHUGAI,2013,DP-698,663,CC(C)C[C@@H]1NC(=O)[C@H](CC(C)C)N(C)C(=O)[C@H](COC(C)(C)C)NC(=O)[C@H](Cc2ccccc2)N(C)C(=O)[C@H](C)N(C)C(=O)C[C@@H](C(=O)N2CCCCC2)NC(=O)[C@H](CC(C)C)N(C)C(=O)[C@H]([C@@H](C)O)NC1=O,9,Lariat,-4.51,,,,2.2466,0.7450000000000001,1,1.0,0.85030276,1.0,0.9994165,1.0,0.9658414,1.0,0.99994874,1.0,0.9927608,1.0,0.9962728,1.0,0.9943178,1.0,0.99472237,1.0,0.9708573,1.0,0.9959979,1.0
664,2013_CHUGAI,2013,DP-699,664,CC(C)C[C@H]1C(=O)N(C)[C@@H](Cc2ccccc2)C(=O)N[C@H](C(=O)N2CCCCC2)CC(=O)N(C)[C@@H](C)C(=O)N[C@@H](C)C(=O)N[C@@H]([C@@H](C)O)C(=O)N(C)[C@@H](CC(C)C)C(=O)N[C@@H](Cc2ccccc2)C(=O)N1C,9,Lariat,-4.54,,,,1.648,0.73,1,1.0,0.97227263,1.0,0.9992649,1.0,0.96599936,1.0,1.0,1.0,0.99492526,1.0,0.99967885,1.0,0.9997738,1.0,0.9999896,1.0,0.9939122,1.0,0.9846081,1.0
665,2013_CHUGAI,2013,DP-700,665,CC(C)C[C@H]1C(=O)N[C@@H]([C@@H](C)O)C(=O)N[C@@H](C)C(=O)N(C)[C@@H](Cc2ccccc2)C(=O)N[C@H](C(=O)N2CCCCC2)CC(=O)N(C)[C@@H](C)C(=O)N(C)[C@@H](CC(C)C)C(=O)N[C@@H](Cc2ccccc2)C(=O)N1C,9,Lariat,-4.31,,,,1.648,0.8450000000000002,1,1.0,0.9953158,1.0,0.9999956,1.0,0.9758446,1.0,1.0,1.0,0.997635,1.0,0.999622,1.0,0.99997497,1.0,0.9999945,1.0,0.9969007,1.0,0.9981773,1.0
666,2013_CHUGAI,2013,DP-701,666,CC(C)C[C@@H]1NC(=O)[C@@H](C(C)C)NC(=O)C[C@@H](C(=O)N2CCCCC2)NC(=O)[C@H](Cc2ccccc2)N(C)C(=O)[C@H](CC(C)C)N(C)C(=O)[C@H](Cc2ccccc2)NC(=O)[C@H](C)N(C)C(=O)[C@H]([C@@H](C)O)NC1=O,9,Lariat,-4.51,,,,1.9419,0.7450000000000001,1,1.0,0.9116232,1.0,0.965546,1.0,0.97083473,1.0,0.999938,1.0,0.9790066,1.0,0.9654816,1.0,0.9860421,1.0,0.9508543,1.0,0.9700513,1.0,0.94392866,1.0
667,2013_CHUGAI,2013,DP-702,667,CC(C)C[C@@H]1NC(=O)[C@@H](C(C)C)NC(=O)C[C@@H](C(=O)N2CCCCC2)NC(=O)[C@H](Cc2ccccc2)NC(=O)[C@H](CC(C)C)N(C)C(=O)[C@H](Cc2ccccc2)N(C)C(=O)[C@H](C)N(C)C(=O)[C@H]([C@@H](C)O)NC1=O,9,Lariat,-4.6,,,,1.9419,0.7000000000000002,1,1.0,0.7094517,1.0,0.28768352,1.0,0.922727,1.0,0.9963207,1.0,0.9573381,1.0,0.6348953,1.0,0.3419652,1.0,0.91823417,1.0,0.38734922,1.0,0.6728373,1.0
668,2013_CHUGAI,2013,DP-703,668,CC(C)C[C@@H]1NC(=O)[C@H](Cc2ccccc2)N(C)C(=O)[C@@H](C(C)C)NC(=O)C[C@@H](C(=O)N2CCCCC2)NC(=O)[C@H](Cc2ccccc2)NC(=O)[C@H](CC(C)C)N(C)C(=O)[C@H]([C@@H](C)O)NC(=O)[C@H](CC(C)C)N(C)C1=O,9,Lariat,-4.47,,,,2.9681,0.7650000000000001,1,1.0,0.9687542,1.0,0.9985903,1.0,0.9692565,1.0,0.99998534,1.0,0.99554884,1.0,0.9997925,1.0,0.99557436,1.0,0.999491,1.0,0.9110133,1.0,0.996276,1.0
669,2013_CHUGAI,2013,DP-704,669,CC(C)C[C@H]1C(=O)N[C@H](C(=O)N2CCCCC2)CC(=O)N(C)CCC(=O)N[C@@H]([C@@H](C)O)C(=O)N(C)[C@@H](C)C(=O)N[C@@H](COC(C)(C)C)C(=O)N(C)[C@@H](Cc2ccccc2)C(=O)N(C)[C@@H](CC(C)C)C(=O)N1C,9,Lariat,-4.54,,,,1.5642,0.73,1,1.0,0.99084646,1.0,0.99998724,1.0,0.9925639,1.0,1.0,1.0,0.9994661,1.0,0.99925977,1.0,0.9992526,1.0,0.99999845,1.0,0.99999774,1.0,0.99599826,1.0
670,2013_CHUGAI,2013,DP-705,670,CC(C)C[C@H]1C(=O)N(C)[C@@H](CC(C)C)C(=O)N[C@@H]([C@@H](C)O)C(=O)N(C)[C@@H](Cc2ccccc2)C(=O)N[C@@H](COC(C)(C)C)C(=O)N(C)[C@@H](CC(C)C)C(=O)N[C@H](C(=O)N2CCCCC2)CC(=O)N(C)CCC(=O)N1C,9,Lariat,-4.31,,,,2.5904,0.8450000000000002,1,1.0,0.9960012,1.0,0.99999547,1.0,0.9945294,1.0,1.0,1.0,0.9998646,1.0,0.9999336,1.0,0.9998431,1.0,0.9999989,1.0,0.9999995,1.0,0.99953663,1.0
671,2013_CHUGAI,2013,DP-706,671,CC(C)C[C@@H]1NC(=O)[C@H](CC(C)C)N(C)C(=O)[C@H](CC(C)C)N(C)C(=O)C[C@@H](C(=O)N2CCCCC2)NC(=O)[C@H](Cc2ccccc2)N(C)C(=O)[C@@H]2CCCN2C(=O)[C@H]([C@@H](C)O)NC(=O)[C@H](Cc2ccccc2)N(C)C1=O,9,Lariat,-4.32,,,,3.1605,0.8399999999999999,1,1.0,0.91915023,1.0,0.9839416,1.0,0.6406206,1.0,0.8220881,1.0,0.705449,1.0,0.9956722,1.0,0.8643772,1.0,0.57474846,1.0,0.98358613,1.0,0.82092524,1.0
672,2013_CHUGAI,2013,DP-707,672,CC(C)C[C@H]1C(=O)N[C@@H](COC(C)(C)C)C(=O)N[C@H](C(=O)N2CCCCC2)CC(=O)N(C)[C@@H](C)C(=O)N(C)[C@@H](Cc2ccccc2)C(=O)N(C)[C@@H](CC(C)C)C(=O)N[C@@H]([C@@H](C)O)C(=O)N(C)[C@@H](C)C(=O)N1C,9,Lariat,-4.54,,,,1.5626,0.73,1,1.0,0.99722844,1.0,0.99999905,1.0,0.9957159,1.0,1.0,1.0,0.999951,1.0,0.9999206,1.0,0.9999999,1.0,1.0,1.0,0.99997544,1.0,0.9994672,1.0
673,2013_CHUGAI,2013,DP-708,673,CC(C)C[C@H]1C(=O)N[C@H](C(=O)N2CCCCC2)CC(=O)N[C@H](C)C(=O)N(C)[C@@H](Cc2ccccc2)C(=O)N(C)[C@@H](CC(C)C)C(=O)N[C@@H]([C@@H](C)O)C(=O)N(C)[C@@H](C)C(=O)N[C@@H](COC(C)(C)C)C(=O)N1C,9,Lariat,-4.8,,,,1.2204,0.6000000000000001,1,1.0,0.9995129,1.0,0.9999982,1.0,0.9980325,1.0,1.0,1.0,0.99997747,1.0,0.9997793,1.0,0.99999595,1.0,1.0,1.0,0.99998343,1.0,0.9998485,1.0
674,2013_CHUGAI,2013,DP-709,674,CC(C)C[C@H]1C(=O)N[C@@H](COC(C)(C)C)C(=O)N[C@H](C(=O)N2CCCCC2)CC(=O)N(C)CC(=O)N[C@@H]([C@@H](C)O)C(=O)N(C)[C@@H](C)C(=O)N(C)[C@@H](Cc2ccccc2)C(=O)N(C)[C@@H](Cc2ccccc2)C(=O)N1C,9,Lariat,-4.46,,,,1.3707,0.77,1,1.0,0.99737763,1.0,0.999944,1.0,0.9938804,1.0,1.0,1.0,0.9999627,1.0,0.9998211,1.0,0.9999788,1.0,0.9999999,1.0,0.99998975,1.0,0.99836534,1.0
675,2013_CHUGAI,2013,DP-710,675,CC(C)C[C@H]1C(=O)N(C)[C@@H](Cc2ccccc2)C(=O)N[C@H](C(=O)N2CCCCC2)CC(=O)N(C)[C@@H](C)C(=O)N[C@@H]([C@@H](C)O)C(=O)N(C)CC(=O)N[C@@H](COC(C)(C)C)C(=O)N(C)[C@@H](Cc2ccccc2)C(=O)N1C,9,Lariat,-4.36,,,,1.3707,0.8199999999999998,1,1.0,0.9975562,1.0,1.0,1.0,0.996757,1.0,1.0,1.0,0.9999832,1.0,0.9999232,1.0,0.99998283,1.0,0.9999993,1.0,0.9999969,1.0,0.99969304,1.0
676,2013_CHUGAI,2013,DP-711,676,CC(C)C[C@H]1C(=O)N[C@@H](COC(C)(C)C)C(=O)N[C@H](C(=O)N2CCCCC2)CC(=O)N[C@@H](C)C(=O)N(C)[C@@H](Cc2ccccc2)C(=O)N(C)CC(=O)N(C)[C@@H](Cc2ccccc2)C(=O)N[C@@H]([C@@H](C)O)C(=O)N1C,9,Lariat,-4.54,,,,1.0285,0.73,1,1.0,0.9986998,1.0,0.9999993,1.0,0.99665487,1.0,1.0,1.0,0.99993515,1.0,0.9997912,1.0,0.99999714,1.0,0.99999845,1.0,0.9999527,1.0,0.99920446,1.0
677,2013_CHUGAI,2013,DP-712,677,CC(C)C[C@H]1C(=O)N(C)[C@@H](Cc2ccccc2)C(=O)N[C@H](C(=O)N2CCCCC2)CC(=O)N(C)CCCC(=O)N(C)[C@@H](C)C(=O)N(C)[C@@H](CC(C)C)C(=O)N[C@@H]([C@@H](C)O)C(=O)N(C)CC(=O)N1C,9,Lariat,-4.92,,,,1.1128,0.54,1,1.0,0.9849375,1.0,0.9999982,1.0,0.97076875,1.0,1.0,1.0,0.9988901,1.0,0.99979407,1.0,0.9991222,1.0,0.99999523,1.0,0.99985087,1.0,0.9983448,1.0
678,2013_CHUGAI,2013,DP-713,678,CC(C)C[C@@H]1NC(=O)[C@H](CC(C)C)N(C)C(=O)[C@H](Cc2ccccc2)N(C)C(=O)[C@H]([C@@H](C)O)NC(=O)[C@H](CC(C)C)N(C)C(=O)CN(C)C(=O)CCCN(C)C(=O)C[C@@H](C(=O)N2CCCCC2)NC1=O,9,Lariat,-4.57,,,,1.7968,0.7149999999999999,1,1.0,0.39129338,1.0,0.14335053,1.0,0.8695558,1.0,0.95197797,1.0,0.9085908,1.0,0.99392056,1.0,0.93131787,1.0,0.99628556,1.0,0.14081217,1.0,0.9825749,1.0
679,2013_CHUGAI,2013,DP-714,679,CC(C)C[C@@H]1NC(=O)[C@H](CC(C)C)N(C)C(=O)[C@H]([C@@H](C)O)NC(=O)[C@H](Cc2ccccc2)N(C)C(=O)CN(C)C(=O)[C@H](CC(C)C)N(C)C(=O)[C@@H](C(C)C)NC(=O)C[C@@H](C(=O)N2CCCCC2)NC1=O,9,Lariat,-4.51,,,,1.699,0.7450000000000001,1,1.0,0.97423697,1.0,0.9988248,1.0,0.9689645,1.0,0.9983505,1.0,0.99719584,1.0,0.99984634,1.0,0.9960427,1.0,0.9957202,1.0,0.99368036,1.0,0.99692553,1.0
750,2013_CHUGAI,2013,DP-785,750,CC(C)C[C@H]1C(=O)N(C)[C@@H](Cc2ccccc2)C(=O)NCC(=O)N[C@@H](C)CC(=O)N(C)CCCC(=O)N[C@@H]([C@@H](C)O)C(=O)N(C)[C@@H](C)C(=O)N(C)[C@@H](Cc2ccccc2)C(=O)N[C@@H](COC(C)(C)C)C(=O)N1C,9,Circle,-4.54,,,,1.2745,0.73,1,1.0,0.9949555,1.0,1.0,1.0,0.9865211,1.0,1.0,1.0,0.9999205,1.0,0.99978083,1.0,0.99981993,1.0,0.99995863,1.0,0.9999999,1.0,0.99861205,1.0
751,2013_CHUGAI,2013,DP-786,751,CC(C)C[C@H]1C(=O)N[C@@H](COC(C)(C)C)C(=O)N[C@@H](C)CC(=O)N[C@H](C)C(=O)N(C)[C@@H](C)C(=O)N(C)[C@@H](Cc2ccccc2)C(=O)N(C)[C@@H](C)C(=O)N[C@@H]([C@@H](C)O)C(=O)N(C)[C@@H](C)C(=O)N1C,9,Circle,-5.23,,,,0.0485,0.3849999999999998,1,1.0,0.9989794,1.0,0.9999999,1.0,0.9966863,1.0,1.0,1.0,0.99987185,1.0,0.99995065,1.0,1.0,1.0,0.9999932,1.0,0.9999987,1.0,0.9945052,1.0
752,2013_CHUGAI,2013,DP-787,752,CC(C)C[C@H]1C(=O)N[C@@H](COC(C)(C)C)C(=O)N[C@@H](C)CC(=O)N[C@H](C)C(=O)N(C)[C@@H](C)C(=O)N(C)[C@@H](Cc2ccccc2)C(=O)N(C)[C@@H](CC(C)C)C(=O)N[C@@H]([C@@H](C)O)C(=O)N(C)[C@@H](C)C(=O)N1C,9,Circle,-4.54,,,,1.0747,0.73,1,1.0,0.9995127,1.0,1.0,1.0,0.9980254,1.0,1.0,1.0,0.99996984,1.0,0.99998534,1.0,1.0,1.0,0.9999982,1.0,0.9999999,1.0,0.9986305,1.0
753,2013_CHUGAI,2013,DP-788,753,CC(C)C[C@H]1C(=O)N(C)[C@@H](Cc2ccccc2)C(=O)N(C)[C@@H](CC(C)C)C(=O)N[C@@H](C)CC(=O)N[C@H](C(C)C)C(=O)N[C@@H](C)C(=O)N[C@@H]([C@@H](C)O)C(=O)N(C)[C@@H](C)C(=O)N[C@@H](Cc2ccccc2)C(=O)N1C,9,Circle,-4.31,,,,1.7962,0.8450000000000002,1,1.0,0.96560615,1.0,0.9986638,1.0,0.8502147,1.0,1.0,1.0,0.86299425,1.0,0.99828666,1.0,0.9996137,1.0,0.9985493,1.0,0.99725777,1.0,0.33747765,1.0
754,2013_CHUGAI,2013,DP-789,754,CC[C@H](C)[C@H]1C(=O)N[C@@H](C)CC(=O)N(C)[C@H](C)C(=O)N(C)[C@@H](Cc2ccccc2)C(=O)N(C)[C@@H](CC(C)C)C(=O)N[C@@H]([C@@H](C)O)C(=O)N(C)CC(=O)N[C@@H](COC(C)(C)C)C(=O)N(C)[C@@H](CC(C)C)C(=O)N1C,9,Circle,-4.46,,,,2.0546,0.77,1,1.0,0.9993325,1.0,1.0,1.0,0.9982973,1.0,1.0,1.0,0.9999999,1.0,0.9999963,1.0,0.9999999,1.0,1.0,1.0,1.0,1.0,0.9999937,1.0
755,2013_CHUGAI,2013,DP-790,755,CC(C)C[C@@H]1NC(=O)[C@@H](C(C)C)NC(=O)C[C@H](C)NC(=O)[C@H](CC(C)C)N(C)C(=O)[C@H](Cc2ccccc2)N(C)C(=O)[C@H](CC(C)C)N(C)C(=O)[C@H](Cc2ccc(C(F)(F)F)cc2)NC(=O)[C@H](C)N(C)C(=O)[C@H]([C@@H](C)O)NC1=O,9,Circle,-4.25,,,,3.8412,0.875,1,1.0,0.9345973,1.0,0.9992836,1.0,0.965211,1.0,1.0,1.0,0.98929745,1.0,0.99598914,1.0,0.9993284,1.0,0.9877187,1.0,0.9715109,1.0,0.9997272,1.0
756,2013_CHUGAI,2013,DP-791,756,CC(C)C[C@@H]1NC(=O)[C@H](Cc2ccccc2)N(C)C(=O)[C@H](C)N(C)C(=O)C[C@H](C)NC(=O)[C@H]([C@@H](C)O)NC(=O)[C@H](CC(C)C)N(C)C(=O)[C@H](Cc2ccccc2)NC(=O)[C@H](CC(C)C)N(C)C(=O)[C@H](CC(C)C)N(C)C1=O,9,Circle,-4.39,,,,3.5547,0.8050000000000002,1,1.0,0.9962368,1.0,0.99999297,1.0,0.9963552,1.0,1.0,1.0,0.999816,1.0,0.9999932,1.0,0.9999194,1.0,0.9999707,1.0,0.9982975,1.0,0.99998486,1.0
757,2013_CHUGAI,2013,DP-792,757,CC(C)C[C@@H]1NC(=O)[C@@H](C(C)C)NC(=O)C[C@H](C)NC(=O)[C@H](CC(C)C)N(C)C(=O)[C@H](Cc2cccc(Cl)c2)N(C)C(=O)[C@H](CC(C)C)N(C)C(=O)[C@H](Cc2ccc(C(F)(F)F)cc2)NC(=O)[C@H](C)N(C)C(=O)[C@H]([C@@H](C)O)NC1=O,9,Circle,-4.48,,,,4.4946,0.7599999999999998,1,1.0,0.8612788,1.0,0.9996829,1.0,0.84385777,1.0,1.0,1.0,0.98685616,1.0,0.971983,1.0,0.98766243,1.0,0.99787474,1.0,0.96662974,1.0,0.99981517,1.0
758,2013_CHUGAI,2013,DP-793,758,CC(C)C[C@@H]1NC(=O)[C@H](Cc2ccccc2)N(C)C(=O)[C@H](CC(C)C)N(C)C(=O)[C@@H](C)N(C)C(=O)C[C@H](C)NC(=O)[C@H](CC(C)C)N(C)C(=O)[C@H](Cc2ccccc2)N(C)C(=O)[C@H]([C@@H](C)O)NC(=O)[C@H](Cc2ccccc2)N(C)C1=O,9,Circle,-4.28,,,,4.0935,0.8599999999999999,1,1.0,0.9955603,1.0,0.99999475,1.0,0.99784327,1.0,1.0,1.0,0.9998834,1.0,0.99999964,1.0,0.99985206,1.0,0.9999225,1.0,0.99923646,1.0,0.9999981,1.0
764,2013_CHUGAI,2013,DP-799,764,CC[C@H](C)[C@H]1C(=O)N[C@@H](C)CC(=O)N(C)[C@H](C)C(=O)N(C)[C@@H](Cc2cccc(Cl)c2)C(=O)N(C)[C@@H](CC(C)C)C(=O)N[C@@H]([C@@H](C)O)C(=O)N(C)CC(=O)N[C@@H](COC(C)(C)C)C(=O)N(C)[C@@H](CC(C)C)C(=O)N1C,9,Circle,-4.49,,,,2.708,0.7549999999999999,1,1.0,0.99838483,1.0,1.0,1.0,0.9985826,1.0,1.0,1.0,0.9999964,1.0,0.999788,1.0,0.9999999,1.0,0.9999994,1.0,0.99999714,1.0,0.9999943,1.0
765,2013_CHUGAI,2013,DP-800,765,CC[C@H](C)[C@H]1C(=O)N[C@@H](C)CC(=O)N(C)[C@H](C)C(=O)N(C)[C@@H](CC(C)C)C(=O)N(C)[C@@H](CC(C)C)C(=O)N[C@@H]([C@@H](C)O)C(=O)N(C)CC(=O)N[C@@H](COC(C)(C)C)C(=O)N(C)[C@@H](CC(C)C)C(=O)N1C,9,Circle,-4.6,,,,1.858,0.7000000000000002,1,1.0,0.9992893,1.0,1.0,1.0,0.99903214,1.0,1.0,1.0,0.9999999,1.0,0.9999962,1.0,0.9999999,1.0,1.0,1.0,1.0,1.0,0.99999595,1.0
766,2013_CHUGAI,2013,DP-801,766,CC(C)C[C@H]1C(=O)N[C@@H](COC(C)(C)C)C(=O)N[C@@H](C)CC(=O)N[C@H](C(C)C)C(=O)N(C)[C@@H](Cc2cccc(Cl)c2)C(=O)N(C)[C@@H](C)C(=O)N(C)[C@@H](CC(C)C)C(=O)N[C@@H]([C@@H](C)O)C(=O)N(C)[C@@H](C)C(=O)N1C,9,Circle,-4.22,,,,2.3642,0.8900000000000001,1,1.0,0.9969325,1.0,0.99999905,1.0,0.9986877,1.0,1.0,1.0,0.9999621,1.0,0.9999069,1.0,1.0,1.0,0.9999963,1.0,0.99994063,1.0,0.9997247,1.0
767,2013_CHUGAI,2013,DP-802,767,CC(C)C[C@H]1C(=O)N[C@@H](COC(C)(C)C)C(=O)N[C@@H](C)CC(=O)N[C@H](C(C)C)C(=O)N(C)[C@@H](CC(C)C)C(=O)N(C)[C@@H](C)C(=O)N(C)[C@@H](CC(C)C)C(=O)N[C@@H]([C@@H](C)O)C(=O)N(C)[C@@H](C)C(=O)N1C,9,Circle,-4.54,,,,1.5142,0.73,1,1.0,0.9985417,1.0,1.0,1.0,0.9990233,1.0,1.0,1.0,0.9999969,1.0,0.9999969,1.0,1.0,1.0,0.9999999,1.0,1.0,1.0,0.9997384,1.0
784,2013_CHUGAI,2013,DP-819,784,CC[C@H](C)[C@@H]1NC(=O)[C@H](C)N(C)C(=O)[C@H]([C@@H](C)O)NC(=O)[C@H](C(C)C)N(C)C(=O)[C@@H](C)N(C)C(=O)C[C@H](C)NC(=O)[C@H](Cc2ccccc2)NC(=O)[C@H](C)NC(=O)[C@H](Cc2ccccc2)N(C)C1=O,9,Circle,-4.52,,,,0.77,0.7400000000000002,1,1.0,0.87596714,1.0,0.99999964,1.0,0.99131083,1.0,1.0,1.0,0.9999542,1.0,0.9999994,1.0,0.9871732,1.0,0.9995622,1.0,0.9842083,1.0,0.9999521,1.0
788,2013_CHUGAI,2013,DP-823,788,CC[C@H](C)[C@@H]1NC(=O)[C@H](CC(C)C)N(C)C(=O)[C@H](C)NC(=O)CCCN(C)C(=O)C[C@H](C)NC(=O)[C@H]([C@@H](C)O)NC(=O)[C@H](Cc2ccccc2)NC(=O)[C@H](C(C)C)N(C)C(=O)[C@H](CC(C)C)N(C)C1=O,9,Circle,-4.51,,,,1.9913,0.7450000000000001,1,1.0,0.969462,1.0,0.99621946,1.0,0.9836467,1.0,1.0,1.0,0.9953891,1.0,0.99982136,1.0,0.99792176,1.0,0.9971079,1.0,0.9347228,1.0,0.9978478,1.0
789,2013_CHUGAI,2013,DP-824,789,CC[C@H](C)[C@@H]1NC(=O)[C@H](CC(C)C)N(C)C(=O)[C@H](C)NC(=O)CCCN(C)C(=O)C[C@H](C)NC(=O)[C@H]([C@@H](C)O)NC(=O)[C@H](Cc2ccccc2)NC(=O)[C@H](C(C)C)N(C)C(=O)[C@H](Cc2ccccc2)N(C)C1=O,9,Circle,-4.54,,,,2.1879,0.73,1,1.0,0.98644155,1.0,0.9962392,1.0,0.9834979,1.0,1.0,1.0,0.9977811,1.0,0.99997914,1.0,0.9996971,1.0,0.99659353,1.0,0.98774403,1.0,0.99856025,1.0
793,2013_CHUGAI,2013,DP-828,793,CC[C@H](C)[C@@H]1NC(=O)[C@H](CC(C)C)N(C)C(=O)[C@@H](C(C)C)NC(=O)C[C@H](C)NC(=O)[C@H](CC(C)C)N(C)C(=O)[C@H](C)N(C)C(=O)[C@H]([C@@H](C)O)NC(=O)[C@H](Cc2cccc(Cl)c2)N(C)C(=O)[C@H](C)N(C)C1=O,9,Circle,-4.38,,,,2.5952,0.81,1,1.0,0.9850669,1.0,0.99997866,1.0,0.99355584,1.0,1.0,1.0,0.9998709,1.0,0.9999182,1.0,0.9999552,1.0,0.99992394,1.0,0.9934394,1.0,0.9997931,1.0
828,2013_CHUGAI,2013,DP-863,828,CCN1C(=O)CCCCc2cccc(c2)C[C@@H](C(=O)N2CCCCC2)NC(=O)[C@H](CC(C)C)N(C)C(=O)CN(C)C(=O)[C@H]([C@@H](C)O)NC(=O)[C@H](CC(C)C)N(C)C(=O)[C@H](Cc2ccccc2)N(C)C(=O)[C@H](C)NC(=O)[C@@H]1Cc1ccccc1,9,Lariat,-4.46,,,,4.5572,0.77,1,1.0,0.89746433,1.0,0.99235064,1.0,0.88061386,1.0,0.987358,1.0,0.972819,1.0,0.9981211,1.0,0.7064779,1.0,0.9457805,1.0,0.9824373,1.0,0.9856733,1.0
1878,2017_Pye,2017,cpd.9.1,1878,CCC[C@H]1C(=O)N(C)[C@H](CC)C(=O)N(C)[C@@H](C)C(=O)N(C)[C@H](CC)C(=O)N(C)[C@H](C)C(=O)N(C)[C@@H](C)C(=O)N(C)[C@H](CC)C(=O)N2CCC[C@@H]2C(=O)N(C)[C@@H](Cc2ccc(O)cc2)C(=O)N1C,9,Circle,-7.3,,,-6.89,1.6451,-0.6499999999999999,0,0.0,0.010762309,0.0,0.014490718,0.0,0.056286514,0.0,5.4754237e-05,0.0,0.14184967,0.0,0.09582974,0.0,0.00018532856,0.0,0.011453789,0.0,0.12621397,0.0,0.037252348,0.0
1879,2017_Pye,2017,cpd.9.2,1879,CCCC[C@H]1C(=O)N(C)[C@H](C)C(=O)N2CCC[C@@H]2C(=O)N(C)[C@@H](Cc2ccc(O)cc2)C(=O)N(C)[C@@H](CCC)C(=O)N(C)[C@H](CC)C(=O)N(C)[C@@H](C)C(=O)N(C)[C@H](CCCC)C(=O)N(C)[C@H](C)C(=O)N1C,9,Circle,-6.1,,,-6.21,3.2055,-0.0499999999999998,0,0.4750000000000001,0.085550874,0.0,0.22483999,0.0,0.08252486,0.0,0.2683692,0.0,0.4630722,0.0,0.44443232,0.0,0.00034703236,0.0,0.08168656,0.0,0.48347256,0.0,0.152174,0.0
1880,2017_Pye,2017,cpd.9.3,1880,CCC[C@H]1C(=O)N(C)[C@H](CC)C(=O)N(C)[C@@H](CCC)C(=O)N(C)[C@H](CCC)C(=O)N(C)[C@H](CCC)C(=O)N(C)[C@@H](CC)C(=O)N(C)[C@H](CCC)C(=O)N2CCC[C@@H]2C(=O)N(C)[C@@H](Cc2ccc(O)cc2)C(=O)N1C,9,Circle,-5.35,,,-5.45,4.3758,0.3250000000000002,1,1.0,0.7284531,1.0,0.6824423,1.0,0.8106447,1.0,0.47907865,1.0,0.35755447,1.0,0.9272444,1.0,0.990612,1.0,0.40044573,1.0,0.8705348,1.0,0.8584247,1.0
1881,2017_Pye,2017,cpd.9.4,1881,CCCC[C@H]1C(=O)N(C)[C@H](CCCC)C(=O)N(C)[C@H](CCCC)C(=O)N(C)[C@@H](CCCC)C(=O)N(C)[C@H](CCCC)C(=O)N2CCC[C@@H]2C(=O)N(C)[C@@H](Cc2ccc(O)cc2)C(=O)N(C)[C@@H](CCC)C(=O)N(C)[C@H](CC)C(=O)N1C,9,Circle,-8.0,,,-7.0,6.7164,-1.0,0,0.0,0.74630016,0.0,0.6603938,0.0,0.7376564,0.0,0.8974466,0.0,0.59907407,0.0,0.9919228,0.0,0.08132571,0.0,0.56367433,0.0,0.92763746,0.0,0.83440804,0.0
7263,2022_Bhardwaj,2022,D9.1,7263,CC[C@H](C)[C@@H]1NC(=O)[C@@H](CC(C)C)N(C)C(=O)[C@@H]2CCCN2C(=O)[C@H](C(C)C)NC(=O)C(C)(C)NC(=O)[C@H](CC(C)C)NC(=O)C(C)(C)NC(=O)[C@@H]2CCCN2C(=O)[C@H]2CCCN2C1=O,9,Circle,-5.8,-6.05,,,1.8383,0.1,1,0.55,0.025882365,1.0,0.0015300558,1.0,0.008773948,1.0,1.9750743e-09,1.0,0.004137735,1.0,0.0027185667,1.0,0.022466674,1.0,0.10272996,1.0,0.03340766,1.0,0.0025919874,1.0
7264,2022_Bhardwaj,2022,D9.3,7264,CC[C@@H](C)[C@H]1NC(=O)[C@H](CC(C)C)NC(=O)[C@@H](CC(C)C)NC(=O)[C@H](C(C)C)NC(=O)[C@@H](Cc2ccccc2)N(C)C(=O)[C@@H]2CCCN2C(=O)[C@@H](CC(C)C)NC(=O)[C@H](CC(C)C)N(C)C(=O)[C@H]2CCCN2C1=O,9,Circle,-5.63,-5.45,,,4.1892,0.185,1,0.5925,0.7319183,1.0,0.26329908,1.0,0.7009745,1.0,1.757877e-06,1.0,0.5054426,1.0,0.8864536,1.0,0.4359003,1.0,0.32279453,1.0,0.2917136,1.0,0.5115655,1.0
7266,2022_Bhardwaj,2022,D9.5,7266,CC(C)C[C@H]1C(=O)N[C@H](Cc2ccccc2)C(=O)N2CCC[C@H]2C(=O)N[C@H](C(C)C)C(=O)N(C)[C@H](C)C(=O)N[C@H](C(C)C)C(=O)N2CCC[C@H]2C(=O)N[C@H](CC(C)C)C(=O)N[C@H](C(C)C)C(=O)N1C,9,Circle,-5.45,,,,2.3828,0.2749999999999999,1,1.0,0.057269085,1.0,0.0012080077,1.0,0.19298212,1.0,4.305554e-05,1.0,0.013506373,1.0,0.009103726,1.0,0.72286123,1.0,0.0723354,1.0,0.07539637,1.0,0.032654706,1.0
7267,2022_Bhardwaj,2022,D9.6,7267,CC[C@H](C)[C@@H]1NC(=O)[C@H](Cc2ccccc2)N(C)C(=O)[C@H](CC(C)C)N(C)C(=O)[C@@H](C(C)C)NC(=O)[C@@H](C)NC(=O)[C@@H]2CCCN2C(=O)[C@@H](CC(C)C)NC(=O)[C@@H]2CCCN2C(=O)[C@H](C)NC1=O,9,Circle,-5.79,-5.32,,,2.1368,0.1049999999999999,1,0.5525,0.45983443,1.0,0.017241888,1.0,0.7038558,1.0,0.5303421,1.0,0.84293586,1.0,0.9526332,1.0,0.726725,1.0,0.72683364,1.0,0.61762834,1.0,0.54287666,1.0
7268,2022_Bhardwaj,2022,D9.8,7268,CC(C)C[C@@H]1NC(=O)[C@@H](C(C)C)NC(=O)[C@H](CC(C)C)N(C)C(=O)[C@H]2CCCN2C(=O)[C@@H](C(C)C)NC(=O)[C@H]2CCCN2C(=O)[C@@H](C(C)C)NC(=O)[C@@H](Cc2ccccc2)N(C)C(=O)[C@H](CC(C)C)N(C)C1=O,9,Circle,-5.48,,,,3.7512,0.2599999999999998,1,1.0,0.98174113,1.0,0.9989323,1.0,0.9532053,1.0,1.0,1.0,0.9933027,1.0,0.98956376,1.0,0.9997564,1.0,0.595571,1.0,0.9879395,1.0,0.97747916,1.0
7269,2022_Bhardwaj,2022,D9.9,7269,CC[C@@H](C)[C@H]1NC(=O)[C@H](CC(C)C)N(C)C(=O)[C@H]2CCCN2C(=O)[C@@H](Cc2ccccc2)N(C)C(=O)[C@@H](Cc2ccccc2)N(C)C(=O)[C@H](CC(C)C)N(C)C(=O)[C@@H](C(C)C)NC(=O)[C@@H]2CCCN2C(=O)[C@H](C)NC1=O,9,Circle,-6.24,,,,4.044,-0.1200000000000001,0,0.4399999999999999,0.9741218,0.0,0.12126949,0.0,0.565842,0.0,2.0346893e-06,0.0,0.96689856,0.0,0.9981509,0.0,0.9960652,0.0,0.85163146,0.0,0.9694558,0.0,0.9652852,0.0
7270,2022_Bhardwaj,2022,D9.10,7270,CC[C@H](C)[C@@H]1NC(=O)[C@@H](CC(C)C)N(C)C(=O)[C@H](CC(C)C)N(C)C(=O)[C@@H](C)N(C)C(=O)[C@@H](Cc2ccccc2)NC(=O)[C@H](C(C)C)NC(=O)[C@@H](C)NC(=O)[C@@H]2CCCN2C(=O)[C@H]2CCCN2C1=O,9,Circle,-6.08,,,,2.479,-0.04,0,0.48,0.16002053,0.0,0.5554884,0.0,0.36205974,0.0,0.93585694,0.0,0.06567602,0.0,0.9675399,0.0,0.15435816,0.0,0.32259223,0.0,0.3352548,0.0,0.069121026,0.0
7271,2022_Bhardwaj,2022,D9.11,7271,CC[C@H](C)[C@@H]1NC(=O)[C@@H](C)N(C)C(=O)[C@@H](C)N(C)C(=O)[C@@H]2CCCN2C(=O)[C@H](CC(C)C)NC(=O)[C@H](CC(C)C)NC(=O)[C@@H](CC(C)C)NC(=O)[C@@H]2CCCN2C(=O)[C@H]2CCCN2C1=O,9,Circle,-6.65,,,,1.7904,-0.3250000000000002,0,0.0,0.013341822,0.0,0.011676015,0.0,0.08494489,0.0,4.935223e-05,0.0,0.053755388,0.0,0.030875362,0.0,0.021590434,0.0,0.007261172,0.0,0.007615265,0.0,0.041140262,0.0
7272,2022_Bhardwaj,2022,D9.13,7272,CC[C@H](C)[C@@H]1NC(=O)[C@@H]([C@H](C)CC)NC(=O)[C@H]2CCCN2C(=O)[C@H]([C@@H](C)CC)NC(=O)[C@H](CC(C)C)N(C)C(=O)[C@H]2CCCN2C(=O)[C@@H]2CCCN2C(=O)[C@H](Cc2ccccc2)N(C)C(=O)[C@H](Cc2ccccc2)NC1=O,9,Circle,-5.47,,,,4.236,0.2650000000000001,1,1.0,0.9950659,1.0,0.99999964,1.0,0.99024653,1.0,1.0,1.0,0.9995634,1.0,0.99999976,1.0,0.99995863,1.0,0.9999045,1.0,0.9998584,1.0,0.99982244,1.0
7273,2022_Bhardwaj,2022,D9.14,7273,CC[C@H](C)[C@@H]1NC(=O)[C@@H](CC(C)C)NC(=O)[C@@H]2CCCN2C(=O)[C@@H]2CCCN2C(=O)[C@@H](CC(C)C)NC(=O)[C@@H]2CCCN2C(=O)[C@H]2CCCN2C(=O)[C@@H](C(C)C)NC(=O)[C@@H](C)N(C)C1=O,9,Circle,-6.23,,,,1.5444,-0.1150000000000002,0,0.4424999999999999,0.21734606,0.0,0.8420155,0.0,0.34139568,0.0,0.99999726,0.0,0.43251523,0.0,0.7295099,0.0,0.5357748,0.0,0.48669544,0.0,0.2516332,0.0,0.69068056,0.0
7274,2022_Bhardwaj,2022,D9.15,7274,CC[C@H](C)[C@@H]1NC(=O)[C@@H](C)NC(=O)[C@@H]2CCCN2C(=O)[C@H]2CCCN2C(=O)[C@@H]2CCCN2C(=O)[C@@H](C)NC(=O)[C@@H](Cc2ccccc2)NC(=O)[C@@H](CC(C)C)N(C)C(=O)[C@@H](CC(C)C)N(C)C1=O,9,Circle,-6.07,,,,1.987,-0.0350000000000001,0,0.4824999999999999,0.7764768,0.0,0.86429584,0.0,0.7291022,0.0,0.89707726,0.0,0.7690261,0.0,0.9337286,0.0,0.74666446,0.0,0.26803744,0.0,0.59635967,0.0,0.94254667,0.0
7275,2022_Bhardwaj,2022,D9.16,7275,CC(C)C[C@@H]1NC(=O)[C@H]2CCCN2C(=O)[C@@H](CC(C)C)NC(=O)[C@@H](CC(C)C)NC(=O)[C@@H](CC(C)C)N(C)C(=O)[C@H](C(C)C)NC(=O)[C@@H](C)NC(=O)[C@@H](C)N(C)C(=O)[C@@H]2CCCN2C1=O,9,Circle,-5.49,-5.61,,,1.9402,0.2549999999999999,1,1.0,0.59005857,1.0,0.0034560119,1.0,0.32079858,1.0,0.9999472,1.0,0.38112664,1.0,0.32816502,1.0,0.87321955,1.0,0.08300398,1.0,0.16556448,1.0,0.36047977,1.0
7276,2022_Bhardwaj,2022,D9.17,7276,CC(C)C[C@@H]1C(=O)N[C@H](C)C(=O)N(C)[C@H](CC(C)C)C(=O)N[C@H](C(C)C)C(=O)N(C)[C@@H](C(C)C)C(=O)N2CCC[C@H]2C(=O)N2CCC[C@@H]2C(=O)N[C@@H](C)C(=O)N(C)[C@@H](Cc2ccccc2)C(=O)N1C,9,Circle,-5.76,,,,2.4311,0.1200000000000001,1,0.56,0.9756141,1.0,0.031082857,1.0,0.8031316,1.0,0.999966,1.0,0.991394,1.0,0.9417795,1.0,0.99747473,1.0,0.30401254,1.0,0.49809793,1.0,0.98193675,1.0
7277,2022_Bhardwaj,2022,D9.18,7277,CC(C)C[C@H]1NC(=O)[C@@H]2CCCN2C(=O)[C@@H](CC(C)C)N(C)C(=O)[C@@H](CC(C)C)N(C)C(=O)[C@H](C)NC(=O)[C@@H](Cc2ccccc2)NC(=O)[C@@H](CC(C)C)N(C)C(=O)[C@H]2CCCN2C(=O)[C@H]2CCCN2C1=O,9,Circle,-5.75,,,,3.3554,0.125,1,0.5625,0.9800876,1.0,0.99747074,1.0,0.9496958,1.0,1.0,1.0,0.9774555,1.0,0.98268604,1.0,0.9935772,1.0,0.9682805,1.0,0.9706242,1.0,0.9705274,1.0
7278,2022_Bhardwaj,2022,D9.19,7278,CC(C)C[C@@H]1NC(=O)[C@@H](CC(C)C)NC(=O)[C@@H](CC(C)C)N(C)C(=O)[C@@H](CC(C)C)N(C)C(=O)[C@H](C(C)C)NC(=O)[C@@H](C)N(C)C(=O)[C@@H]2CCCN2C(=O)[C@@H]2CCCN2C(=O)[C@@H](C)N(C)C1=O,9,Circle,-5.89,,,,2.6246,0.0550000000000001,1,0.5275000000000001,0.89327234,1.0,0.80774236,1.0,0.8717381,1.0,1.0,1.0,0.9703838,1.0,0.8937565,1.0,0.8691375,1.0,0.5021388,1.0,0.4753106,1.0,0.95172423,1.0
7279,2022_Bhardwaj,2022,D9.21,7279,CSCC[C@@H]1NC(=O)[C@H](C(C)C)NC(=O)[C@H]2CCCN2C(=O)[C@@H]2CCCN2C(=O)[C@H](C)NC(=O)[C@@H](C)N(C)C(=O)[C@@H](CC(C)C)N(C)C(=O)[C@@H](C(C)C)NC(=O)[C@@H]2CCCN2C1=O,9,Circle,-6.53,,,,0.7172,-0.2650000000000001,0,0.0,0.08174488,0.0,1.6016207e-06,0.0,0.04232216,0.0,4.4351828e-26,0.0,0.0001358085,0.0,4.5114153e-05,0.0,0.00017113806,0.0,9.9047546e-05,0.0,0.086944304,0.0,0.00050999725,0.0
7280,2022_Bhardwaj,2022,D9.22,7280,CC(C)C[C@@H]1NC(=O)[C@@H]2CCCN2C(=O)[C@H]2CCCN2C(=O)[C@@H](C)N(C)C(=O)[C@@H](CC(C)C)N(C)C(=O)[C@H](C(C)C)NC(=O)[C@@H](C)N(C)C(=O)[C@H]2CCCN2C(=O)[C@@H]2CCCN2C1=O,9,Circle,-6.72,,,,1.2026,-0.3599999999999999,0,0.0,0.2636859,0.0,0.8727202,0.0,0.23474625,0.0,0.99878305,0.0,0.7317744,0.0,0.28540248,0.0,0.8323959,0.0,0.05365501,0.0,0.49898344,0.0,0.24700198,0.0
7281,2022_Bhardwaj,2022,D9.23,7281,CC[C@@H](C)[C@H]1NC(=O)[C@@H](C)N(C)C(=O)[C@@H]([C@H](C)CC)NC(=O)[C@@H](CC(C)C)NC(=O)[C@@H]2CCCN2C(=O)[C@H]2CCCN2C(=O)[C@@H](C(C)C)NC(=O)[C@H](C)NC(=O)[C@@H]2CCCN2C1=O,9,Circle,-6.85,,,,1.0581,-0.4249999999999998,0,0.0,0.014252281,0.0,3.625421e-07,0.0,0.023934972,0.0,6.107678e-09,0.0,0.0014289859,0.0,0.065581225,0.0,0.04179699,0.0,0.010863436,0.0,0.0011417293,0.0,0.008517732,0.0
7282,2022_Bhardwaj,2022,D9.24,7282,CSCC[C@H]1C(=O)N(C)[C@H](C)C(=O)N[C@H](CC(C)C)C(=O)N2CCC[C@@H]2C(=O)N2CCC[C@H]2C(=O)N[C@@H](CC(C)C)C(=O)N2CCC[C@H]2C(=O)N2CCC[C@@H]2C(=O)N[C@H](C(C)C)C(=O)N1C,9,Circle,-7.06,,,,1.5936,-0.5299999999999998,0,0.0,0.45918164,0.0,0.2000635,0.0,0.11353107,0.0,4.585242e-14,0.0,0.53340024,0.0,0.110852145,0.0,0.6559687,0.0,0.047439404,0.0,0.45574,0.0,0.57660097,0.0
7283,2022_Bhardwaj,2022,D9.25,7283,CC(C)C[C@@H]1C(=O)N(C)[C@H](CC(C)C)C(=O)N[C@H](Cc2ccccc2)C(=O)N2CCC[C@@H]2C(=O)N2CCC[C@@H]2C(=O)N2CCC[C@H]2C(=O)N[C@H](C(C)C)C(=O)N(C)[C@@H](C)C(=O)N(C)[C@@H](C)C(=O)N1C,9,Circle,-5.66,,,,2.2813,0.1699999999999999,1,0.585,0.6214127,1.0,0.9965655,1.0,0.39585215,1.0,0.734443,1.0,0.75537413,1.0,0.19560914,1.0,0.94485915,1.0,0.06954324,1.0,0.69229865,1.0,0.3775907,1.0
7284,2022_Bhardwaj,2022,D9.26,7284,CC[C@H](C)[C@@H]1NC(=O)[C@@H](C(C)C)NC(=O)[C@@H](CC(C)C)N(C)C(=O)[C@@H]2CCCN2C(=O)[C@@H]2CCCN2C(=O)[C@@H]([C@H](C)CC)NC(=O)[C@H]2CCCN2C(=O)[C@@H](C)NC(=O)[C@@H](CC(C)C)N(C)C1=O,9,Circle,-5.63,,,,2.4265,0.185,1,0.5925,0.9821098,1.0,0.99695885,1.0,0.9373723,1.0,1.0,1.0,0.99461573,1.0,0.9981408,1.0,0.9959591,1.0,0.8050509,1.0,0.94005173,1.0,0.9715133,1.0
7285,2022_Bhardwaj,2022,D9.27,7285,CC(C)C[C@@H]1NC(=O)[C@@H](C)N(C)C(=O)[C@@H](CC(C)C)N(C)C(=O)[C@@H]2CCCN2C(=O)[C@H]2CCCN2C(=O)[C@@H](C)NC(=O)[C@@H]2CCCN2C(=O)[C@H]2CCCN2C(=O)[C@@H](CC(C)C)NC1=O,9,Circle,-7.48,,,,1.2505,-0.7400000000000002,0,0.0,0.48595688,0.0,0.0024929259,0.0,0.40198702,0.0,8.3359126e-05,0.0,0.5164139,0.0,0.46356767,0.0,0.43444377,0.0,0.011486136,0.0,0.39512333,0.0,0.6372017,0.0
7286,2022_Bhardwaj,2022,D9.28,7286,CSCC[C@@H]1NC(=O)[C@@H](C)N(C)C(=O)[C@@H]2CCCN2C(=O)[C@@H](CC(C)C)NC(=O)[C@H](CC(C)C)N(C)C(=O)[C@H]2CCCN2C(=O)[C@H](CC(C)C)NC(=O)[C@@H](CC(C)C)NC(=O)[C@@H](C)NC1=O,9,Circle,-5.8,,,,2.0373,0.1,1,0.55,0.09218646,1.0,0.0102042565,1.0,0.09096684,1.0,2.6373582e-12,1.0,0.075487144,1.0,0.012296176,1.0,0.06828593,1.0,0.047956504,1.0,0.003433361,1.0,0.022284435,1.0
7287,2022_Bhardwaj,2022,D9.29,7287,CC(C)C[C@@H]1C(=O)N(C)[C@H](CC(C)C)C(=O)N[C@H](C)C(=O)N[C@@H](C(C)C)C(=O)N2CCC[C@@H]2C(=O)N[C@H](C(C)C)C(=O)N2CCC[C@@H]2C(=O)N2CCC[C@H]2C(=O)N[C@H](C)C(=O)N1C,9,Circle,-5.82,,,,1.0102,0.0899999999999998,1,0.5449999999999999,0.09666269,1.0,0.00024139733,1.0,0.042148873,1.0,2.1936983e-12,1.0,0.002442888,1.0,0.0005007767,1.0,0.014080669,1.0,0.0046379967,1.0,0.017963365,1.0,0.0021614342,1.0
7288,2022_Bhardwaj,2022,D9.30,7288,CC[C@@H](C)[C@H]1NC(=O)[C@H](CC(C)C)NC(=O)[C@@H](C)N(C)C(=O)[C@@H]2CCCN2C(=O)[C@H](C)NC(=O)[C@@H](CC(C)C)NC(=O)[C@H]2CCCN2C(=O)[C@H](C(C)C)NC(=O)[C@@H](CC(C)C)N(C)C1=O,9,Circle,-5.8,-5.64,,,1.9402,0.1,1,0.55,0.21074986,1.0,0.00027795517,1.0,0.3078499,1.0,3.433669e-11,1.0,0.2069369,1.0,0.17752767,1.0,0.30559123,1.0,0.1394561,1.0,0.073832385,1.0,0.14028427,1.0
7289,2022_Bhardwaj,2022,D9.31,7289,CSCC[C@@H]1NC(=O)[C@H]2CCCN2C(=O)[C@@H]2CCCN2C(=O)[C@@H](C)NC(=O)[C@H]2CCCN2C(=O)[C@@H](C(C)C)NC(=O)[C@H](C(C)C)NC(=O)[C@@H](Cc2ccccc2)N(C)C(=O)[C@H](C)N(C)C1=O,9,Circle,-7.16,,,,0.9138,-0.5800000000000001,0,0.0,0.28483334,0.0,6.189578e-05,0.0,0.055923026,0.0,2.0729778e-20,0.0,0.029029505,0.0,0.08998164,0.0,0.07165316,0.0,0.00035822092,0.0,0.008313043,0.0,0.012551332,0.0
7290,2022_Bhardwaj,2022,D9.32,7290,CC(C)C[C@@H]1NC(=O)[C@H](Cc2ccccc2)N(C)C(=O)[C@H]2CCCN2C(=O)[C@@H](CC(C)C)NC(=O)[C@@H](CC(C)C)NC(=O)[C@H](C)NC(=O)[C@H]2CCCN2C(=O)[C@@H]2CCCN2C(=O)[C@@H](C(C)C)NC1=O,9,Circle,-6.62,,,,2.2809,-0.31,0,0.0,0.0036520024,0.0,0.00065640284,0.0,0.069804125,0.0,1.9115144e-07,0.0,0.055704698,0.0,0.007833476,0.0,0.04259323,0.0,0.008802293,0.0,0.0078647025,0.0,0.108923115,0.0
7291,2022_Bhardwaj,2022,D9.33,7291,CC[C@H](C)[C@@H]1NC(=O)CNC(=O)[C@@H]2CCCN2C(=O)[C@H]2CCCN2C(=O)[C@H]([C@@H](C)CC)NC(=O)[C@@H](C)N(C)C(=O)[C@@H]2CCCN2C(=O)[C@H](C(C)C)NC(=O)[C@@H](CC(C)C)NC1=O,9,Circle,-6.5,,,,0.6696,-0.25,0,0.375,0.00876843,0.0,0.0007727415,0.0,0.027450277,0.0,5.443754e-16,0.0,0.001752853,0.0,0.43586436,0.0,0.036627986,0.0,3.1919684e-05,0.0,0.008278634,0.0,0.025027733,0.0
7292,2022_Bhardwaj,2022,D9.39,7292,CC[C@H](C)[C@@H]1NC(=O)[C@H]2CCCN2C(=O)[C@H](CC(C)C)N(C)C(=O)[C@H](CC(C)C)NC(=O)[C@H](C(C)C)NC(=O)[C@@H]2CCCN2C(=O)[C@H](CC(C)C)N(C)C(=O)[C@H](C(C)C)NC(=O)[C@@H](C(C)C)NC1=O,9,Circle,-6.33,,,,3.2124,-0.165,0,0.4175,0.25059533,0.0,0.030879064,0.0,0.30208734,0.0,7.465038e-16,0.0,0.0008414861,0.0,8.5163425e-05,0.0,0.90299505,0.0,0.10595287,0.0,0.2356224,0.0,0.011191933,0.0
7293,2022_Bhardwaj,2022,D9.40,7293,CSCC[C@@H]1NC(=O)[C@H]2CCCN2C(=O)[C@H](C(C)C)NC(=O)[C@@H](CC(C)C)N(C)C(=O)[C@H](Cc2ccccc2)NC(=O)[C@H](CC(C)C)NC(=O)[C@@H](CC(C)C)N(C)C(=O)[C@@H]2CCCN2C(=O)[C@@H](CC(C)C)NC1=O,9,Circle,-6.62,,,,3.8962,-0.31,0,0.0,0.5469706,0.0,0.24778523,0.0,0.80114937,0.0,1.0476434e-07,0.0,0.7498095,0.0,0.91611326,0.0,0.8098392,0.0,0.69507754,0.0,0.84416044,0.0,0.75926006,0.0
7294,2022_Bhardwaj,2022,D9.41,7294,CC[C@@H](C)[C@H]1NC(=O)[C@H](Cc2ccccc2)NC(=O)[C@@H](C)NC(=O)[C@@H](CC(C)C)N(C)C(=O)[C@@H]2CCCN2C(=O)[C@H](C)NC(=O)[C@H]2CCCN2C(=O)[C@@H]2CCCN2C(=O)[C@@H](Cc2ccccc2)NC1=O,9,Circle,-5.46,,,,1.8414,0.27,1,1.0,0.32124895,1.0,0.013058948,1.0,0.25336084,1.0,0.42207876,1.0,0.3411759,1.0,0.7630398,1.0,0.2113148,1.0,0.029390588,1.0,0.3465017,1.0,0.4689111,1.0
7295,2022_Bhardwaj,2022,D9.42,7295,CC[C@H](C)[C@@H]1NC(=O)[C@H]2CCCN2C(=O)[C@@H]2CCCN2C(=O)[C@H](C(C)C)NC(=O)[C@@H](C(C)C)NC(=O)[C@H](Cc2ccccc2)N(C)C(=O)[C@H]2CCCN2C(=O)[C@@H](CC(C)C)N(C)C(=O)[C@@H](CC(C)C)NC1=O,9,Circle,-5.95,,,,3.2592,0.0249999999999999,1,0.5125,0.8516163,1.0,0.63150424,1.0,0.7662451,1.0,8.301e-13,1.0,0.8756883,1.0,0.943484,1.0,0.98433775,1.0,0.123089805,1.0,0.8258022,1.0,0.8685848,1.0
7296,2022_Bhardwaj,2022,D9.43,7296,CC(C)C[C@H]1NC(=O)[C@H](C(C)C)NC(=O)[C@@H](CC(C)C)N(C)C(=O)[C@@H]2CCCN2C(=O)CNC(=O)[C@@H]2CCCN2C(=O)[C@H](C(C)C)NC(=O)[C@H](Cc2ccccc2)N(C)C(=O)[C@@H](CC(C)C)N(C)C1=O,9,Circle,-5.67,,,,2.7266,0.165,1,0.5825,0.84855115,1.0,0.95436156,1.0,0.80219424,1.0,2.3789937e-06,1.0,0.55592847,1.0,0.7158827,1.0,0.9789457,1.0,0.4917307,1.0,0.3334013,1.0,0.7080709,1.0
