CycPeptMPDB_ID,Source,Year,Original_Name_in_Source_Literature,Structurally_Unique_ID,SMILES,Monomer_Length,Molecule_Shape,PAMPA,Caco2,MDCK,RRCK,MolLogP,Normalized_PAMPA,Binary,Soft_Label
1,2006_Rezai_1,2006,Cyclosporine A,1,C/C=C/C[C@@H](C)[C@@H](O)[C@H]1C(=O)N[C@@H](CC)C(=O)N(C)CC(=O)N(C)[C@@H](CC(C)C)C(=O)N[C@@H](C(C)C)C(=O)N(C)[C@@H](CC(C)C)C(=O)N[C@@H](C)C(=O)N[C@H](C)C(=O)N(C)[C@@H](CC(C)C)C(=O)N(C)[C@@H](CC(C)C)C(=O)N(C)[C@@H](C(C)C)C(=O)N1C,11,Circle,-6.6,,,,3.269,-0.2999999999999998,0,0.0
54,2013_CHUGAI,2013,DP-17,54,CC[C@H](C)[C@@H]1NC(=O)[C@H](Cc2ccccc2)N(C)C(=O)[C@H](Cc2ccccc2)NC(=O)[C@H](CC(C)C)N(C)C(=O)[C@H](CC(C)C)NC(=O)[C@H](C)NC(=O)C[C@@H](C(=O)N2CCCCC2)NC(=O)[C@H](CC(C)C)NC(=O)[C@H]([C@@H](C)O)NC(=O)[C@@H]2CCCN2C1=O,11,Lariat,-4.42,,,,2.5117,0.79,1,1.0
55,2013_CHUGAI,2013,DP-18,55,CC[C@H](C)[C@H]1C(=O)N(C)[C@@H](C)C(=O)N[C@@H](Cc2ccccc2)C(=O)N[C@@H]([C@@H](C)O)C(=O)N[C@@H](CC(C)C)C(=O)N(C)[C@@H](Cc2ccccc2)C(=O)N(C)[C@@H](C(C)C)C(=O)N[C@H](C(=O)N2CCCCC2)CC(=O)N[C@@H](C)C(=O)N[C@@H](CC(C)C)C(=O)N1C,11,Lariat,-4.52,,,,2.3197,0.7400000000000002,1,1.0
58,2013_CHUGAI,2013,DP-36,58,CC[C@H](C)[C@H]1C(=O)N[C@H](C(=O)N2CCCCC2)CC(=O)N[C@@H](C)C(=O)N(C)[C@@H](C)C(=O)N(C)[C@@H](Cc2ccccc2)C(=O)N(C)[C@@H](CC(C)C)C(=O)N[C@@H]([C@@H](C)O)C(=O)N(C)CC(=O)N(C)[C@@H](CC(C)C)C(=O)N[C@@H](COC(C)(C)C)C(=O)N1C,11,Lariat,-4.57,,,,1.5519,0.7149999999999999,1,1.0
68,2013_CHUGAI,2013,DP-50,68,CC(C)C[C@H]1C(=O)N(C)[C@@H](CC(C)C)C(=O)N[C@@H]([C@@H](C)O)C(=O)N(C)[C@@H](Cc2ccccc2)C(=O)NCC(=O)N(C)[C@@H](C(C)C)C(=O)N[C@@H](Cc2ccccc2)C(=O)N[C@H](C(=O)N2CCCCC2)CC(=O)N(C)CCC(=O)N[C@@H](COC(C)(C)C)C(=O)N1C,11,Lariat,-4.46,,,,2.044,0.77,1,1.0
69,2013_CHUGAI,2013,DP-51,69,CC[C@H](C)[C@@H]1NC(=O)[C@H](C)N(C)C(=O)[C@@H](C)N(C)C(=O)C[C@@H](C(=O)N2CCCCC2)NC(=O)[C@H](CC(C)C)N(C)C(=O)[C@H](C)N(C)C(=O)[C@H](Cc2ccccc2)N(C)C(=O)[C@H]([C@@H](C)O)NC(=O)[C@H](Cc2ccccc2)N(C)C(=O)[C@H](CC(C)C)N(C)C1=O,11,Lariat,-4.47,,,,2.7102,0.7650000000000001,1,1.0
89,2013_CHUGAI,2013,DP-71,89,CC[C@H](C)[C@H]1C(=O)N[C@H](C(=O)N2CCCCC2)CC(=O)N[C@H](C)C(=O)N[C@@H]([C@@H](C)O)C(=O)N(C)[C@@H](C)C(=O)N(C)[C@@H](C(C)C)C(=O)N[C@@H](Cc2ccccc2)C(=O)N(C)CC(=O)N(C)[C@@H](CC(C)C)C(=O)N[C@@H](C)C(=O)N1C,11,Lariat,-5.27,,,,0.0244,0.3650000000000002,1,1.0
90,2013_CHUGAI,2013,DP-72,90,CC[C@H](C)[C@H]1C(=O)N(C)[C@@H](Cc2ccccc2)C(=O)NCC(=O)N(C)[C@@H](Cc2ccccc2)C(=O)N(C)[C@@H](CC(C)C)C(=O)N(C)[C@@H](CC(C)C)C(=O)N[C@H](C(=O)N2CCCCC2)CC(=O)N[C@H](C(C)C)C(=O)N[C@@H]([C@@H](C)O)C(=O)N(C)[C@@H](C)C(=O)N1C,11,Lariat,-4.57,,,,2.6156,0.7149999999999999,1,1.0
91,2013_CHUGAI,2013,DP-73,91,CC[C@H](C)[C@H]1C(=O)N[C@@H](C)C(=O)N[C@H](C(=O)N2CCCCC2)CC(=O)N(C)[C@@H](C)C(=O)N[C@@H]([C@@H](C)O)C(=O)N(C)[C@@H](C)C(=O)N(C)[C@@H](C(C)C)C(=O)N[C@@H](Cc2ccccc2)C(=O)N(C)CC(=O)N(C)[C@@H](CC(C)C)C(=O)N1C,11,Lariat,-5.27,,,,0.3666,0.3650000000000002,1,1.0
92,2013_CHUGAI,2013,DP-74,92,CC[C@H](C)[C@H]1C(=O)NCC(=O)N(C)[C@@H](Cc2ccccc2)C(=O)N(C)[C@@H](Cc2ccccc2)C(=O)N(C)[C@@H](CC(C)C)C(=O)N(C)[C@@H](CC(C)C)C(=O)N[C@H](C(=O)N2CCCCC2)CC(=O)N(C)[C@H](C)C(=O)N[C@@H]([C@@H](C)O)C(=O)N(C)[C@@H](C)C(=O)N1C,11,Lariat,-4.54,,,,2.3217,0.73,1,1.0
93,2013_CHUGAI,2013,DP-75,93,CC[C@H](C)[C@H]1C(=O)N(C)[C@@H](CC(C)C)C(=O)N[C@H](C(=O)N2CCCCC2)CC(=O)N(C)CC(=O)N[C@@H]([C@@H](C)O)C(=O)N(C)[C@@H](C)C(=O)N(C)[C@@H](C(C)C)C(=O)N[C@@H](Cc2ccccc2)C(=O)N(C)CC(=O)N[C@@H](C)C(=O)N1C,11,Lariat,-5.48,,,,-0.0219,0.2599999999999998,1,1.0
94,2013_CHUGAI,2013,DP-76,94,CC[C@H](C)[C@H]1C(=O)N(C)[C@@H](C)C(=O)N[C@H](C(=O)N2CCCCC2)CC(=O)N(C)CC(=O)N[C@@H](COC(C)(C)C)C(=O)N(C)CC(=O)N(C)[C@@H](CC(C)C)C(=O)N[C@@H]([C@@H](C)O)C(=O)N(C)[C@@H](Cc2ccccc2)C(=O)N(C)[C@@H](CC(C)C)C(=O)N1C,11,Lariat,-4.8,,,,1.5056,0.6000000000000001,1,1.0
127,2013_CHUGAI,2013,DP-115,127,CC[C@H](C)[C@@H]1NC(=O)[C@H](Cc2ccccc2)N(C)C(=O)[C@H](CC(C)C)NC(=O)[C@H](CC(C)C)NC(=O)[C@H](Cc2ccccc2)NC(=O)[C@H](CC(C)C)NC(=O)[C@@H](C)NC(=O)C[C@@H](C(=O)N2CCCCC2)NC(=O)[C@H](Cc2ccccc2)NC(=O)[C@H]([C@@H](C)O)NC1=O,11,Lariat,-6.35,,,,2.906,-0.17499999999999982,0,0.4125000000000001
128,2013_CHUGAI,2013,DP-116,128,CC(C)C[C@@H]1NC(=O)[C@H]([C@@H](C)O)NC(=O)[C@H](CC(C)C)NC(=O)[C@H](CC(C)C)N(C)C(=O)[C@H](Cc2ccccc2)NC(=O)[C@H](Cc2ccccc2)NC(=O)[C@H](C)N(C)C(=O)C[C@@H](C(=O)N2CCCCC2)NC(=O)[C@H](Cc2ccccc2)N(C)C(=O)CNC1=O,11,Lariat,-4.64,,,,2.1757,0.6800000000000002,1,1.0
129,2013_CHUGAI,2013,DP-117,129,CC(C)C[C@@H]1NC(=O)CCN(C)C(=O)C[C@@H](C(=O)N2CCCCC2)NC(=O)[C@H](Cc2ccccc2)N(C)C(=O)CNC(=O)[C@H]([C@@H](C)O)NC(=O)[C@H](Cc2ccccc2)NC(=O)[C@H](CC(C)C)N(C)C(=O)[C@H](CC(C)C)NC(=O)[C@H](Cc2ccccc2)NC1=O,11,Lariat,-4.6,,,,2.1773,0.7000000000000002,1,1.0
130,2013_CHUGAI,2013,DP-118,130,CC[C@H](C)[C@@H]1NC(=O)[C@H](CC(C)C)N(C)C(=O)CCN(C)C(=O)C[C@@H](C(=O)N2CCCCC2)NC(=O)[C@H](Cc2ccccc2)N(C)C(=O)[C@H](CC(C)C)NC(=O)CN(C)C(=O)[C@H]([C@@H](C)O)NC(=O)[C@H](C)N(C)C(=O)[C@H](C(C)C)N(C)C1=O,11,Lariat,-4.85,,,,1.3944,0.5750000000000002,1,1.0
131,2013_CHUGAI,2013,DP-119,131,CC[C@H](C)[C@@H]1NC(=O)[C@H](Cc2ccccc2)NC(=O)[C@@H](C)N(C)C(=O)C[C@@H](C(=O)N2CCCCC2)NC(=O)[C@H](CC(C)C)NC(=O)[C@H](Cc2ccccc2)N(C)C(=O)[C@H](Cc2ccccc2)NC(=O)[C@H](CC(C)C)NC(=O)[C@H]([C@@H](C)O)NC(=O)[C@H](CC(C)C)NC1=O,11,Lariat,-4.8,,,,3.2482,0.6000000000000001,1,1.0
132,2013_CHUGAI,2013,DP-120,132,CC(C)C[C@@H]1NC(=O)[C@H](CC(C)C)N(C)C(=O)[C@H](Cc2ccccc2)N(C)C(=O)CNC(=O)[C@H]([C@@H](C)O)NC(=O)[C@H](CC(C)C)N(C)C(=O)[C@H](Cc2ccccc2)NC(=O)[C@@H](C)N(C)C(=O)C[C@@H](C(=O)N2CCCCC2)NC(=O)[C@H](COC(C)(C)C)NC1=O,11,Lariat,-4.3,,,,2.0903,0.8500000000000001,1,1.0
133,2013_CHUGAI,2013,DP-121,133,CC[C@H](C)[C@@H]1NC(=O)[C@H](CC(C)C)N(C)C(=O)[C@H](C)NC(=O)CCCN(C)C(=O)C[C@@H](C(=O)N2CCCCC2)NC(=O)[C@H]([C@@H](C)O)NC(=O)[C@H](Cc2ccccc2)NC(=O)[C@H](C(C)C)N(C)C(=O)[C@H](CC(C)C)N(C)C(=O)[C@H](Cc2ccccc2)N(C)C1=O,11,Lariat,-4.39,,,,3.0536,0.8050000000000002,1,1.0
134,2013_CHUGAI,2013,DP-122,134,CC(C)C[C@H]1C(=O)N(C)[C@@H](Cc2ccccc2)C(=O)N[C@@H]([C@@H](C)O)C(=O)N(C)[C@@H](C)C(=O)N(C)[C@@H](CC(C)C)C(=O)N(C)[C@@H](CC(C)C)C(=O)N[C@H](C(=O)N2CCCCC2)CC(=O)N(C)CCCC(=O)N[C@@H](COC(C)(C)C)C(=O)N(C)CC(=O)N1C,11,Lariat,-4.49,,,,2.2858,0.7549999999999999,1,1.0
147,2013_CHUGAI,2013,DP-135,147,CC[C@H](C)[C@H]1C(=O)N[C@H](C(=O)N2CCCCC2)CC(=O)N[C@H](C)C(=O)N[C@@H](Cc2ccccc2)C(=O)N(C)[C@@H](C)C(=O)N(C)[C@@H](C(C)C)C(=O)N[C@@H]([C@@H](C)O)C(=O)N(C)CC(=O)N(C)[C@@H](CC(C)C)C(=O)N[C@@H](C)C(=O)N1C,11,Lariat,-5.28,,,,0.0244,0.3599999999999999,1,1.0
148,2013_CHUGAI,2013,DP-136,148,CC[C@H](C)[C@@H]1NC(=O)[C@H](CC(C)C)N(C)C(=O)[C@H](C)N(C)C(=O)[C@@H](C)NC(=O)C[C@@H](C(=O)N2CCCCC2)NC(=O)[C@H](CC(C)C)N(C)C(=O)[C@H](C)N(C)C(=O)[C@H]([C@@H](C)O)NC(=O)[C@H](Cc2ccccc2)N(C)C(=O)[C@H](Cc2ccccc2)N(C)C1=O,11,Lariat,-4.46,,,,2.368,0.77,1,1.0
150,2013_CHUGAI,2013,DP-138,150,CC[C@H](C)[C@H]1C(=O)N[C@@H](COC(C)(C)C)C(=O)N[C@H](C(=O)N2CCCCC2)CC(=O)N(C)[C@@H](C)C(=O)N(C)[C@@H](Cc2ccccc2)C(=O)N(C)CC(=O)N(C)[C@@H](CC(C)C)C(=O)N[C@@H]([C@@H](C)O)C(=O)N(C)[C@@H](C)C(=O)N(C)[C@@H](CC(C)C)C(=O)N1C,11,Lariat,-4.51,,,,1.8941,0.7450000000000001,1,1.0
152,2013_CHUGAI,2013,DP-140,152,CC[C@H](C)[C@@H]1NC(=O)[C@H](C)N(C)C(=O)CCN(C)C(=O)C[C@@H](C(=O)N2CCCCC2)NC(=O)[C@H](CC(C)C)N(C)C(=O)[C@H](CC(C)C)N(C)C(=O)[C@H](C)N(C)C(=O)[C@H]([C@@H](C)O)NC(=O)[C@H](Cc2ccccc2)N(C)C(=O)[C@H](Cc2ccccc2)N(C)C1=O,11,Lariat,-4.21,,,,2.7118,0.895,1,1.0
153,2013_CHUGAI,2013,DP-142,153,CC[C@H](C)[C@H]1C(=O)N[C@H](C(=O)N2CCCCC2)CC(=O)N(C)[C@H](C)C(=O)N[C@@H](Cc2ccccc2)C(=O)N(C)[C@@H](C)C(=O)N(C)[C@@H](CC(C)C)C(=O)N[C@@H]([C@@H](C)O)C(=O)N(C)CC(=O)N(C)[C@@H](C(C)C)C(=O)N[C@@H](C)C(=O)N1C,11,Lariat,-5.4,,,,0.3666,0.2999999999999998,1,1.0
155,2013_CHUGAI,2013,DP-144,155,CC[C@H](C)[C@H]1C(=O)N[C@H](C(=O)N2CCCCC2)CC(=O)N(C)[C@H](C)C(=O)N(C)[C@@H](C)C(=O)N(C)CC(=O)N(C)[C@@H](CC(C)C)C(=O)N[C@@H]([C@@H](C)O)C(=O)N(C)[C@@H](Cc2ccccc2)C(=O)N(C)[C@@H](CC(C)C)C(=O)N[C@@H](COC(C)(C)C)C(=O)N1C,11,Lariat,-4.19,,,,1.8941,0.9049999999999998,1,1.0
156,2013_CHUGAI,2013,DP-145,156,CC[C@H](C)[C@H]1C(=O)N[C@@H](CC(C)C)C(=O)N(C)[C@@H](Cc2ccccc2)C(=O)N(C)[C@@H](CC(C)C)C(=O)N[C@@H]([C@@H](C)O)C(=O)N[C@@H](Cc2ccccc2)C(=O)N(C)[C@@H](C(C)C)C(=O)N[C@H](C(=O)N2CCCCC2)CC(=O)N(C)CC(=O)N[C@@H](C)C(=O)N1C,11,Lariat,-4.54,,,,2.2734,0.73,1,1.0
158,2013_CHUGAI,2013,DP-147,158,CC[C@H](C)[C@H]1C(=O)N[C@@H](C)C(=O)N(C)[C@@H](CC(C)C)C(=O)N(C)[C@@H](Cc2ccccc2)C(=O)N[C@@H]([C@@H](C)O)C(=O)N(C)[C@@H](Cc2ccccc2)C(=O)N(C)[C@@H](CC(C)C)C(=O)N(C)[C@@H](CC(C)C)C(=O)N[C@H](C(=O)N2CCCCC2)CC(=O)N(C)CC(=O)N1C,11,Lariat,-4.54,,,,3.3479,0.73,1,1.0
180,2013_CHUGAI,2013,DP-169,180,CC(C)C[C@@H]1NC(=O)[C@H]([C@@H](C)O)NC(=O)[C@H](Cc2ccccc2)N(C)C(=O)[C@H](CC(C)C)N(C)C(=O)[C@H](Cc2ccccc2)N(C)C(=O)[C@H](C)N(C)C(=O)[C@H](C)N(C)C(=O)[C@H](CC(C)C)N(C)C(=O)[C@@H](C)NC(=O)C[C@@H](C(=O)N2CCCCC2)NC1=O,11,Lariat,-4.44,,,,2.368,0.7799999999999998,1,1.0
181,2013_CHUGAI,2013,DP-170,181,CC(C)C[C@H]1C(=O)N[C@@H](COC(C)(C)C)C(=O)N(C)[C@@H](CC(C)C)C(=O)N[C@H](C(=O)N2CCCCC2)CC(=O)N[C@H](C)C(=O)N(C)[C@@H](C)C(=O)N(C)[C@@H](Cc2ccccc2)C(=O)N(C)[C@@H](CC(C)C)C(=O)N[C@@H]([C@@H](C)O)C(=O)N(C)CC(=O)N1C,11,Lariat,-4.37,,,,1.5519,0.815,1,1.0
182,2013_CHUGAI,2013,DP-171,182,CC(C)C[C@H]1C(=O)N(C)[C@@H](C(C)C)C(=O)N[C@@H](Cc2ccccc2)C(=O)N[C@H](C(=O)N2CCCCC2)CC(=O)N[C@H](C(C)C)C(=O)N[C@@H](COC(C)(C)C)C(=O)N(C)[C@@H](CC(C)C)C(=O)N[C@@H]([C@@H](C)O)C(=O)N(C)[C@@H](Cc2ccccc2)C(=O)NCC(=O)N1C,11,Lariat,-4.3,,,,2.3363,0.8500000000000001,1,1.0
183,2013_CHUGAI,2013,DP-172,183,CC[C@H](C)[C@@H]1NC(=O)[C@H]([C@@H](C)O)NC(=O)[C@H](C)N(C)C(=O)[C@H](CC(C)C)N(C)C(=O)[C@H](Cc2ccccc2)N(C)C(=O)[C@H](Cc2ccccc2)N(C)C(=O)[C@H](C)N(C)C(=O)[C@H](CC(C)C)N(C)C(=O)[C@@H](C(C)C)NC(=O)C[C@@H](C(=O)N2CCCCC2)NC1=O,11,Lariat,-4.15,,,,3.0041,0.9249999999999998,1,1.0
184,2013_CHUGAI,2013,DP-173,184,CC[C@H](C)[C@@H]1NC(=O)[C@H](CC(C)C)N(C)C(=O)[C@H](C)NC(=O)[C@H](C)N(C)C(=O)C[C@@H](C(=O)N2CCCCC2)NC(=O)[C@H](C(C)C)N(C)C(=O)[C@H](Cc2ccccc2)N(C)C(=O)[C@H]([C@@H](C)O)NC(=O)[C@H](CC(C)C)N(C)C(=O)[C@H](Cc2ccccc2)NC1=O,11,Lariat,-4.24,,,,2.6619,0.8799999999999999,1,1.0
185,2013_CHUGAI,2013,DP-174,185,CC(C)C[C@H]1C(=O)N(C)[C@@H](CC(C)C)C(=O)N(C)[C@@H](CC(C)C)C(=O)N[C@H](C(=O)N2CCCCC2)CC(=O)N(C)CCC(=O)N[C@@H]([C@@H](C)O)C(=O)N(C)[C@@H](C)C(=O)N(C)[C@@H](Cc2ccccc2)C(=O)N(C)[C@@H](Cc2ccccc2)C(=O)NCC(=O)N1C,11,Lariat,-4.66,,,,2.3233,0.6699999999999999,1,1.0
186,2013_CHUGAI,2013,DP-175,186,CC(C)C[C@H]1C(=O)N[C@H](C(=O)N2CCCCC2)CC(=O)N(C)CC(=O)N[C@@H]([C@@H](C)O)C(=O)N(C)[C@@H](C)C(=O)N(C)[C@@H](Cc2ccccc2)C(=O)NCC(=O)N(C)[C@@H](Cc2ccccc2)C(=O)N(C)[C@@H](CC(C)C)C(=O)N(C)[C@@H](CC(C)C)C(=O)N1C,11,Lariat,-4.32,,,,1.9332,0.8399999999999999,1,1.0
263,2013_CHUGAI,2013,DP-252,263,CC[C@H](C)[C@H]1C(=O)N(C)[C@@H](CC(C)C)C(=O)N[C@@H](Cc2ccccc2)C(=O)N[C@@H]([C@@H](C)O)C(=O)N[C@@H](CC(C)C)C(=O)N(C)[C@@H](Cc2ccccc2)C(=O)N(C)[C@@H](C(C)C)C(=O)N[C@H](C(=O)N2CCCCC2)CC(=O)N[C@H](C)C(=O)N[C@@H](C)C(=O)N1C,11,Lariat,-4.33,,,,2.3197,0.835,1,1.0
264,2013_CHUGAI,2013,DP-253,264,CC[C@H](C)[C@H]1C(=O)N[C@H](C(=O)N2CCCCC2)CC(=O)N[C@H](C(C)C)C(=O)N[C@@H]([C@@H](C)O)C(=O)N(C)[C@@H](C)C(=O)N(C)[C@@H](C(C)C)C(=O)N[C@@H](Cc2ccccc2)C(=O)N(C)[C@@H](CC(C)C)C(=O)N[C@@H](C)C(=O)N(C)CC(=O)N1C,11,Lariat,-5.12,,,,0.6605,0.43999999999999995,1,1.0
265,2013_CHUGAI,2013,DP-254,265,CC[C@H](C)[C@H]1C(=O)N[C@@H](C)C(=O)N[C@H](C(=O)N2CCCCC2)CC(=O)N[C@H](C(C)C)C(=O)N[C@@H](Cc2ccccc2)C(=O)N(C)[C@@H](C(C)C)C(=O)N(C)[C@@H](C)C(=O)N[C@@H]([C@@H](C)O)C(=O)N(C)CC(=O)N(C)[C@@H](CC(C)C)C(=O)N1C,11,Lariat,-5.46,,,,0.6605,0.27,1,1.0
266,2013_CHUGAI,2013,DP-255,266,CC[C@H](C)[C@@H]1NC(=O)[C@H](CC(C)C)N(C)C(=O)[C@H](Cc2ccccc2)N(C)C(=O)[C@@H](C(C)C)NC(=O)C[C@@H](C(=O)N2CCCCC2)NC(=O)[C@H](CC(C)C)N(C)C(=O)[C@H](C)N(C)C(=O)[C@H]([C@@H](C)O)NC(=O)[C@H](Cc2ccccc2)N(C)C(=O)[C@H](C)N(C)C1=O,11,Lariat,-4.32,,,,3.0041,0.8399999999999999,1,1.0
267,2013_CHUGAI,2013,DP-256,267,CC[C@H](C)[C@H]1C(=O)N(C)[C@@H](CC(C)C)C(=O)N(C)[C@@H](Cc2ccccc2)C(=O)N[C@@H]([C@@H](C)O)C(=O)N(C)[C@@H](Cc2ccccc2)C(=O)N(C)[C@@H](CC(C)C)C(=O)N(C)[C@@H](CC(C)C)C(=O)N[C@H](C(=O)N2CCCCC2)CC(=O)N[C@H](C(C)C)C(=O)N[C@@H](C)C(=O)N1C,11,Lariat,-4.72,,,,4.0303,0.6400000000000001,1,1.0
268,2013_CHUGAI,2013,DP-257,268,CC[C@H](C)[C@H]1C(=O)N[C@H](C(=O)N2CCCCC2)CC(=O)N[C@H](C(C)C)C(=O)N(C)[C@@H](CC(C)C)C(=O)N(C)[C@@H](Cc2ccccc2)C(=O)N(C)[C@@H](C)C(=O)N[C@@H]([C@@H](C)O)C(=O)N(C)CC(=O)N(C)[C@@H](CC(C)C)C(=O)N[C@@H](COC(C)(C)C)C(=O)N1C,11,Lariat,-4.48,,,,2.188,0.7599999999999998,1,1.0
269,2013_CHUGAI,2013,DP-258,269,CC[C@H](C)[C@@H]1NC(=O)[C@H](C)N(C)C(=O)[C@H](C)N(C)C(=O)C[C@@H](C(=O)N2CCCCC2)NC(=O)[C@H](CC(C)C)N(C)C(=O)[C@H](Cc2ccccc2)N(C)C(=O)[C@H](C)N(C)C(=O)[C@H]([C@@H](C)O)NC(=O)[C@H](Cc2ccccc2)N(C)C(=O)[C@H](CC(C)C)N(C)C1=O,11,Lariat,-4.28,,,,2.7102,0.8599999999999999,1,1.0
270,2013_CHUGAI,2013,DP-259,270,CC[C@H](C)[C@H]1C(=O)N(C)[C@@H](CC(C)C)C(=O)N(C)[C@@H](Cc2ccccc2)C(=O)N[C@@H](CC(C)C)C(=O)N(C)[C@@H](C(C)C)C(=O)N[C@@H](Cc2ccccc2)C(=O)N[C@@H]([C@@H](C)O)C(=O)N[C@H](C(=O)N2CCCCC2)CC(=O)N(C)CCC(=O)N[C@@H](C)C(=O)N1C,11,Lariat,-4.55,,,,2.6635,0.7250000000000001,1,1.0
271,2013_CHUGAI,2013,DP-260,271,CC(C)C[C@H]1C(=O)N[C@@H]([C@@H](C)O)C(=O)N(C)[C@@H](Cc2ccccc2)C(=O)N(C)[C@@H](CC(C)C)C(=O)NCC(=O)N(C)[C@@H](C(C)C)C(=O)N[C@@H](Cc2ccccc2)C(=O)N[C@H](C(=O)N2CCCCC2)CC(=O)N(C)[C@H](C)C(=O)N[C@@H](COC(C)(C)C)C(=O)N1C,11,Lariat,-4.36,,,,2.0424,0.8199999999999998,1,1.0
272,2013_CHUGAI,2013,DP-261,272,CC[C@H](C)[C@@H]1NC(=O)[C@H](C)N(C)C(=O)CCCN(C)C(=O)C[C@@H](C(=O)N2CCCCC2)NC(=O)[C@H](CC(C)C)N(C)C(=O)[C@H](C)N(C)C(=O)[C@H]([C@@H](C)O)NC(=O)[C@H](Cc2ccccc2)N(C)C(=O)[C@H](Cc2ccccc2)N(C)C(=O)[C@H](CC(C)C)N(C)C1=O,11,Lariat,-4.57,,,,3.1019,0.7149999999999999,1,1.0
273,2013_CHUGAI,2013,DP-262,273,CC[C@H](C)[C@H]1C(=O)N(C)[C@@H](CC(C)C)C(=O)N[C@H](C(=O)N2CCCCC2)CC(=O)N(C)CCCC(=O)N[C@@H]([C@@H](C)O)C(=O)N(C)[C@@H](C)C(=O)N(C)[C@@H](Cc2ccccc2)C(=O)N(C)[C@@H](Cc2ccccc2)C(=O)N(C)[C@@H](CC(C)C)C(=O)NCC(=O)N1C,11,Lariat,-4.42,,,,2.7134,0.79,1,1.0
288,2013_CHUGAI,2013,DP-277,288,CC(C)C[C@H]1C(=O)N(C)[C@@H](C(C)C)C(=O)N[C@@H](Cc2ccccc2)C(=O)N[C@H](C(=O)N2CCCCC2)CC(=O)N(C)CCCC(=O)N[C@@H](COC(C)(C)C)C(=O)N(C)[C@@H](CC(C)C)C(=O)N(C)[C@@H](Cc2ccccc2)C(=O)N[C@@H]([C@@H](C)O)C(=O)NCC(=O)N1C,11,Lariat,-4.42,,,,2.4341,0.79,1,1.0
340,2013_CHUGAI,2013,DP-329,340,CC[C@H](C)[C@@H]1NC(=O)[C@H]([C@@H](C)O)NC(=O)[C@H](CC(C)C)NC(=O)[C@H](Cc2ccccc2)NC(=O)[C@H](CC(C)C)NC(=O)[C@H](C)NC(=O)C[C@@H](C(=O)N2CCCCC2)NC(=O)[C@H](Cc2ccccc2)NC(=O)[C@H](CC(C)C)NC(=O)[C@H](Cc2ccccc2)N(C)C1=O,11,Lariat,-5.62,,,,2.906,0.18999999999999995,1,0.595
341,2013_CHUGAI,2013,DP-330,341,CC[C@H](C)[C@@H]1NC(=O)[C@H](CC(C)C)NC(=O)[C@H](Cc2ccccc2)NC(=O)[C@H](CC(C)C)NC(=O)CN(C)C(=O)[C@H](Cc2ccccc2)NC(=O)[C@H](C)NC(=O)C[C@@H](C(=O)N2CCCCC2)NC(=O)[C@H](Cc2ccccc2)NC(=O)[C@H]([C@@H](C)O)NC1=O,11,Lariat,-5.0,,,,1.4913,0.5,1,1.0
342,2013_CHUGAI,2013,DP-331,342,CC[C@H](C)[C@@H]1NC(=O)[C@H](CC(C)C)NC(=O)[C@H](C)N(C)C(=O)C[C@@H](C(=O)N2CCCCC2)NC(=O)[C@H](CC(C)C)NC(=O)[C@H](Cc2ccccc2)NC(=O)[C@H](Cc2ccccc2)N(C)C(=O)[C@H](CC(C)C)NC(=O)[C@H]([C@@H](C)O)NC(=O)[C@H](Cc2ccccc2)NC1=O,11,Lariat,-6.62,,,,3.2482,-0.31000000000000005,0,0.0
343,2013_CHUGAI,2013,DP-332,343,CC[C@H](C)[C@@H]1NC(=O)[C@H](Cc2ccccc2)NC(=O)[C@H](C)N(C)C(=O)C[C@@H](C(=O)N2CCCCC2)NC(=O)[C@H](CC(C)C)NC(=O)[C@H](Cc2ccccc2)NC(=O)[C@H](Cc2ccccc2)N(C)C(=O)[C@H](CC(C)C)NC(=O)[C@H]([C@@H](C)O)NC(=O)[C@H](CC(C)C)N(C)C1=O,11,Lariat,-4.85,,,,3.5904,0.5750000000000002,1,1.0
344,2013_CHUGAI,2013,DP-333,344,CC[C@H](C)[C@@H]1NC(=O)[C@H](C(C)C)N(C)C(=O)[C@H](Cc2ccccc2)N(C)C(=O)[C@H](Cc2ccccc2)NC(=O)[C@H](CC(C)C)N(C)C(=O)[C@H](C)N(C)C(=O)[C@H]([C@@H](C)O)NC(=O)[C@H](C)N(C)C(=O)C[C@@H](C(=O)N2CCCCC2)NC(=O)[C@H](CC(C)C)N(C)C1=O,11,Lariat,-4.33,,,,3.0041,0.835,1,1.0
345,2013_CHUGAI,2013,DP-334,345,CC[C@H](C)[C@@H]1NC(=O)[C@H](CC(C)C)N(C)C(=O)[C@H](Cc2ccccc2)NC(=O)CCN(C)C(=O)C[C@@H](C(=O)N2CCCCC2)NC(=O)[C@H](CC(C)C)NC(=O)[C@H](Cc2ccccc2)NC(=O)[C@H](Cc2ccccc2)N(C)C(=O)[C@H](CC(C)C)NC(=O)[C@H]([C@@H](C)O)NC1=O,11,Lariat,-4.7,,,,3.592,0.6499999999999999,1,1.0
346,2013_CHUGAI,2013,DP-335,346,CC(C)C[C@@H]1NC(=O)[C@H](Cc2ccccc2)N(C)C(=O)CNC(=O)[C@H](Cc2ccccc2)NC(=O)[C@H]([C@@H](C)O)NC(=O)[C@H](CC(C)C)N(C)C(=O)CCN(C)C(=O)C[C@@H](C(=O)N2CCCCC2)NC(=O)[C@H](COC(C)(C)C)NC(=O)[C@H](CC(C)C)N(C)C1=O,11,Lariat,-4.66,,,,2.0919,0.6699999999999999,1,1.0
347,2013_CHUGAI,2013,DP-336,347,CC[C@H](C)[C@@H]1NC(=O)[C@H](Cc2ccccc2)N(C)C(=O)[C@H](CC(C)C)N(C)C(=O)[C@H](Cc2ccccc2)NC(=O)[C@H]([C@@H](C)O)NC(=O)[C@H](CC(C)C)N(C)C(=O)[C@H](CC(C)C)NC(=O)CCN(C)C(=O)C[C@@H](C(=O)N2CCCCC2)NC(=O)[C@H](CC(C)C)N(C)C1=O,11,Lariat,-4.46,,,,4.0798,0.77,1,1.0
348,2013_CHUGAI,2013,DP-337,348,CC(C)C[C@H]1C(=O)N(C)[C@@H](Cc2ccccc2)C(=O)N[C@@H]([C@@H](C)O)C(=O)N(C)[C@@H](C)C(=O)N(C)[C@@H](Cc2ccccc2)C(=O)N(C)[C@@H](C)C(=O)N[C@H](C(=O)N2CCCCC2)CC(=O)N(C)CCC(=O)N(C)[C@@H](C(C)C)C(=O)N[C@@H](C)C(=O)N1C,11,Lariat,-4.77,,,,1.2955,0.6150000000000002,1,1.0
349,2013_CHUGAI,2013,DP-338,349,CC[C@H](C)[C@@H]1NC(=O)[C@H](Cc2ccccc2)NC(=O)[C@@H](C)N(C)C(=O)C[C@@H](C(=O)N2CCCCC2)NC(=O)[C@H](Cc2ccccc2)N(C)C(=O)[C@H](Cc2ccccc2)NC(=O)[C@H](CC(C)C)NC(=O)[C@H]([C@@H](C)O)NC(=O)[C@H](CC(C)C)NC(=O)[C@H](CC(C)C)N(C)C1=O,11,Lariat,-5.31,,,,3.5904,0.3450000000000002,1,1.0
350,2013_CHUGAI,2013,DP-339,350,CC[C@H](C)[C@@H]1NC(=O)[C@H](C(C)C)N(C)C(=O)[C@@H](C)N(C)C(=O)C[C@@H](C(=O)N2CCCCC2)NC(=O)[C@H](CC(C)C)NC(=O)[C@H](Cc2ccccc2)N(C)C(=O)[C@H](CC(C)C)N(C)C(=O)[C@H](Cc2ccccc2)NC(=O)[C@H]([C@@H](C)O)NC(=O)[C@H](CC(C)C)NC1=O,11,Lariat,-4.74,,,,3.3459,0.6299999999999999,1,1.0
351,2013_CHUGAI,2013,DP-340,351,CC(C)C[C@H]1C(=O)N[C@@H](COC(C)(C)C)C(=O)N(C)[C@@H](Cc2ccccc2)C(=O)N(C)[C@@H](C)C(=O)N[C@@H](Cc2ccccc2)C(=O)N(C)[C@@H](C(C)C)C(=O)N[C@H](C(=O)N2CCCCC2)CC(=O)N(C)[C@H](C)C(=O)N[C@@H]([C@@H](C)O)C(=O)NCC(=O)N1C,11,Lariat,-4.51,,,,1.0162,0.7450000000000001,1,1.0
352,2013_CHUGAI,2013,DP-341,352,CC(C)C[C@H]1C(=O)N[C@@H](C)C(=O)N(C)[C@@H](Cc2ccccc2)C(=O)N(C)[C@@H](C)C(=O)N(C)[C@@H](Cc2ccccc2)C(=O)N[C@@H]([C@@H](C)O)C(=O)N(C)[C@@H](C)C(=O)N[C@H](C(=O)N2CCCCC2)CC(=O)N(C)[C@H](C)C(=O)N(C)[C@@H](C)C(=O)N1C,11,Lariat,-5.02,,,,0.6578,0.4900000000000002,1,1.0
434,2013_CHUGAI,2013,DP-423,434,CC[C@H](C)[C@@H]1NC(=O)[C@H](Cc2ccccc2)NC(=O)[C@H]([C@@H](C)O)NC(=O)CCN(C)C(=O)C[C@@H](C(=O)N2CCCCC2)NC(=O)[C@H](Cc2ccccc2)NC(=O)[C@H](Cc2ccccc2)NC(=O)CNC(=O)[C@H](CC(C)C)N(C)C(=O)[C@H](CC(C)C)NC1=O,11,Lariat,-4.82,,,,1.8351,0.5899999999999999,1,1.0
435,2013_CHUGAI,2013,DP-424,435,CC[C@H](C)[C@@H]1NC(=O)[C@H](Cc2ccccc2)NC(=O)[C@H]([C@@H](C)O)NC(=O)[C@H](CC(C)C)NC(=O)CCN(C)C(=O)C[C@@H](C(=O)N2CCCCC2)NC(=O)[C@H](CC(C)C)NC(=O)[C@H](Cc2ccccc2)N(C)C(=O)[C@H](Cc2ccccc2)NC(=O)[C@H](CC(C)C)NC1=O,11,Lariat,-4.34,,,,3.2498,0.8300000000000001,1,1.0
436,2013_CHUGAI,2013,DP-425,436,CC[C@H](C)[C@@H]1NC(=O)CCN(C)C(=O)C[C@@H](C(=O)N2CCCCC2)NC(=O)[C@H](Cc2ccccc2)N(C)C(=O)[C@H](CC(C)C)NC(=O)[C@H](CC(C)C)N(C)C(=O)[C@H](CC(C)C)NC(=O)[C@H]([C@@H](C)O)NC(=O)[C@H](Cc2ccccc2)NC(=O)[C@H](C(C)C)N(C)C1=O,11,Lariat,-4.57,,,,3.3475,0.7149999999999999,1,1.0
437,2013_CHUGAI,2013,DP-426,437,CC(C)C[C@H]1C(=O)N[C@@H](Cc2ccccc2)C(=O)N[C@@H](COC(C)(C)C)C(=O)N(C)[C@@H](CC(C)C)C(=O)N(C)[C@@H](CC(C)C)C(=O)N[C@@H]([C@@H](C)O)C(=O)N[C@H](C(=O)N2CCCCC2)CC(=O)N(C)CCC(=O)N(C)[C@@H](Cc2ccccc2)C(=O)NCC(=O)N1C,11,Lariat,-4.44,,,,2.4341,0.7799999999999998,1,1.0
438,2013_CHUGAI,2013,DP-427,438,CC[C@H](C)[C@@H]1NC(=O)[C@H](Cc2ccccc2)N(C)C(=O)[C@H](CC(C)C)N(C)C(=O)[C@H](Cc2ccccc2)NC(=O)[C@H](C)N(C)C(=O)[C@H]([C@@H](C)O)NC(=O)CCN(C)C(=O)C[C@@H](C(=O)N2CCCCC2)NC(=O)[C@H](CC(C)C)N(C)C(=O)[C@H](C(C)C)N(C)C1=O,11,Lariat,-4.43,,,,3.0057,0.7850000000000001,1,1.0
439,2013_CHUGAI,2013,DP-428,439,CC(C)C[C@H]1C(=O)N(C)[C@@H](CC(C)C)C(=O)N(C)[C@@H](CC(C)C)C(=O)N[C@H](C(=O)N2CCCCC2)CC(=O)N(C)CCC(=O)N(C)[C@@H](Cc2ccccc2)C(=O)N(C)[C@@H](CC(C)C)C(=O)N[C@@H]([C@@H](C)O)C(=O)N(C)[C@@H](C)C(=O)NCC(=O)N1C,11,Lariat,-4.59,,,,2.1267,0.7050000000000001,1,1.0
440,2013_CHUGAI,2013,DP-429,440,CC[C@H](C)[C@@H]1NC(=O)[C@H](CC(C)C)N(C)C(=O)[C@H](CC(C)C)N(C)C(=O)CCN(C)C(=O)C[C@@H](C(=O)N2CCCCC2)NC(=O)[C@H](CC(C)C)N(C)C(=O)[C@H](CC(C)C)N(C)C(=O)[C@H](Cc2ccccc2)N(C)C(=O)[C@H]([C@@H](C)O)NC(=O)[C@H](Cc2ccccc2)N(C)C1=O,11,Lariat,-4.82,,,,4.7642,0.5899999999999999,1,1.0
441,2013_CHUGAI,2013,DP-430,441,CC[C@H](C)[C@@H]1NC(=O)[C@H](CC(C)C)NC(=O)[C@H](Cc2ccccc2)NC(=O)CN(C)C(=O)[C@H](CC(C)C)NC(=O)[C@H](Cc2ccccc2)NC(=O)[C@@H](C)NC(=O)C[C@@H](C(=O)N2CCCCC2)NC(=O)[C@H]([C@@H](C)O)NC(=O)[C@H](Cc2ccccc2)NC1=O,11,Lariat,-4.49,,,,1.4913,0.7549999999999999,1,1.0
442,2013_CHUGAI,2013,DP-431,442,CC[C@H](C)[C@@H]1NC(=O)[C@H](CC(C)C)N(C)C(=O)[C@H](CC(C)C)NC(=O)[C@H](Cc2ccccc2)NC(=O)[C@H]([C@@H](C)O)NC(=O)[C@H](Cc2ccccc2)NC(=O)[C@@H](C)N(C)C(=O)C[C@@H](C(=O)N2CCCCC2)NC(=O)CNC(=O)[C@H](Cc2ccccc2)NC1=O,11,Lariat,-4.47,,,,1.8335,0.7650000000000001,1,1.0
443,2013_CHUGAI,2013,DP-432,443,CC[C@H](C)[C@@H]1NC(=O)[C@H](CC(C)C)N(C)C(=O)[C@H](Cc2ccccc2)NC(=O)[C@H]([C@@H](C)O)NC(=O)[C@H](CC(C)C)N(C)C(=O)[C@H](C(C)C)N(C)C(=O)[C@@H](C)N(C)C(=O)C[C@@H](C(=O)N2CCCCC2)NC(=O)[C@H](CC(C)C)NC(=O)[C@H](Cc2ccccc2)N(C)C1=O,11,Lariat,-4.59,,,,3.6881,0.7050000000000001,1,1.0
444,2013_CHUGAI,2013,DP-433,444,CC[C@H](C)[C@@H]1NC(=O)CN(C)C(=O)[C@H]([C@@H](C)O)NC(=O)[C@H](C(C)C)N(C)C(=O)[C@@H](C)N(C)C(=O)C[C@@H](C(=O)N2CCCCC2)NC(=O)[C@H](CC(C)C)NC(=O)[C@H](Cc2ccccc2)N(C)C(=O)[C@H](CC(C)C)N(C)C(=O)[C@H](C)N(C)C1=O,11,Lariat,-4.35,,,,1.3928,0.8250000000000002,1,1.0
445,2013_CHUGAI,2013,DP-434,445,CC[C@H](C)[C@@H]1NC(=O)[C@H](Cc2ccccc2)N(C)C(=O)[C@H](CC(C)C)N(C)C(=O)[C@H](Cc2ccccc2)NC(=O)[C@H](C)N(C)C(=O)[C@H]([C@@H](C)O)NC(=O)[C@@H](C)N(C)C(=O)C[C@@H](C(=O)N2CCCCC2)NC(=O)[C@H](CC(C)C)N(C)C(=O)[C@H](C(C)C)N(C)C1=O,11,Lariat,-4.42,,,,3.0041,0.79,1,1.0
446,2013_CHUGAI,2013,DP-435,446,CC(C)C[C@H]1C(=O)N(C)[C@@H](C)C(=O)N(C)[C@@H](CC(C)C)C(=O)N[C@H](C(=O)N2CCCCC2)CC(=O)N(C)[C@H](C)C(=O)N(C)[C@@H](Cc2ccccc2)C(=O)N[C@@H]([C@@H](C)O)C(=O)N(C)[C@@H](C)C(=O)N(C)[C@@H](CC(C)C)C(=O)NCC(=O)N1C,11,Lariat,-4.8,,,,1.0989,0.6000000000000001,1,1.0
447,2013_CHUGAI,2013,DP-436,447,CC[C@H](C)[C@@H]1NC(=O)[C@H](Cc2ccccc2)NC(=O)[C@H](CC(C)C)NC(=O)CNC(=O)[C@H]([C@@H](C)O)NC(=O)[C@H](Cc2ccccc2)NC(=O)[C@H](C)N(C)C(=O)C[C@@H](C(=O)N2CCCCC2)NC(=O)[C@H](Cc2ccccc2)NC(=O)[C@H](CC(C)C)N(C)C1=O,11,Lariat,-4.35,,,,1.8335,0.8250000000000002,1,1.0
448,2013_CHUGAI,2013,DP-437,448,CC(C)C[C@@H]1NC(=O)[C@H](Cc2ccccc2)N(C)C(=O)CNC(=O)[C@H]([C@@H](C)O)NC(=O)[C@H](CC(C)C)N(C)C(=O)[C@H](COC(C)(C)C)NC(=O)[C@H](C)N(C)C(=O)C[C@@H](C(=O)N2CCCCC2)NC(=O)[C@H](Cc2ccccc2)NC(=O)[C@H](CC(C)C)N(C)C1=O,11,Lariat,-4.43,,,,2.0903,0.7850000000000001,1,1.0
449,2013_CHUGAI,2013,DP-438,449,CC(C)C[C@H]1C(=O)N(C)[C@@H](Cc2ccccc2)C(=O)N[C@@H](Cc2ccccc2)C(=O)N(C)[C@@H](C)C(=O)N(C)[C@@H](C(C)C)C(=O)N[C@@H]([C@@H](C)O)C(=O)N[C@H](C(=O)N2CCCCC2)CC(=O)N(C)[C@@H](C)C(=O)N[C@@H](COC(C)(C)C)C(=O)NCC(=O)N1C,11,Lariat,-4.42,,,,1.0162,0.79,1,1.0
450,2013_CHUGAI,2013,DP-439,450,CC[C@H](C)[C@@H]1NC(=O)[C@H](CC(C)C)N(C)C(=O)[C@H](CC(C)C)N(C)C(=O)[C@H](C)N(C)C(=O)[C@H]([C@@H](C)O)NC(=O)[C@H](C(C)C)N(C)C(=O)[C@H](Cc2ccccc2)NC(=O)CN(C)C(=O)[C@H](C)N(C)C(=O)C[C@@H](C(=O)N2CCCCC2)NC1=O,11,Lariat,-4.47,,,,1.3928,0.7650000000000001,1,1.0
496,2013_CHUGAI,2013,DP-485,496,CC[C@H](C)[C@@H]1NC(=O)[C@H](C(C)C)N(C)C(=O)[C@H](C)N(C)C(=O)[C@H]([C@@H](C)O)NC(=O)[C@@H](C)N(C)C(=O)C[C@@H](C(=O)N2CCCCC2)NC(=O)[C@H](C)NC(=O)[C@H](Cc2ccccc2)N(C)C(=O)CN(C)C(=O)[C@H](CC(C)C)N(C)C1=O,11,Lariat,-5.23,,,,0.3666,0.3849999999999998,1,1.0
497,2013_CHUGAI,2013,DP-486,497,CC(C)C[C@@H]1NC(=O)[C@H](Cc2ccccc2)NC(=O)[C@H](CC(C)C)N(C)C(=O)[C@H](Cc2ccccc2)NC(=O)[C@@H](C)N(C)C(=O)C[C@@H](C(=O)N2CCCCC2)NC(=O)[C@H](Cc2ccccc2)N(C)C(=O)CNC(=O)[C@H]([C@@H](C)O)NC(=O)[C@H](CC(C)C)NC1=O,11,Lariat,-4.42,,,,2.1757,0.79,1,1.0
498,2013_CHUGAI,2013,DP-487,498,CC[C@H](C)[C@@H]1NC(=O)[C@H](C)N(C)C(=O)[C@H](CC(C)C)N(C)C(=O)CCCN(C)C(=O)C[C@@H](C(=O)N2CCCCC2)NC(=O)[C@H](C)N(C)C(=O)[C@H](Cc2ccccc2)N(C)C(=O)[C@H]([C@@H](C)O)NC(=O)[C@H](Cc2ccccc2)N(C)C(=O)[C@H](CC(C)C)N(C)C1=O,11,Lariat,-4.62,,,,3.1019,0.69,1,1.0
499,2013_CHUGAI,2013,DP-488,499,CC[C@H](C)[C@@H]1NC(=O)[C@H](C(C)C)N(C)C(=O)[C@H](C)N(C)C(=O)C[C@@H](C(=O)N2CCCCC2)NC(=O)[C@H](CC(C)C)NC(=O)[C@H](Cc2ccccc2)N(C)C(=O)[C@H](CC(C)C)N(C)C(=O)[C@H](CC(C)C)NC(=O)[C@H]([C@@H](C)O)NC(=O)[C@H](Cc2ccccc2)NC1=O,11,Lariat,-5.21,,,,3.3459,0.395,1,1.0
500,2013_CHUGAI,2013,DP-489,500,CC(C)C[C@H]1C(=O)N(C)[C@@H](C)C(=O)N(C)[C@@H](CC(C)C)C(=O)N[C@H](C(=O)N2CCCCC2)CC(=O)N(C)[C@@H](C)C(=O)N(C)[C@@H](Cc2ccccc2)C(=O)N[C@@H]([C@@H](C)O)C(=O)N(C)[C@@H](C)C(=O)N(C)[C@@H](CC(C)C)C(=O)NCC(=O)N1C,11,Lariat,-4.62,,,,1.0989,0.69,1,1.0
526,2013_CHUGAI,2013,DP-515,526,CC[C@H](C)[C@@H]1NC(=O)[C@H](Cc2ccccc2)NC(=O)[C@H](CC(C)C)NC(=O)[C@@H](C)NC(=O)C[C@@H](C(=O)N2CCCCC2)NC(=O)[C@H](Cc2ccccc2)NC(=O)[C@H](CC(C)C)NC(=O)[C@H]([C@@H](C)O)NC(=O)[C@H](Cc2ccccc2)NC(=O)[C@H](CC(C)C)NC1=O,11,Lariat,-7.0,,,,2.5638,-0.5,0,0.0
548,2013_CHUGAI,2013,DP-540,548,CCCN1CC(=O)N(C)[C@@H](CC(C)C)C(=O)N[C@@H]([C@@H](C)O)C(=O)N(C)[C@@H](C)C(=O)N(C)[C@@H](CC(C)C)C(=O)N(C)[C@@H]([C@@H](C)CC)C(=O)N[C@@H](COC(C)(C)C)C(=O)N[C@H](C(=O)N2CCCCC2)CC(=O)N(C)[C@@H](C)C(=O)N(C)[C@@H](Cc2ccccc2)C1=O,11,Lariat,-4.44,,,,2.6743,0.7799999999999998,1,1.0
551,2013_CHUGAI,2013,DP-543,551,CCCN1CC(=O)N(C)[C@@H](CC(C)C)C(=O)N[C@@H]([C@@H](C)O)C(=O)N(C)[C@@H](Cc2ccccc2)C(=O)N(C)[C@@H](CC(C)C)C(=O)N(C)[C@@H]([C@@H](C)CC)C(=O)N(C)[C@@H](C)C(=O)N[C@H](C(=O)N2CCCCC2)CC(=O)N(C)CC(=O)N[C@@H](COC(C)(C)C)C1=O,11,Lariat,-4.55,,,,2.2858,0.7250000000000001,1,1.0
555,2013_CHUGAI,2013,DP-547,555,CCCN1CC(=O)N(C)[C@@H](CC(C)C)C(=O)N[C@@H](COC(C)(C)C)C(=O)N(C)[C@@H](CC(C)C)C(=O)N[C@H](C(=O)N2CCCCC2)CC(=O)N[C@H](C)C(=O)N(C)[C@@H](C)C(=O)N(C)[C@@H](Cc2ccccc2)C(=O)N(C)[C@@H](CC(C)C)C(=O)N[C@@H]([C@@H](C)O)C1=O,11,Lariat,-4.47,,,,2.3321,0.7650000000000001,1,1.0
564,2013_CHUGAI,2013,DP-569,564,CC[C@H](C)[C@@H]1NC(=O)[C@H](Cc2ccccc2)N(C)C(=O)[C@@H](C)NC(=O)C[C@@H](C(=O)N(C)[C@@H](Cc2ccccc2)C(=O)N(C)[C@@H](Cc2ccccc2)C(=O)N[C@@H](C)C(=O)N2CCCCC2)NC(=O)[C@H](C(C)C)NC(=O)CN(C)C(=O)[C@H]([C@@H](C)O)NC1=O,11,Lariat,-4.68,,,,1.1016,0.6600000000000001,1,1.0
566,2013_CHUGAI,2013,DP-571,566,CC(C)C[C@H](NC(=O)CN(C)C(=O)[C@@H]1CC(=O)N[C@H](C)C(=O)N[C@@H](C(C)C)C(=O)N(C)[C@@H](Cc2ccccc2)C(=O)N(C)[C@@H](CC(C)C)C(=O)N(C)[C@@H](C)C(=O)N[C@@H]([C@@H](C)O)C(=O)N[C@@H](Cc2ccccc2)C(=O)N1)C(=O)N1CCCCC1,11,Lariat,-4.64,,,,0.905,0.6800000000000002,1,1.0
568,2013_CHUGAI,2013,DP-573,568,CC[C@H](C)[C@H](NC(=O)[C@H](Cc1ccccc1)N(C)C(=O)[C@@H]1CC(=O)N[C@@H](C)C(=O)N[C@@H](CC(C)C)C(=O)N(C)[C@@H]([C@@H](C)CC)C(=O)N[C@@H](C(C)C)C(=O)N(C)[C@@H](Cc2ccccc2)C(=O)N[C@@H](CC(C)C)C(=O)N(C)[C@@H](Cc2ccccc2)C(=O)N1)C(=O)N1CCCCC1,11,Lariat,-7.0,,,,5.2078,-0.5,0,0.0
607,2013_CHUGAI,2013,DP-639,607,CC(C)C[C@@H]1NC(=O)[C@H](CO)N(C)C(=O)[C@H](CC(C)C)N(C)C(=O)[C@H](CC(C)C)N(C)C(=O)[C@H](CC(C)C)N(C)C(=O)[C@@H](C)NC(=O)C[C@H](C)NC(=O)[C@H](CC(C)C)N(C)C(=O)[C@H](CC(C)C)NC(=O)[C@H](CC(C)C)N(C)C(=O)CN(C)C1=O,11,Circle,-4.48,,,,3.1045,0.7599999999999998,1,1.0
608,2013_CHUGAI,2013,DP-640,608,CC(C)C[C@@H]1NC(=O)[C@H](CC(C)C)N(C)C(=O)[C@H](C(C)C)NC(=O)C[C@H](C)NC(=O)CN(C)C(=O)[C@H](CC(C)C)NC(=O)[C@H](CO)N(C)C(=O)[C@H](CC(C)C)N(C)C(=O)[C@H](CC(C)C)N(C)C(=O)[C@H](CC(C)C)N(C)C(=O)[C@@H](CC(C)C)NC1=O,11,Circle,-4.3,,,,3.3984,0.8500000000000001,1,1.0
609,2013_CHUGAI,2013,DP-641,609,CC[C@@H]1NC(=O)[C@H](CC(C)C)N(C)C(=O)[C@H](CC(C)C)NC(=O)[C@H](CC(C)C)N(C)C(=O)CN(C)C(=O)C[C@H](C)NC(=O)[C@H](CO)N(C)C(=O)[C@H](CC(C)C)N(C)C(=O)[C@H](CC(C)C)N(C)C(=O)[C@H](CC(C)C)N(C)C(=O)[C@@H](CC(C)C)NC1=O,11,Circle,-4.34,,,,3.4946,0.8300000000000001,1,1.0
610,2013_CHUGAI,2013,DP-642,610,CC(C)C[C@@H]1NC(=O)[C@H](CC(C)C)N(C)C(=O)[C@H](C(C)C)NC(=O)[C@H](CC(C)C)N(C)C(=O)CN(C)C(=O)[C@H](CC(C)C)NC(=O)[C@H](CO)N(C)C(=O)[C@H](CC(C)C)N(C)C(=O)[C@H](CC(C)C)N(C)C(=O)C[C@H](C)NC(=O)[C@@H](CC(C)C)NC1=O,11,Circle,-4.49,,,,3.3984,0.7549999999999999,1,1.0
611,2013_CHUGAI,2013,DP-643,611,CC(C)C[C@@H]1NC(=O)C[C@H](C)NC(=O)[C@H](C(C)C)NC(=O)[C@H](CC(C)C)N(C)C(=O)CN(C)C(=O)[C@H](CC(C)C)NC(=O)[C@H](CO)N(C)C(=O)[C@H](CC(C)C)N(C)C(=O)[C@H](CC(C)C)N(C)C(=O)[C@H](CC(C)C)N(C)C(=O)[C@@H](CC(C)C)NC1=O,11,Circle,-4.54,,,,3.3984,0.73,1,1.0
612,2013_CHUGAI,2013,DP-644,612,CC(C)C[C@@H]1NC(=O)[C@H](CO)N(C)C(=O)[C@H](CC(C)C)N(C)C(=O)[C@H](CC(C)C)N(C)C(=O)[C@H](CC(C)C)N(C)C(=O)C[C@H](C)NC(=O)[C@H](C)NC(=O)[C@H](CC(C)C)N(C)C(=O)[C@H](CC(C)C)NC(=O)[C@H](CC(C)C)N(C)C(=O)CN(C)C1=O,11,Circle,-4.48,,,,3.1045,0.7599999999999998,1,1.0
613,2013_CHUGAI,2013,DP-645,613,CCCCCC[C@@H]1NC(=O)[C@H](CO)N(C)C(=O)[C@H](CC(C)C)N(C)C(=O)[C@H](CC(C)C)N(C)C(=O)[C@H](CC(C)C)N(C)C(=O)[C@@H](C)NC(=O)[C@H](CC)NC(=O)[C@H](CC(C)C)N(C)C(=O)C[C@H](C)NC(=O)[C@H](CC(C)C)N(C)C(=O)CN(C)C1=O,11,Circle,-4.31,,,,3.3927,0.8450000000000002,1,1.0
614,2013_CHUGAI,2013,DP-646,614,CCCCCC[C@@H]1NC(=O)[C@H](CC(C)C)N(C)C(=O)C[C@H](C)NC(=O)[C@H](CC)NC(=O)[C@H](CO)N(C)C(=O)[C@H](CC(C)C)N(C)C(=O)[C@H](CC(C)C)N(C)C(=O)[C@H](CC(C)C)N(C)C(=O)[C@@H](C)NC(=O)[C@H](C)NC(=O)[C@H](CC(C)C)N(C)C1=O,11,Circle,-4.54,,,,3.439,0.73,1,1.0
615,2013_CHUGAI,2013,DP-647,615,CCCCCC[C@@H]1NC(=O)[C@H](CC(C)C)N(C)C(=O)CN(C)C(=O)[C@H](CC(C)C)NC(=O)C[C@H](C)NC(=O)[C@H](CC(C)C)N(C)C(=O)[C@H](CC(C)C)N(C)C(=O)[C@H](CC(C)C)N(C)C(=O)[C@@H](C)NC(=O)[C@H](CO)NC(=O)[C@H](CC(C)C)N(C)C1=O,11,Circle,-4.54,,,,3.6866,0.73,1,1.0
616,2013_CHUGAI,2013,DP-648,616,CCCCCC[C@@H]1NC(=O)[C@H](CO)N(C)C(=O)C[C@H](C)NC(=O)[C@H](CC(C)C)N(C)C(=O)[C@H](CC(C)C)N(C)C(=O)[C@@H](CC(C)C)NC(=O)[C@H](CC)NC(=O)[C@H](CC(C)C)N(C)C(=O)[C@H](C(C)C)NC(=O)[C@H](CC(C)C)N(C)C(=O)CN(C)C1=O,11,Circle,-4.28,,,,3.6866,0.8599999999999999,1,1.0
617,2013_CHUGAI,2013,DP-649,617,CC(C)C[C@@H]1NC(=O)[C@H](CO)N(C)C(=O)[C@H](CC(C)C)N(C)C(=O)[C@H](CC(C)C)N(C)C(=O)[C@H](CC(C)C)N(C)C(=O)[C@@H](C)NC(=O)[C@H](C)NC(=O)[C@H](CC(C)C)N(C)C(=O)C[C@H](C)NC(=O)[C@H](CC(C)C)N(C)C(=O)CN(C)C1=O,11,Circle,-4.66,,,,2.0783,0.6699999999999999,1,1.0
618,2013_CHUGAI,2013,DP-650,618,CC[C@@H]1NC(=O)[C@H](CO)N(C)C(=O)[C@H](CC(C)C)N(C)C(=O)[C@H](CC(C)C)N(C)C(=O)[C@H](CC(C)C)N(C)C(=O)[C@@H](CC(C)C)NC(=O)[C@H](C)NC(=O)[C@H](CC(C)C)N(C)C(=O)[C@H](C)NC(=O)[C@H](CC(C)C)N(C)C(=O)C[C@H](C)NC1=O,11,Circle,-4.59,,,,2.5147,0.7050000000000001,1,1.0
619,2013_CHUGAI,2013,DP-651,619,CC[C@@H]1NC(=O)C[C@H](C)NC(=O)[C@H](CC(C)C)N(C)C(=O)[C@H](CC(C)C)N(C)C(=O)[C@H](CC(C)C)N(C)C(=O)[C@@H](C)NC(=O)[C@H](CO)NC(=O)[C@H](CC(C)C)N(C)C(=O)[C@H](CC(C)C)NC(=O)[C@H](CC(C)C)N(C)C(=O)CN(C)C1=O,11,Circle,-4.62,,,,2.1262,0.69,1,1.0
620,2013_CHUGAI,2013,DP-652,620,CC(C)C[C@@H]1NC(=O)[C@H](CO)N(C)C(=O)C[C@H](C)NC(=O)[C@H](CC(C)C)N(C)C(=O)[C@H](CC(C)C)N(C)C(=O)[C@@H](C)NC(=O)[C@H](C(C)C)NC(=O)[C@H](CC(C)C)N(C)C(=O)[C@H](C(C)C)NC(=O)[C@H](CC(C)C)N(C)C(=O)CN(C)C1=O,11,Circle,-4.52,,,,1.9821,0.7400000000000002,1,1.0
621,2013_CHUGAI,2013,DP-653,621,CC(C)C[C@@H]1NC(=O)[C@H](CC(C)C)N(C)C(=O)[C@H](C(C)C)NC(=O)[C@H](CC(C)C)N(C)C(=O)CN(C)C(=O)[C@H](C(C)C)NC(=O)[C@H](CO)N(C)C(=O)[C@H](CC(C)C)N(C)C(=O)C[C@H](C)NC(=O)[C@H](CC(C)C)N(C)C(=O)[C@@H](C)NC1=O,11,Circle,-4.48,,,,1.9821,0.7599999999999998,1,1.0
622,2013_CHUGAI,2013,DP-654,622,CC(C)C[C@H]1C(=O)N[C@@H](C(C)C)C(=O)N(C)[C@@H](CC(C)C)C(=O)N[C@@H](C)C(=O)N[C@H](C)C(=O)N(C)[C@@H](CC(C)C)C(=O)N(C)[C@@H](CC(C)C)C(=O)N(C)[C@@H](CC(C)C)C(=O)N(C)[C@@H](CO)C(=O)N[C@H](C(F)(F)F)CC(=O)N(C)CC(=O)N1C,11,Circle,-4.64,,,,2.2306,0.6800000000000002,1,1.0
623,2013_CHUGAI,2013,DP-655,623,CC[C@@H]1NC(=O)[C@H](CO)N(C)C(=O)[C@H](CC(C)C)N(C)C(=O)[C@H](CC(C)C)N(C)C(=O)[C@H](CC(C)C)N(C)C(=O)[C@@H](C)NC(=O)[C@H](C)NC(=O)[C@H](CC(C)C)N(C)C(=O)[C@H](CC)NC(=O)[C@H](CC(C)C)N(C)C(=O)C[C@@H](C(F)(F)F)NC1=O,11,Circle,-4.47,,,,2.421,0.7650000000000001,1,1.0
624,2013_CHUGAI,2013,DP-656,624,CC[C@@H]1NC(=O)[C@H](CO)N(C)C(=O)[C@H](CC(C)C)N(C)C(=O)[C@H](CC(C)C)N(C)C(=O)[C@H](CC(C)C)N(C)C(=O)[C@@H](C)NC(=O)[C@H](CC(C)C)NC(=O)C[C@@H](C(F)(F)F)NC(=O)[C@H](C(C)C)NC(=O)[C@H](CC(C)C)N(C)C(=O)CN(C)C1=O,11,Circle,-4.52,,,,2.2785,0.7400000000000002,1,1.0
625,2013_CHUGAI,2013,DP-657,625,CC(C)C[C@@H]1NC(=O)[C@H](CO)N(C)C(=O)C[C@@H](C(F)(F)F)NC(=O)[C@H](CC(C)C)N(C)C(=O)[C@H](CC(C)C)N(C)C(=O)[C@@H](C)NC(=O)[C@H](C)NC(=O)[C@H](CC(C)C)N(C)C(=O)[C@H](CC(C)C)NC(=O)[C@H](CC(C)C)N(C)C(=O)CN(C)C1=O,11,Circle,-4.62,,,,2.2785,0.69,1,1.0
632,2013_CHUGAI,2013,DP-664,632,CC[C@H](C)[C@@H]1NC(=O)[C@H](CC(C)C)N(C)C(=O)CN(C)C(=O)[C@H]([C@@H](C)O)NC(=O)[C@H](C)N(C)C(=O)C[C@@H](C(=O)N[C@@H](C)C(=O)N2CCCCC2)NC(=O)[C@H](CC(C)C)N(C)C(=O)[C@H](Cc2ccccc2)N(C)C(=O)[C@H](CC(C)C)N(C)C1=O,11,Lariat,-4.15,,,,1.7829,0.9249999999999998,1,1.0
637,2013_CHUGAI,2013,DP-669,637,CC[C@H](C)[C@H](NC(=O)[C@@H]1CC(=O)N[C@@H](C)C(=O)N[C@@H]([C@@H](C)CC)C(=O)N(C)[C@@H](C)C(=O)N(C)[C@@H](Cc2ccccc2)C(=O)N[C@@H]([C@@H](C)O)C(=O)N(C)[C@@H](Cc2ccccc2)C(=O)N[C@@H](CC(C)C)C(=O)N2CCC[C@H]2C(=O)N1)C(=O)N1CCCCC1,11,Lariat,-4.54,,,,1.8277,0.73,1,1.0
728,2013_CHUGAI,2013,DP-763,728,CC(C)C[C@H]1C(=O)N(C)[C@@H](C)C(=O)N[C@@H](C)C(=O)N[C@@H](C)CC(=O)N(C)CCC(=O)N(C)[C@@H](Cc2ccccc2)C(=O)N(C)[C@@H](C)C(=O)N[C@@H]([C@@H](C)O)C(=O)N(C)[C@@H](C)C(=O)N[C@@H](Cc2ccccc2)C(=O)N(C)[C@@H](C(C)C)C(=O)N1C,11,Circle,-5.6,,,,0.8076,0.20000000000000018,1,0.6000000000000001
729,2013_CHUGAI,2013,DP-764,729,CC(C)C[C@@H]1NC(=O)[C@H](CC(C)C)N(C)C(=O)[C@H](C)NC(=O)[C@H](C(C)C)N(C)C(=O)[C@H](Cc2ccccc2)NC(=O)CN(C)C(=O)[C@H]([C@@H](C)O)NC(=O)[C@H](C)N(C)C(=O)[C@H](CC(C)C)N(C)C(=O)[C@@H](C)NC(=O)C[C@H](C)NC1=O,11,Circle,-5.3,,,,0.5627,0.3500000000000001,1,1.0
730,2013_CHUGAI,2013,DP-765,730,CC(C)C[C@H]1C(=O)N[C@@H](C)C(=O)N(C)[C@@H](C)C(=O)N[C@@H](C)CC(=O)N(C)[C@@H](C)C(=O)N[C@@H]([C@@H](C)O)C(=O)N(C)CC(=O)N(C)[C@@H](Cc2ccccc2)C(=O)N(C)[C@@H](Cc2ccccc2)C(=O)N(C)[C@@H](C)C(=O)N2CCC[C@H]2C(=O)N1C,11,Circle,-5.52,,,,0.2677,0.2400000000000002,1,0.6200000000000001
731,2013_CHUGAI,2013,DP-766,731,CC(C)C[C@H]1C(=O)N(C)[C@@H](C)C(=O)N(C)[C@@H](C)C(=O)N(C)[C@@H](Cc2ccccc2)C(=O)N[C@@H]([C@@H](C)O)C(=O)N(C)[C@@H](Cc2ccccc2)C(=O)N(C)[C@@H](CC(C)C)C(=O)N2CCC[C@H]2C(=O)N[C@@H](C)CC(=O)N[C@@H](C)C(=O)NCC(=O)N1C,11,Circle,-4.89,,,,0.9517,0.5550000000000002,1,1.0
732,2013_CHUGAI,2013,DP-767,732,CC[C@H](C)[C@H]1C(=O)N(C)[C@@H](C)C(=O)N(C)[C@@H](Cc2ccccc2)C(=O)N[C@@H]([C@@H](C)O)C(=O)N(C)[C@@H](Cc2ccccc2)C(=O)N(C)[C@@H](CC(C)C)C(=O)N2CCC[C@H]2C(=O)N[C@@H](C)CC(=O)N[C@@H](C)C(=O)NCC(=O)N(C)[C@@H](CC(C)C)C(=O)N1C,11,Circle,-4.52,,,,1.9779,0.7400000000000002,1,1.0
733,2013_CHUGAI,2013,DP-768,733,CC(C)C[C@H]1C(=O)N2CCC[C@H]2C(=O)N(C)[C@@H](CC(C)C)C(=O)N[C@@H](C)C(=O)N(C)[C@@H](C(C)C)C(=O)N[C@@H](C)CC(=O)N(C)[C@@H](C)C(=O)N[C@@H]([C@@H](C)O)C(=O)N(C)CC(=O)N(C)[C@@H](Cc2ccccc2)C(=O)N(C)[C@@H](Cc2ccccc2)C(=O)N1C,11,Circle,-4.6,,,,1.93,0.7000000000000002,1,1.0
734,2013_CHUGAI,2013,DP-769,734,CC[C@H](C)[C@@H]1NC(=O)[C@H](C)N(C)C(=O)[C@H]([C@@H](C)O)NC(=O)[C@H](C(C)C)N(C)C(=O)[C@H](CC(C)C)NC(=O)[C@H](CC(C)C)N(C)C(=O)[C@@H](C)N(C)C(=O)C[C@H](C)NC(=O)[C@H](Cc2ccccc2)NC(=O)[C@H](C)NC(=O)[C@H](Cc2ccccc2)N(C)C1=O,11,Circle,-4.28,,,,2.174,0.8599999999999999,1,1.0
735,2013_CHUGAI,2013,DP-770,735,CC[C@H](C)[C@@H]1NC(=O)[C@H](CC(C)C)N(C)C(=O)[C@H](C(C)C)N(C)C(=O)[C@H](C)NC(=O)[C@H](C)N(C)C(=O)[C@H](Cc2ccccc2)NC(=O)[C@H]([C@@H](C)O)NC(=O)[C@H](CC(C)C)N(C)C(=O)[C@H](CC(C)C)N(C)C(=O)[C@H](C)N(C)C(=O)C[C@H](C)NC1=O,11,Circle,-4.48,,,,2.3196,0.7599999999999998,1,1.0
736,2013_CHUGAI,2013,DP-771,736,CC[C@H](C)[C@H]1C(=O)N[C@@H](COC(C)(C)C)C(=O)N(C)[C@@H](Cc2ccccc2)C(=O)N(C)[C@@H](C(C)C)C(=O)N[C@@H](C)CC(=O)N(C)[C@@H](C)C(=O)N(C)[C@@H](Cc2ccccc2)C(=O)N[C@@H](CC(C)C)C(=O)N(C)[C@@H](CC(C)C)C(=O)N[C@@H]([C@@H](C)O)C(=O)N(C)CC(=O)N1C,11,Circle,-4.33,,,,3.2651,0.835,1,1.0
737,2013_CHUGAI,2013,DP-772,737,CC[C@H](C)[C@@H]1NC(=O)[C@H](CC(C)C)N(C)C(=O)[C@H](CC(C)C)N(C)C(=O)[C@H](C)NC(=O)[C@H](CC(C)C)N(C)C(=O)[C@H](Cc2ccccc2)NC(=O)[C@H]([C@@H](C)O)NC(=O)[C@H](CC(C)C)N(C)C(=O)[C@H](CC(C)C)N(C)C(=O)[C@H](C)N(C)C(=O)C[C@H](C)NC1=O,11,Circle,-4.15,,,,3.7359,0.9249999999999998,1,1.0
738,2013_CHUGAI,2013,DP-773,738,CC[C@H](C)[C@H]1C(=O)N(C)[C@@H](CC(C)C)C(=O)N[C@@H](C)C(=O)N(C)[C@@H](CC(C)C)C(=O)N(C)[C@@H](Cc2ccccc2)C(=O)N[C@@H]([C@@H](C)O)C(=O)N(C)[C@@H](Cc2ccccc2)C(=O)N(C)[C@@H](CC(C)C)C(=O)N(C)[C@@H](C)C(=O)N[C@@H](C)CC(=O)N[C@H](C(C)C)C(=O)N1C,11,Circle,-4.34,,,,3.8846,0.8300000000000001,1,1.0
739,2013_CHUGAI,2013,DP-774,739,CCCCCC[C@@H]1NC(=O)[C@H](CC(C)C)N(C)C(=O)[C@@H]2CCCN2C(=O)[C@H](C)N(C)C(=O)[C@H](Cc2ccccc2)N(C)C(=O)[C@H](Cc2ccccc2)N(C)C(=O)CN(C)C(=O)[C@H]([C@@H](C)O)NC(=O)[C@H](C)N(C)C(=O)C[C@H](C)NC(=O)[C@H](C(C)C)N(C)C1=O,11,Circle,-4.59,,,,2.8543,0.7050000000000001,1,1.0
740,2013_CHUGAI,2013,DP-775,740,CCCCCC[C@@H]1NC(=O)[C@H](Cc2ccccc2)N(C)C(=O)[C@H](C)N(C)C(=O)C[C@H](C)NC(=O)[C@H](C(C)C)N(C)C(=O)[C@H](Cc2ccccc2)N(C)C(=O)[C@H](COC(C)(C)C)NC(=O)[C@H](C)N(C)C(=O)CN(C)C(=O)[C@H]([C@@H](C)O)NC(=O)[C@H](CC(C)C)N(C)C1=O,11,Circle,-4.43,,,,3.1632,0.7850000000000001,1,1.0
741,2013_CHUGAI,2013,DP-776,741,CC[C@H](C)[C@@H]1NC(=O)[C@H](CC(C)C)N(C)C(=O)[C@H](CC(C)C)N(C)C(=O)[C@H](C)NC(=O)[C@H](CC(C)C)N(C)C(=O)[C@H](Cc2ccc(C(F)(F)F)cc2)NC(=O)[C@H]([C@@H](C)O)NC(=O)[C@H](CC(C)C)N(C)C(=O)[C@H](CC(C)C)N(C)C(=O)[C@H](C)N(C)C(=O)C[C@H](C)NC1=O,11,Circle,-4.74,,,,4.7547,0.6299999999999999,1,1.0
770,2013_CHUGAI,2013,DP-805,770,CC[C@H](C)[C@@H]1NC(=O)[C@H](CC(C)C)N(C)C(=O)[C@H](C)NC(=O)CN(C)C(=O)[C@H](Cc2ccc(C(F)(F)F)cc2)NC(=O)[C@H]([C@@H](C)O)NC(=O)[C@H](CC(C)C)N(C)C(=O)CCN(C)C(=O)C[C@H](C)NC(=O)[C@H](CC(C)C)N(C)C(=O)[C@H](CC(C)C)N(C)C1=O,11,Circle,-4.39,,,,3.3416,0.8050000000000002,1,1.0
771,2013_CHUGAI,2013,DP-806,771,CC[C@H](C)[C@@H]1NC(=O)[C@H](CC(C)C)N(C)C(=O)[C@H](C)NC(=O)CN(C)C(=O)[C@H](CC(C)C)NC(=O)[C@H]([C@@H](C)O)NC(=O)[C@H](CC(C)C)N(C)C(=O)CCN(C)C(=O)C[C@H](C)NC(=O)[C@H](CC(C)C)N(C)C(=O)[C@H](CC(C)C)N(C)C1=O,11,Circle,-4.57,,,,2.1262,0.7149999999999999,1,1.0
780,2013_CHUGAI,2013,DP-815,780,CC[C@H](C)[C@H]1C(=O)NCC(=O)N[C@@H](C)CC(=O)N(C)[C@H](C)C(=O)N[C@@H](Cc2ccccc2)C(=O)N(C)[C@@H](CC(C)C)C(=O)N[C@@H](COC(C)(C)C)C(=O)N[C@@H](Cc2ccccc2)C(=O)N2CCC[C@H]2C(=O)N[C@@H]([C@@H](C)O)C(=O)N[C@@H](CC(C)C)C(=O)N1C,11,Circle,-4.38,,,,1.7465,0.81,1,1.0
781,2013_CHUGAI,2013,DP-816,781,CC[C@H](C)[C@H]1C(=O)N(C)[C@@H](C)C(=O)N(C)[C@@H](CC(C)C)C(=O)N[C@@H](COC(C)(C)C)C(=O)N(C)[C@@H](CC(C)C)C(=O)N[C@@H](C)CC(=O)N(C)[C@@H](C)C(=O)N(C)[C@@H](Cc2ccccc2)C(=O)N[C@@H](C)C(=O)N(C)[C@@H](CC(C)C)C(=O)N[C@@H]([C@@H](C)O)C(=O)N1C,11,Circle,-4.49,,,,2.8209,0.7549999999999999,1,1.0
782,2013_CHUGAI,2013,DP-817,782,CC[C@H](C)[C@H]1C(=O)N(C)[C@@H](C)C(=O)N(C)[C@@H](CC(C)C)C(=O)N[C@@H](COC(C)(C)C)C(=O)N(C)[C@@H](CC(C)C)C(=O)N[C@@H](C)CC(=O)N(C)[C@@H](C)C(=O)N(C)[C@@H](Cc2ccccc2)C(=O)N[C@@H](CC(C)C)C(=O)N(C)[C@@H](CC(C)C)C(=O)N[C@@H]([C@@H](C)O)C(=O)N1C,11,Circle,-4.6,,,,3.8471,0.7000000000000002,1,1.0
794,2013_CHUGAI,2013,DP-829,794,CC(C)C[C@@H]1NC(=O)[C@H](C)NC(=O)C[C@H](C)NC(=O)[C@H](C(C)C)N(C)C(=O)[C@H](CC(C)C)N(C)C(=O)[C@H]([C@@H](C)O)NC(=O)[C@H](Cc2ccc(C(F)(F)F)cc2)NC(=O)[C@H](C)N(C)C(=O)CNC(=O)[C@H](CC(C)C)N(C)C(=O)[C@H](C)N(C)C1=O,11,Circle,-4.68,,,,1.5815,0.6600000000000001,1,1.0
815,2013_CHUGAI,2013,DP-850,815,C=C1CCC(=O)N(C)[C@@H](Cc2ccccc2)C(=O)N[C@@H](CC(C)C)C(=O)N(C)[C@@H](CC(C)C)C(=O)N[C@@H]([C@@H](C)O)C(=O)N(C)CC(=O)N(C)[C@@H]([C@@H](C)CC)C(=O)N[C@@H](COC(C)(C)C)C(=O)N(C)[C@@H](Cc2ccccc2)C(=O)N(C)[C@@H](C(C)C)C(=O)N[C@H](C(=O)N2CCCCC2)Cc2ccc1cc2,11,Lariat,-5.37,,,,6.0568,0.31499999999999995,1,1.0
816,2013_CHUGAI,2013,DP-851,816,C=C1CCC(=O)N(C)[C@@H](Cc2ccccc2)C(=O)N[C@@H](CC(C)C)C(=O)N(C)[C@@H](CC(C)C)C(=O)N[C@@H]([C@@H](C)O)C(=O)N(C)CC(=O)N(C)[C@@H]([C@@H](C)CC)C(=O)N[C@@H](COC(C)(C)C)C(=O)N(C)[C@@H](Cc2ccccc2)C(=O)N(C)[C@@H](C(C)C)C(=O)N[C@H](C(=O)N2CCCCC2)Cc2cccc1c2,11,Lariat,-5.6,,,,6.0568,0.20000000000000018,1,0.6000000000000001
817,2013_CHUGAI,2013,DP-852,817,CC[C@H](C)[C@H]1C(=O)N[C@@H](COC(C)(C)C)C(=O)N(C)[C@@H](Cc2ccccc2)C(=O)N(C)[C@@H](C(C)C)C(=O)N[C@H](C(=O)N2CCCCC2)Cc2ccc(cc2)CCCCCC(=O)N(C)[C@@H](Cc2ccccc2)C(=O)N[C@@H](CC(C)C)C(=O)N(C)[C@@H](CC(C)C)C(=O)N[C@@H]([C@@H](C)O)C(=O)N(C)CC(=O)N1C,11,Lariat,-6.15,,,,6.3663,-0.07500000000000018,0,0.4624999999999999
818,2013_CHUGAI,2013,DP-853,818,CC[C@H](C)[C@H]1C(=O)N[C@@H](COC(C)(C)C)C(=O)N(C)[C@@H](Cc2ccccc2)C(=O)N(C)[C@@H](C(C)C)C(=O)N[C@H](C(=O)N2CCCCC2)Cc2cccc(c2)CCCCC(=O)N(C)[C@@H](Cc2ccccc2)C(=O)N[C@@H](CC(C)C)C(=O)N(C)[C@@H](CC(C)C)C(=O)N[C@@H]([C@@H](C)O)C(=O)N(C)CC(=O)N1C,11,Lariat,-5.2,,,,5.9762,0.3999999999999999,1,1.0
819,2013_CHUGAI,2013,DP-854,819,C=C1CCC(=O)N[C@@H](CC(C)C)C(=O)N(C)[C@@H](CC(C)C)C(=O)N(C)[C@@H](Cc2ccccc2)C(=O)N[C@@H](C)C(=O)N(C)[C@@H](Cc2ccccc2)C(=O)N(C)[C@@H]([C@@H](C)CC)C(=O)N[C@@H]([C@@H](C)O)C(=O)N(C)CC(=O)N(C)[C@@H](CC(C)C)C(=O)N[C@H](C(=O)N2CCCCC2)Cc2ccc1cc2,11,Lariat,-5.13,,,,5.6517,0.43500000000000005,1,1.0
820,2013_CHUGAI,2013,DP-855,820,C=C1CCC(=O)N[C@@H](CC(C)C)C(=O)N(C)[C@@H](CC(C)C)C(=O)N(C)[C@@H](Cc2ccccc2)C(=O)N[C@@H](C)C(=O)N(C)[C@@H](Cc2ccccc2)C(=O)N(C)[C@@H]([C@@H](C)CC)C(=O)N[C@@H]([C@@H](C)O)C(=O)N(C)CC(=O)N(C)[C@@H](CC(C)C)C(=O)N[C@H](C(=O)N2CCCCC2)Cc2cccc1c2,11,Lariat,-5.37,,,,5.6517,0.31499999999999995,1,1.0
821,2013_CHUGAI,2013,DP-856,821,CC[C@H](C)[C@H]1C(=O)N[C@@H]([C@@H](C)O)C(=O)N(C)CC(=O)N(C)[C@@H](CC(C)C)C(=O)N[C@H](C(=O)N2CCCCC2)Cc2ccc(cc2)CCCCCC(=O)N[C@@H](CC(C)C)C(=O)N(C)[C@@H](CC(C)C)C(=O)N(C)[C@@H](Cc2ccccc2)C(=O)N[C@@H](C)C(=O)N(C)[C@@H](Cc2ccccc2)C(=O)N1C,11,Lariat,-6.36,,,,5.9612,-0.18000000000000016,0,0.4099999999999999
822,2013_CHUGAI,2013,DP-857,822,CC[C@H](C)[C@H]1C(=O)N[C@@H]([C@@H](C)O)C(=O)N(C)CC(=O)N(C)[C@@H](CC(C)C)C(=O)N[C@H](C(=O)N2CCCCC2)Cc2cccc(c2)CCCCC(=O)N[C@@H](CC(C)C)C(=O)N(C)[C@@H](CC(C)C)C(=O)N(C)[C@@H](Cc2ccccc2)C(=O)N[C@@H](C)C(=O)N(C)[C@@H](Cc2ccccc2)C(=O)N1C,11,Lariat,-5.43,,,,5.5711,0.28500000000000014,1,1.0
823,2013_CHUGAI,2013,DP-858,823,CC(C)C[C@H]1C(=O)N(C)[C@@H](CC(C)C)C(=O)N[C@@H](C)C(=O)N(C)[C@@H](CC(C)C)C(=O)N(C)[C@@H](Cc2ccccc2)C(=O)N(C)[C@@H](Cc2ccccc2)C(=O)N[C@@H]([C@@H](C)O)C(=O)N(C)[C@@H](C)C(=O)N(C)[C@@H](CC(C)C)C(=O)N[C@H](C(=O)N2CCCCC2)Cc2ccc(cc2)CCCCCC(=O)N1C,11,Lariat,-6.0,,,,6.6919,0.0,0,0.5
824,2013_CHUGAI,2013,DP-859,824,CC(C)C[C@H]1C(=O)N(C)[C@@H](CC(C)C)C(=O)N[C@@H](C)C(=O)N(C)[C@@H](CC(C)C)C(=O)N(C)[C@@H](Cc2ccccc2)C(=O)N(C)[C@@H](Cc2ccccc2)C(=O)N[C@@H]([C@@H](C)O)C(=O)N(C)[C@@H](C)C(=O)N(C)[C@@H](CC(C)C)C(=O)N[C@H](C(=O)N2CCCCC2)Cc2cccc(c2)CCCCC(=O)N1C,11,Lariat,-5.43,,,,6.3018,0.28500000000000014,1,1.0
825,2013_CHUGAI,2013,DP-860,825,CC[C@H](C)[C@H]1C(=O)N(C)[C@@H](C)C(=O)N(C)[C@@H](Cc2ccccc2)C(=O)N[C@@H]([C@@H](C)O)C(=O)N(C)[C@@H](Cc2ccccc2)C(=O)N(C)[C@@H](CC(C)C)C(=O)N2CCC[C@H]2C(=O)N[C@H](C(=O)N2CCCCC2)Cc2cccc(c2)CCCCC(=O)NCC(=O)N(C)[C@@H](CC(C)C)C(=O)N1C,11,Lariat,-4.26,,,,5.0312,0.8700000000000001,1,1.0
826,2013_CHUGAI,2013,DP-861,826,CC[C@H](C)[C@@H]1NC(=O)[C@H](Cc2ccccc2)N(C)C(=O)CCCCCc2ccc(cc2)C[C@@H](C(=O)N2CCCCC2)NC(=O)[C@H](C(C)C)N(C)C(=O)[C@H](Cc2ccccc2)N(C)C(=O)[C@H](COC(C)(C)C)NC(=O)[C@H](CC(C)C)N(C)C(=O)CN(C)C(=O)[C@H]([C@@H](C)O)NC(=O)[C@H](CC(C)C)N(C)C1=O,11,Lariat,-5.54,,,,6.3663,0.22999999999999998,1,0.615
827,2013_CHUGAI,2013,DP-862,827,CC[C@H](C)[C@@H]1NC(=O)[C@H](CC(C)C)N(C)C(=O)CCCCc2cccc(c2)C[C@@H](C(=O)N2CCCCC2)NC(=O)[C@H](CC(C)C)N(C)C(=O)[C@H](C)N(C)C(=O)[C@H]([C@@H](C)O)NC(=O)[C@H](CC(C)C)N(C)C(=O)[C@H](COC(C)(C)C)NC(=O)[C@H](Cc2ccccc2)N(C)C(=O)[C@H](Cc2ccccc2)N(C)C1=O,11,Lariat,-7.0,,,,6.7548,-0.5,0,0.0
829,2013_CHUGAI,2013,DP-864,829,C=C1CCC(=O)N[C@@H](CC(C)C)C(=O)N(C)[C@@H](CC(C)C)C(=O)N(C)[C@@H]([C@@H](C)CC)C(=O)N[C@@H](C)C(=O)N(C)[C@@H](Cc2ccccc2)C(=O)N[C@@H]([C@@H](C)O)C(=O)N(C)CC(=O)N(C)[C@@H](Cc2ccccc2)C(=O)N(C)[C@@H](CC(C)C)C(=O)N[C@H](C(=O)N2CCCCC2)Cc2ccc1cc2,11,Lariat,-5.64,,,,5.6517,0.18000000000000016,1,0.5900000000000001
830,2013_CHUGAI,2013,DP-865,830,CC[C@H](C)[C@H]1C(=O)N[C@@H](C)C(=O)N(C)[C@@H](Cc2ccccc2)C(=O)N[C@@H]([C@@H](C)O)C(=O)N(C)[C@@H](CC(C)C)C(=O)N[C@@H](Cc2ccccc2)C(=O)N(C)[C@@H](C(C)C)C(=O)N[C@H](C(=O)N2CCCCC2)Cc2ccc(cc2)CCCCCC(=O)NCC(=O)N(C)[C@@H](CC(C)C)C(=O)N1C,11,Lariat,-4.82,,,,5.2289,0.5899999999999999,1,1.0
831,2013_CHUGAI,2013,DP-866,831,C=C1CCC(=O)N[C@@H](CC(C)C)C(=O)N2CCC[C@H]2C(=O)N[C@@H]([C@@H](C)O)C(=O)N(C)CC(=O)N[C@@H](Cc2ccccc2)C(=O)N(C)[C@@H](C(C)C)C(=O)N(C)[C@@H](C)C(=O)N[C@@H](CC(C)C)C(=O)N(C)[C@@H](CC(C)C)C(=O)N[C@H](C(=O)N2CCCCC2)Cc2cccc1c2,11,Lariat,-4.29,,,,3.8407,0.855,1,1.0
832,2013_CHUGAI,2013,DP-867,832,CCCN1CC(=O)N(C)[C@@H](Cc2ccccc2)C(=O)N[C@@H](C)C(=O)N(C)[C@@H](Cc2ccccc2)C(=O)N(C)[C@@H](CC(C)C)C(=O)N(C)[C@@H]([C@@H](C)CC)C(=O)N(C)[C@@H](CC(C)C)C(=O)N[C@H](C(=O)N2CCCCC2)Cc2cccc(c2)CCCCC(=O)N[C@@H](CC(C)C)C(=O)N[C@@H]([C@@H](C)O)C1=O,11,Lariat,-6.85,,,,6.3513,-0.4249999999999998,0,0.0
833,2013_CHUGAI,2013,DP-868,833,CC[C@H](C)[C@@H]1NC(=O)CCCCCc2ccc(cc2)C[C@@H](C(=O)N2CCCCC2)NC(=O)[C@H](Cc2ccccc2)N(C)C(=O)[C@H](CC(C)C)N(C)C(=O)[C@H](C)N(C)C(=O)[C@H](Cc2ccccc2)N(C)C(=O)[C@H]([C@@H](C)O)NC(=O)[C@H](CC(C)C)N(C)C(=O)[C@H](C)N(C)C(=O)[C@H](CC(C)C)N(C)C1=O,11,Lariat,-6.62,,,,6.6919,-0.31000000000000005,0,0.0
853,2013_CHUGAI,2013,DP-888,853,C=C1CCC(=O)N[C@@H](CC(C)C)C(=O)N[C@@H](C(C)C)C(=O)N(C)[C@@H](CC(C)C)C(=O)N[C@@H](Cc2ccccc2)C(=O)N(C)[C@@H](Cc2ccccc2)C(=O)N[C@@H]([C@@H](C)CC)C(=O)N(C)[C@@H](C)C(=O)N[C@@H](CC(C)C)C(=O)N[C@@H]([C@@H](C)O)C(=O)N[C@H](C(=O)N2CCCCC2)Cc2ccc1cc2,11,Lariat,-6.09,,,,5.6497,-0.04499999999999993,0,0.47750000000000004
855,2013_CHUGAI,2013,DP-890,855,C=C1CCC(=O)N[C@@H](CC(C)C)C(=O)N[C@@H](C(C)C)C(=O)N(C)[C@@H](CC(C)C)C(=O)N[C@@H](Cc2ccccc2)C(=O)N(C)[C@@H](Cc2ccccc2)C(=O)N[C@@H]([C@@H](C)CC)C(=O)N(C)[C@@H](C)C(=O)N[C@@H](CC(C)C)C(=O)N[C@@H]([C@@H](C)O)C(=O)N[C@H](C(=O)N2CCCCC2)Cc2cccc1c2,11,Lariat,-6.82,,,,5.6497,-0.41000000000000014,0,0.0
857,2013_CHUGAI,2013,DP-892,857,CC[C@H](C)[C@@H]1NC(=O)[C@H](Cc2ccccc2)N(C)C(=O)[C@H](Cc2ccccc2)NC(=O)[C@H](CC(C)C)N(C)C(=O)[C@H](C(C)C)NC(=O)[C@H](CC(C)C)NC(=O)CCCCCc2ccc(cc2)C[C@@H](C(=O)N2CCCCC2)NC(=O)[C@H]([C@@H](C)O)NC(=O)[C@H](CC(C)C)NC(=O)[C@H](C)N(C)C1=O,11,Lariat,-6.49,,,,5.9592,-0.2450000000000001,0,0.37749999999999995
859,2013_CHUGAI,2013,DP-894,859,CC[C@H](C)[C@@H]1NC(=O)[C@H](Cc2ccccc2)N(C)C(=O)[C@H](Cc2ccccc2)NC(=O)[C@H](CC(C)C)N(C)C(=O)[C@H](C(C)C)NC(=O)[C@H](CC(C)C)NC(=O)CCCCc2cccc(c2)C[C@@H](C(=O)N2CCCCC2)NC(=O)[C@H]([C@@H](C)O)NC(=O)[C@H](CC(C)C)NC(=O)[C@H](C)N(C)C1=O,11,Lariat,-6.34,,,,5.5691,-0.16999999999999993,0,0.41500000000000004
862,2013_CHUGAI,2013,DP-897,862,CC[C@H](C)[C@H]1C(=O)N[C@@H](Cc2ccccc2)C(=O)N(C)[C@@H](Cc2ccccc2)C(=O)N[C@@H]([C@@H](C)O)C(=O)N2CCC[C@H]2C(=O)N[C@@H](CC(C)C)C(=O)N[C@H](C(=O)N2CCCCC2)Cc2cccc(c2)CCCCC(=O)N[C@@H](CC(C)C)C(=O)N(C)[C@@H](CC(C)C)C(=O)N[C@@H](C)C(=O)N1C,11,Lariat,-5.62,,,,5.4193,0.18999999999999995,1,0.595
866,2013_CHUGAI,2013,DP-901,866,CC[C@H](C)[C@@H]1NC(=O)[C@H](Cc2ccccc2)NC(=O)[C@@H]2CCCN2C(=O)[C@H](CC(C)C)N(C)C(=O)[C@H](Cc2ccccc2)NC(=O)[C@H](CC(C)C)NC(=O)[C@H]([C@@H](C)O)NC(=O)CCCCc2cccc(c2)C[C@@H](C(=O)N2CCCCC2)NC(=O)[C@H](CC(C)C)NC(=O)CN(C)C1=O,11,Lariat,-4.64,,,,4.6886,0.6800000000000002,1,1.0
874,2013_CHUGAI,2013,DP-909,874,CC(C)C[C@H]1C(=O)N(C)[C@@H](Cc2ccccc2)C(=O)N[C@H](CC(C)C)C(=O)N(C)[C@@H](CC(C)C)C(=O)N(C)[C@@H](CC(C)C)C(=O)N[C@H](C(=O)N2CCCCC2)CC(=O)N[C@@H](Cc2nnn[nH]2)C(=O)N(C)[C@@H](Cc2ccccc2)C(=O)N(C)[C@@H](CC(C)C)C(=O)N[C@@H](C)C(=O)N1C,11,Lariat,-4.92,,,,3.7954,0.54,1,1.0
925,2013_CHUGAI,2013,DP-965,925,CC[C@H](C)[C@H](NC(=O)[C@@H]1CCCN1C(=O)[C@@H]1CC(=O)N[C@@H](C)C(=O)N[C@@H](CC(C)C)C(=O)N(C)[C@@H]([C@@H](C)CC)C(=O)N[C@@H](C(C)C)C(=O)N(C)[C@@H](Cc2ccccc2)C(=O)N[C@@H](CC(C)C)C(=O)N(C)[C@@H](Cc2ccccc2)C(=O)N1)C(=O)N1CCCCC1,11,Lariat,-4.8,,,,4.1291,0.6000000000000001,1,1.0
932,2015_Ahlbach,2015,Cyclosporine A,1,C/C=C/C[C@@H](C)[C@@H](O)[C@H]1C(=O)N[C@@H](CC)C(=O)N(C)CC(=O)N(C)[C@@H](CC(C)C)C(=O)N[C@@H](C(C)C)C(=O)N(C)[C@@H](CC(C)C)C(=O)N[C@@H](C)C(=O)N[C@H](C)C(=O)N(C)[C@@H](CC(C)C)C(=O)N(C)[C@@H](CC(C)C)C(=O)N(C)[C@@H](C(C)C)C(=O)N1C,11,Circle,-5.01,,,,3.269,0.4950000000000001,1,1.0
933,2015_Ahlbach,2015,CSB,933,C/C=C/C[C@@H](C)[C@@H](O)[C@H]1C(=O)N[C@@H](C)C(=O)N(C)CC(=O)N(C)[C@@H](CC(C)C)C(=O)N[C@@H](C(C)C)C(=O)N(C)[C@@H](CC(C)C)C(=O)N[C@@H](C)C(=O)N[C@H](C)C(=O)N(C)[C@@H](CC(C)C)C(=O)N(C)[C@@H](CC(C)C)C(=O)N(C)[C@@H](C(C)C)C(=O)N1C,11,Circle,-5.1,,,,2.8789,0.4500000000000002,1,1.0
934,2015_Ahlbach,2015,CSC,934,C/C=C/C[C@@H](C)[C@@H](O)[C@H]1C(=O)N[C@@H]([C@@H](C)O)C(=O)N(C)CC(=O)N(C)[C@@H](CC(C)C)C(=O)N[C@@H](C(C)C)C(=O)N(C)[C@@H](CC(C)C)C(=O)N[C@@H](C)C(=O)N[C@H](C)C(=O)N(C)[C@@H](CC(C)C)C(=O)N(C)[C@@H](CC(C)C)C(=O)N(C)[C@@H](C(C)C)C(=O)N1C,11,Circle,-5.56,,,,2.2398,0.2200000000000002,1,0.6100000000000001
935,2015_Ahlbach,2015,CSD,935,C/C=C/C[C@@H](C)[C@@H](O)[C@H]1C(=O)N[C@@H](C(C)C)C(=O)N(C)CC(=O)N(C)[C@@H](CC(C)C)C(=O)N[C@@H](C(C)C)C(=O)N(C)[C@@H](CC(C)C)C(=O)N[C@@H](C)C(=O)N[C@H](C)C(=O)N(C)[C@@H](CC(C)C)C(=O)N(C)[C@@H](CC(C)C)C(=O)N(C)[C@@H](C(C)C)C(=O)N1C,11,Circle,-5.36,,,,3.515,0.31999999999999984,1,1.0
936,2015_Ahlbach,2015,CSE,936,C/C=C/C[C@@H](C)[C@@H](O)[C@H]1C(=O)N[C@@H](CC)C(=O)N(C)CC(=O)N(C)[C@@H](CC(C)C)C(=O)N[C@@H](C(C)C)C(=O)N(C)[C@@H](CC(C)C)C(=O)N[C@@H](C)C(=O)N[C@H](C)C(=O)N(C)[C@@H](CC(C)C)C(=O)N(C)[C@@H](CC(C)C)C(=O)N[C@@H](C(C)C)C(=O)N1C,11,Circle,-6.39,,,,2.9268,-0.19499999999999984,0,0.4025000000000001
937,2015_Ahlbach,2015,CSH,937,C/C=C/C[C@@H](C)[C@@H](O)[C@H]1C(=O)N[C@@H](CC)C(=O)N(C)CC(=O)N(C)[C@@H](CC(C)C)C(=O)N[C@@H](C(C)C)C(=O)N(C)[C@@H](CC(C)C)C(=O)N[C@@H](C)C(=O)N[C@H](C)C(=O)N(C)[C@@H](CC(C)C)C(=O)N(C)[C@@H](CC(C)C)C(=O)N(C)[C@H](C(C)C)C(=O)N1C,11,Circle,-5.36,,,,3.269,0.31999999999999984,1,1.0
938,2015_Ahlbach,2015,Iso CSA,938,C/C=C/C[C@@H](C)[C@H]1OC(=O)[C@H](C(C)C)N(C)C(=O)[C@H](CC(C)C)N(C)C(=O)[C@H](CC(C)C)N(C)C(=O)[C@@H](C)NC(=O)[C@H](C)NC(=O)[C@H](CC(C)C)N(C)C(=O)[C@H](C(C)C)NC(=O)[C@H](CC(C)C)N(C)C(=O)CN(C)C(=O)[C@H](CC)NC(=O)[C@H]1NC,11,Circle,-5.22,,,,3.5809,0.3900000000000001,1,1.0
939,2015_Ahlbach,2015,CSA Acetate,939,C/C=C/C[C@@H](C)[C@@H](OC(C)=O)[C@H]1C(=O)N[C@@H](CC)C(=O)N(C)CC(=O)N(C)[C@@H](CC(C)C)C(=O)N[C@@H](C(C)C)C(=O)N(C)[C@@H](CC(C)C)C(=O)N[C@@H](C)C(=O)N[C@H](C)C(=O)N(C)[C@@H](CC(C)C)C(=O)N(C)[C@@H](CC(C)C)C(=O)N(C)[C@@H](C(C)C)C(=O)N1C,11,Circle,-5.48,,,,3.8398,0.2599999999999998,1,1.0
1822,2016_Hickey,2016,Cyclosporine A (7),1,C/C=C/C[C@@H](C)[C@@H](O)[C@H]1C(=O)N[C@@H](CC)C(=O)N(C)CC(=O)N(C)[C@@H](CC(C)C)C(=O)N[C@@H](C(C)C)C(=O)N(C)[C@@H](CC(C)C)C(=O)N[C@@H](C)C(=O)N[C@H](C)C(=O)N(C)[C@@H](CC(C)C)C(=O)N(C)[C@@H](CC(C)C)C(=O)N(C)[C@@H](C(C)C)C(=O)N1C,11,Circle,-6.2,,,,3.269,-0.10000000000000009,0,0.44999999999999996
2352,2018_Naylor,2018,CSC(58),934,C/C=C/C[C@@H](C)[C@@H](O)[C@H]1C(=O)N[C@@H]([C@@H](C)O)C(=O)N(C)CC(=O)N(C)[C@@H](CC(C)C)C(=O)N[C@@H](C(C)C)C(=O)N(C)[C@@H](CC(C)C)C(=O)N[C@@H](C)C(=O)N[C@H](C)C(=O)N(C)[C@@H](CC(C)C)C(=O)N(C)[C@@H](CC(C)C)C(=O)N(C)[C@@H](C(C)C)C(=O)N1C,11,Circle,-5.81,,,-6.34,2.2398,0.0950000000000002,1,0.5475000000000001
2353,2018_Naylor,2018,CSB(59),933,C/C=C/C[C@@H](C)[C@@H](O)[C@H]1C(=O)N[C@@H](C)C(=O)N(C)CC(=O)N(C)[C@@H](CC(C)C)C(=O)N[C@@H](C(C)C)C(=O)N(C)[C@@H](CC(C)C)C(=O)N[C@@H](C)C(=O)N[C@H](C)C(=O)N(C)[C@@H](CC(C)C)C(=O)N(C)[C@@H](CC(C)C)C(=O)N(C)[C@@H](C(C)C)C(=O)N1C,11,Circle,-6.18,,,-5.87,2.8789,-0.08999999999999986,0,0.45500000000000007
2354,2018_Naylor,2018,CSA-1Leu11Abu(60),2354,CC[C@@H]1NC(=O)[C@H](CC(C)C)N(C)C(=O)[C@H](CC)N(C)C(=O)[C@H](CC(C)C)N(C)C(=O)[C@H](CC(C)C)N(C)C(=O)[C@@H](C)NC(=O)[C@H](C)NC(=O)[C@H](CC(C)C)N(C)C(=O)[C@H](C(C)C)NC(=O)[C@H](CC(C)C)N(C)C(=O)CN(C)C1=O,11,Circle,-5.83,,,-5.57,3.1059,0.08499999999999996,1,0.5425
2355,2018_Naylor,2018,CSA-1Leu(61),2355,CC[C@@H]1NC(=O)[C@H](CC(C)C)N(C)C(=O)[C@H](C(C)C)N(C)C(=O)[C@H](CC(C)C)N(C)C(=O)[C@H](CC(C)C)N(C)C(=O)[C@@H](C)NC(=O)[C@H](C)NC(=O)[C@H](CC(C)C)N(C)C(=O)[C@H](C(C)C)NC(=O)[C@H](CC(C)C)N(C)C(=O)CN(C)C1=O,11,Circle,-6.11,,,-5.75,3.3519,-0.05500000000000016,0,0.4724999999999999
2356,2018_Naylor,2018,CSA(62),1,C/C=C/C[C@@H](C)[C@@H](O)[C@H]1C(=O)N[C@@H](CC)C(=O)N(C)CC(=O)N(C)[C@@H](CC(C)C)C(=O)N[C@@H](C(C)C)C(=O)N(C)[C@@H](CC(C)C)C(=O)N[C@@H](C)C(=O)N[C@H](C)C(=O)N(C)[C@@H](CC(C)C)C(=O)N(C)[C@@H](CC(C)C)C(=O)N(C)[C@@H](C(C)C)C(=O)N1C,11,Circle,-6.15,,,-5.87,3.269,-0.07500000000000018,0,0.4624999999999999
2357,2018_Naylor,2018,CSH(63),937,C/C=C/C[C@@H](C)[C@@H](O)[C@H]1C(=O)N[C@@H](CC)C(=O)N(C)CC(=O)N(C)[C@@H](CC(C)C)C(=O)N[C@@H](C(C)C)C(=O)N(C)[C@@H](CC(C)C)C(=O)N[C@@H](C)C(=O)N[C@H](C)C(=O)N(C)[C@@H](CC(C)C)C(=O)N(C)[C@@H](CC(C)C)C(=O)N(C)[C@H](C(C)C)C(=O)N1C,11,Circle,-5.68,,,-5.95,3.269,0.16000000000000014,1,0.5800000000000001
2358,2018_Naylor,2018,CSD(64),935,C/C=C/C[C@@H](C)[C@@H](O)[C@H]1C(=O)N[C@@H](C(C)C)C(=O)N(C)CC(=O)N(C)[C@@H](CC(C)C)C(=O)N[C@@H](C(C)C)C(=O)N(C)[C@@H](CC(C)C)C(=O)N[C@@H](C)C(=O)N[C@H](C)C(=O)N(C)[C@@H](CC(C)C)C(=O)N(C)[C@@H](CC(C)C)C(=O)N(C)[C@@H](C(C)C)C(=O)N1C,11,Circle,-6.78,,,-6.13,3.515,-0.3900000000000001,0,0.0
2359,2018_Naylor,2018,Valspodar(66),2359,C/C=C/C[C@@H](C)C(=O)[C@H]1C(=O)N[C@@H](C(C)C)C(=O)N(C)CC(=O)N(C)[C@@H](CC(C)C)C(=O)N[C@@H](C(C)C)C(=O)N(C)[C@@H](CC(C)C)C(=O)N[C@@H](C)C(=O)N[C@H](C)C(=O)N(C)[C@@H](CC(C)C)C(=O)N(C)[C@@H](CC(C)C)C(=O)N(C)[C@@H](C(C)C)C(=O)N1C,11,Circle,-6.81,,,-6.66,3.7232,-0.4049999999999998,0,0.0
2360,2018_Naylor,2018,CSA-iso(67),938,C/C=C/C[C@@H](C)[C@H]1OC(=O)[C@H](C(C)C)N(C)C(=O)[C@H](CC(C)C)N(C)C(=O)[C@H](CC(C)C)N(C)C(=O)[C@@H](C)NC(=O)[C@H](C)NC(=O)[C@H](CC(C)C)N(C)C(=O)[C@H](C(C)C)NC(=O)[C@H](CC(C)C)N(C)C(=O)CN(C)C(=O)[C@H](CC)NC(=O)[C@H]1NC,11,Circle,-7.4,,,-6.78,3.5809,-0.7000000000000002,0,0.0
7188,2021_Lee,2021,CsA,1,C/C=C/C[C@@H](C)[C@@H](O)[C@H]1C(=O)N[C@@H](CC)C(=O)N(C)CC(=O)N(C)[C@@H](CC(C)C)C(=O)N[C@@H](C(C)C)C(=O)N(C)[C@@H](CC(C)C)C(=O)N[C@@H](C)C(=O)N[C@H](C)C(=O)N(C)[C@@H](CC(C)C)C(=O)N(C)[C@@H](CC(C)C)C(=O)N(C)[C@@H](C(C)C)C(=O)N1C,11,Circle,-5.71,-5.58,,,3.269,0.14500000000000002,1,0.5725
7189,2021_Lee,2021,CsO,7189,CCC[C@@H]1NC(=O)[C@H](CC(C)C)N(C)C(=O)[C@H](C(C)C)N(C)C(=O)[C@H](CC(C)C)N(C)C(=O)[C@H](CC(C)C)N(C)C(=O)[C@@H](C)NC(=O)[C@H](C)NC(=O)[C@H](CC(C)C)N(C)C(=O)[C@H](C(C)C)NC(=O)[C@H](CC(C)C)N(C)C(=O)CN(C)C1=O,11,Circle,-6.54,-6.04,,,3.742,-0.27,0,0.0
7190,2021_Lee,2021,CP1,7190,CCC[C@@H]1NC(=O)[C@H](CC(C)C)N(C)C(=O)[C@H](CC(C)C)N(C)C(=O)[C@H](CC(C)C)N(C)C(=O)[C@H](CC(C)C)N(C)C(=O)[C@@H](C)NC(=O)[C@H](C)NC(=O)[C@H](CC(C)C)N(C)C(=O)[C@H](C(C)C)NC(=O)[C@H](CC(C)C)N(C)C(=O)CN(C)C1=O,11,Circle,-7.22,-6.68,,,4.1321,-0.6099999999999999,0,0.0
7191,2021_Lee,2021,CP2,7191,CCC[C@@H]1NC(=O)[C@H](CC(C)C)N(C)C(=O)[C@H](C(C)C)N(C)C(=O)[C@H](CC(C)C)N(C)C(=O)[C@H](CC(C)C)N(C)C(=O)[C@@H](C)NC(=O)[C@H](CCC(N)=O)NC(=O)[C@H](CC(C)C)N(C)C(=O)[C@H](C(C)C)NC(=O)[C@H](CC(C)C)N(C)C(=O)CN(C)C1=O,11,Circle,-8.4,-6.29,,,2.9876,-1.0,0,0.0
7192,2021_Lee,2021,CP3,7192,CCC[C@@H]1NC(=O)[C@H](CC(C)C)N(C)C(=O)[C@H](CC(C)C)N(C)C(=O)[C@H](CC(C)C)N(C)C(=O)[C@H](CC(C)C)N(C)C(=O)[C@@H](C)NC(=O)[C@H](CCC(N)=O)NC(=O)[C@H](CC(C)C)N(C)C(=O)[C@H](C(C)C)NC(=O)[C@H](CC(C)C)N(C)C(=O)CN(C)C1=O,11,Circle,-8.4,-5.99,,,3.3777,-1.0,0,0.0
7334,2022_Bhardwaj,2022,D11.1,7334,CC[C@@H](C)[C@H]1NC(=O)[C@@H](C)N(C)C(=O)[C@H](CC(C)C)NC(=O)[C@@H](Cc2ccccc2)NC(=O)[C@H](CC(C)C)N(C)C(=O)[C@H]2CCCN2C(=O)[C@@H](CC(C)C)NC(=O)[C@H](CC(C)C)NC(=O)[C@H]2CCCN2C(=O)[C@@H]([C@H](C)CC)NC(=O)[C@@H]2CCCN2C1=O,11,Circle,-5.46,-5.56,,,4.075,0.27,1,1.0
7335,2022_Bhardwaj,2022,D11.2,7335,CC[C@@H](C)[C@H]1NC(=O)CN(C)C(=O)[C@H](CC(C)C)NC(=O)[C@@H](Cc2ccccc2)NC(=O)[C@H](CC(C)C)N(C)C(=O)[C@H]2CCCN2C(=O)[C@@H](CC(C)C)NC(=O)[C@H](CC(C)C)NC(=O)[C@H]2CCCN2C(=O)[C@@H]([C@H](C)CC)NC(=O)[C@@H]2CCCN2C1=O,11,Circle,-5.67,-5.55,,,3.6865,0.16500000000000004,1,0.5825
7336,2022_Bhardwaj,2022,D11.3,7336,CC[C@H](C)[C@@H]1NC(=O)[C@H](CC(C)C)N(C)C(=O)[C@H]2CCCN2C(=O)[C@@H]([C@H](C)CC)NC(=O)[C@@H]([C@H](C)CC)N(C)C(=O)[C@H](CC(C)C)NC(=O)[C@H]2CCCN2C(=O)[C@@H]2CCCN2C(=O)[C@H](C(C)C)NC(=O)[C@H]2CCCN2C(=O)[C@@H]([C@H](C)CC)NC1=O,11,Circle,-5.83,-5.04,,,3.9746,0.08499999999999996,1,0.5425
7337,2022_Bhardwaj,2022,D11.4,7337,CC[C@H](C)[C@@H]1NC(=O)[C@H](Cc2ccccc2)N(C)C(=O)[C@H]2CCCN2C(=O)[C@@H]([C@H](C)CC)NC(=O)[C@@H]([C@H](C)CC)N(C)C(=O)[C@H](CC(C)C)NC(=O)[C@H]2CCCN2C(=O)[C@@H]2CCCN2C(=O)[C@H](C(C)C)NC(=O)[C@H]2CCCN2C(=O)[C@@H]([C@H](C)CC)NC1=O,11,Circle,-5.83,-5.3,,,4.1712,0.08499999999999996,1,0.5425
7338,2022_Bhardwaj,2022,D11.5,7338,CC[C@@H](C)[C@H]1NC(=O)[C@@H](CC(C)C)NC(=O)[C@H](C(C)C)NC(=O)[C@@H](CC(C)C)N(C)C(=O)[C@@H]2CCCN2C(=O)[C@H](C)NC(=O)[C@H](CC(C)C)N(C)C(=O)[C@H]2CCCN2C(=O)[C@H](C)N(C)C(=O)[C@@H](CC(C)C)N(C)C(=O)[C@@H]2CCCN2C1=O,11,Circle,-5.55,-5.42,,,3.1465,0.2250000000000001,1,0.6125
7339,2022_Bhardwaj,2022,D11.6,7339,CC[C@@H](C)[C@H]1NC(=O)[C@H](C)NC(=O)[C@@H](CC(C)C)N(C)C(=O)[C@H](CC(C)C)N(C)C(=O)[C@H](C(C)C)NC(=O)[C@@H]2CCCN2C(=O)[C@@H](CC(C)C)N(C)C(=O)[C@@H](C)N(C)C(=O)[C@@H](Cc2ccccc2)NC(=O)[C@@H]2CCCN2C(=O)[C@H]2CCCN2C1=O,11,Circle,-6.02,,,,3.3431,-0.009999999999999787,0,0.4950000000000001
7340,2022_Bhardwaj,2022,D11.9,7340,CC(C)C[C@H]1C(=O)N2CCC[C@@H]2C(=O)N[C@H](CC(C)C)C(=O)N[C@H](C)C(=O)N2CCC[C@@H]2C(=O)N2CCC[C@H]2C(=O)N[C@@H](C)C(=O)N[C@H](Cc2ccccc2)C(=O)N[C@H](CC(C)C)C(=O)N[C@@H](C(C)C)C(=O)N(C)[C@H](CC(C)C)C(=O)N1C,11,Circle,-6.19,-5.39,,,2.6587,-0.0950000000000002,0,0.4524999999999999
7341,2022_Bhardwaj,2022,D11.10,7341,CC[C@H](C)[C@@H]1NC(=O)[C@@H](CC(C)C)NC(=O)[C@@H]2CCCN2C(=O)[C@H]2CCCN2C(=O)[C@@H]([C@H](C)CC)NC(=O)[C@H](C)N(C)C(=O)[C@H]([C@@H](C)CC)NC(=O)[C@H]2CCCN2C(=O)[C@H](CC(C)C)N(C)C(=O)[C@@H](C(C)C)NC(=O)[C@H](C)N(C)C1=O,11,Circle,-5.61,-5.34,,,2.8043,0.19499999999999984,1,0.5974999999999999
7342,2022_Bhardwaj,2022,D11.11,7342,CC[C@H](C)[C@@H]1NC(=O)[C@@H](CC(C)C)N(C)C(=O)[C@H](CC(C)C)N(C)C(=O)[C@@H](Cc2ccccc2)NC(=O)[C@@H](CC(C)C)N(C)C(=O)[C@H]2CCCN2C(=O)[C@H]2CCCN2C(=O)[C@@H]2CCCN2C(=O)[C@@H](C(C)C)NC(=O)[C@@H]2CCCN2C(=O)[C@H](C)NC1=O,11,Circle,-5.65,-5.31,,,3.4872,0.17499999999999982,1,0.5874999999999999
7343,2022_Bhardwaj,2022,D11.13,7343,CC[C@H](C)[C@@H]1NC(=O)[C@@H]2CCCN2C(=O)[C@H]2CCCN2C(=O)[C@@H](CC(C)C)NC(=O)[C@@H](CC(C)C)N(C)C(=O)[C@@H](C(C)C)NC(=O)[C@H](C(C)C)NC(=O)[C@H]2CCCN2C(=O)[C@@H]2CCCN2C(=O)[C@H]([C@@H](C)CC)NC(=O)[C@H](C)N(C)C1=O,11,Circle,-5.97,-5.35,,,2.5583,0.015000000000000124,1,0.5075000000000001
7344,2022_Bhardwaj,2022,D11.15,7344,CC(C)C[C@@H]1NC(=O)[C@H](CC(C)C)N(C)C(=O)[C@H]2CCCN2C(=O)[C@H]2CCCN2C(=O)[C@H](CC(C)C)NC(=O)[C@@H](CC(C)C)N(C)C(=O)[C@@H](C)NC(=O)[C@@H](CC(C)C)N(C)C(=O)[C@H]2CCCN2C(=O)[C@@H](CC(C)C)NC(=O)[C@@H](C)N(C)C1=O,11,Circle,-5.89,,,,3.5366,0.05500000000000016,1,0.5275000000000001
7345,2022_Bhardwaj,2022,D11.16,7345,CC(C)C[C@@H]1NC(=O)[C@@H](C)NC(=O)[C@H]2CCCN2C(=O)[C@@H]2CCCN2C(=O)[C@@H](C(C)C)NC(=O)[C@@H](CC(C)C)N(C)C(=O)[C@H]2CCCN2C(=O)[C@H]2CCCN2C(=O)[C@@H](C)N(C)C(=O)[C@H](CC(C)C)N(C)C(=O)[C@@H](Cc2ccccc2)NC1=O,11,Circle,-6.37,,,,2.461,-0.18500000000000005,0,0.4075
7346,2022_Bhardwaj,2022,D11.20,7346,CC[C@H](C)[C@@H]1NC(=O)[C@H](C(C)C)NC(=O)[C@@H](CC(C)C)N(C)C(=O)[C@H](Cc2ccccc2)NC(=O)[C@@H](CC(C)C)N(C)C(=O)[C@@H](C)N(C)C(=O)[C@H]2CCCN2C(=O)[C@@H]2CCCN2C(=O)[C@H](CC(C)C)NC(=O)[C@@H](C)N(C)C(=O)[C@@H]2CCCN2C1=O,11,Circle,-5.89,,,,3.3431,0.05500000000000016,1,0.5275000000000001
7347,2022_Bhardwaj,2022,D11.21,7347,CC[C@H](C)[C@@H]1NC(=O)[C@@H]2CCCN2C(=O)[C@H]2CCCN2C(=O)[C@@H](Cc2ccccc2)NC(=O)[C@@H](CC(C)C)N(C)C(=O)[C@H](C(C)C)NC(=O)[C@@H](CC(C)C)NC(=O)[C@@H]2CCCN2C(=O)[C@H]2CCCN2C(=O)[C@@H](C)N(C)C(=O)[C@H](C(C)C)N(C)C1=O,11,Circle,-6.62,,,,3.0971,-0.31000000000000005,0,0.0
7348,2022_Bhardwaj,2022,D11.23,7348,CC[C@H](C)[C@@H]1NC(=O)[C@@H]([C@H](C)CC)NC(=O)[C@@H](CC(C)C)N(C)C(=O)[C@@H]2CCCN2C(=O)[C@H]([C@@H](C)CC)NC(=O)[C@H]([C@@H](C)CC)N(C)C(=O)[C@@H](CC(C)C)NC(=O)[C@@H](C(C)C)N(C)C(=O)[C@H]2CCCN2C(=O)[C@@H](C(C)C)NC(=O)[C@@H]2CCCN2C1=O,11,Circle,-5.74,,,,4.4666,0.1299999999999999,1,0.565
7349,2022_Bhardwaj,2022,D11.25,7349,CC(C)C[C@H]1NC(=O)[C@@H](C)NC(=O)[C@@H](C)NC(=O)[C@H]2CCCN2C(=O)[C@@H]2CCCN2C(=O)[C@H]2CCCN2C(=O)[C@@H](C)NC(=O)[C@@H](Cc2ccccc2)N(C)C(=O)[C@H]2CCCN2C(=O)[C@@H](CC(C)C)NC(=O)[C@@H](CC(C)C)NC1=O,11,Circle,-6.39,,,,1.1405,-0.19499999999999984,0,0.4025000000000001
7353,2022_Lee,2022,CsA,1,C/C=C/C[C@@H](C)[C@@H](O)[C@H]1C(=O)N[C@@H](CC)C(=O)N(C)CC(=O)N(C)[C@@H](CC(C)C)C(=O)N[C@@H](C(C)C)C(=O)N(C)[C@@H](CC(C)C)C(=O)N[C@@H](C)C(=O)N[C@H](C)C(=O)N(C)[C@@H](CC(C)C)C(=O)N(C)[C@@H](CC(C)C)C(=O)N(C)[C@@H](C(C)C)C(=O)N1C,11,Circle,-5.72,,,,3.269,0.14000000000000012,1,0.5700000000000001
7354,2022_Lee,2022,CsO,7189,CCC[C@@H]1NC(=O)[C@H](CC(C)C)N(C)C(=O)[C@H](C(C)C)N(C)C(=O)[C@H](CC(C)C)N(C)C(=O)[C@H](CC(C)C)N(C)C(=O)[C@@H](C)NC(=O)[C@H](C)NC(=O)[C@H](CC(C)C)N(C)C(=O)[C@H](C(C)C)NC(=O)[C@H](CC(C)C)N(C)C(=O)CN(C)C1=O,11,Circle,-6.74,,,,3.742,-0.3700000000000001,0,0.0
7355,2022_Lee,2022,Compound.1,7192,CCC[C@@H]1NC(=O)[C@H](CC(C)C)N(C)C(=O)[C@H](CC(C)C)N(C)C(=O)[C@H](CC(C)C)N(C)C(=O)[C@H](CC(C)C)N(C)C(=O)[C@@H](C)NC(=O)[C@H](CCC(N)=O)NC(=O)[C@H](CC(C)C)N(C)C(=O)[C@H](C(C)C)NC(=O)[C@H](CC(C)C)N(C)C(=O)CN(C)C1=O,11,Circle,-8.0,,,,3.3777,-1.0,0,0.0
7356,2022_Lee,2022,Compound.2,7356,CCC[C@@H]1NC(=O)[C@H](CC(C)C)N(C)C(=O)[C@H](CC(C)C)N(C)C(=O)[C@H](CC(C)C)N(C)C(=O)[C@H](CC(C)C)N(C)C(=O)[C@@H](C)NC(=O)[C@H](CCC(N)=O)NC(=O)[C@H](CC(C)C)N(C)C(=O)[C@H](C(C)C)NC(=O)CN(C)C(=O)CN(C)C1=O,11,Circle,-7.89,,,,1.963,-0.9449999999999998,0,0.0
7357,2022_Lee,2022,Compound.3,7357,CCC[C@@H]1NC(=O)[C@H](CC(C)C)N(C)C(=O)[C@H](CC(C)C)N(C)C(=O)[C@H](CC(C)C)N(C)C(=O)[C@H](CC(C)C)N(C)C(=O)[C@@H](C)NC(=O)[C@H](CCC(N)=O)NC(=O)[C@H](CC(C)C)N(C)C(=O)[C@H](C(C)C)NC(=O)CN(CC(C)C)C(=O)CN(C)C1=O,11,Circle,-7.89,,,,2.9892,-0.9449999999999998,0,0.0
7358,2022_Lee,2022,Compound.4,7358,CCC[C@@H]1NC(=O)[C@H](CC(C)C)N(C)C(=O)[C@H](CC(C)C)N(C)C(=O)[C@H](CC(C)C)N(C)C(=O)[C@H](CC(C)C)N(C)C(=O)[C@@H](C)NC(=O)[C@H](CCC(N)=O)NC(=O)[C@H](CC(C)C)N(C)C(=O)[C@H](C(C)C)NC(=O)CN(Cc2ccccc2)C(=O)CN(C)C1=O,11,Circle,-8.05,,,,3.5334,-1.0,0,0.0
7359,2022_Lee,2022,Compound.5,7359,CCC[C@@H]1NC(=O)[C@H](CC(C)C)N(C)C(=O)[C@H](CC(C)C)N(C)C(=O)[C@H](CC(C)C)N(C)C(=O)[C@H](CC(C)C)N(C)C(=O)[C@@H](C)NC(=O)[C@H](CCC(N)=O)NC(=O)[C@H](CC(C)C)N(C)C(=O)[C@H](C(C)C)NC(=O)CN(CCOC)C(=O)CN(C)C1=O,11,Circle,-8.05,,,,1.9796,-1.0,0,0.0
7360,2022_Lee,2022,Compound.6,7360,CCC[C@@H]1NC(=O)[C@H](CC(C)C)N(C)C(=O)[C@H](CC(C)C)N(C)C(=O)[C@H](CC(C)C)N(C)C(=O)[C@H](CC(C)C)N(C)C(=O)[C@@H](C)NC(=O)[C@H](CCC(N)=O)NC(=O)[C@H](CC(C)C)N(C)C(=O)[C@H](C(C)C)NC(=O)CN(CCCCN)C(=O)CN(C)C1=O,11,Circle,-8.15,,,,2.0721,-1.0,0,0.0
7361,2022_Lee,2022,Compound.7,7361,CCC[C@@H]1NC(=O)[C@H](CC(C)C)N(C)C(=O)[C@H](CC(C)C)N(C)C(=O)[C@H](CC(C)C)N(C)C(=O)[C@H](CC(C)C)N(C)C(=O)[C@@H](C)NC(=O)[C@H](CCC(N)=O)NC(=O)[C@H](CC(C)C)N(C)C(=O)[C@H](C(C)C)NC(=O)CN(CCO)C(=O)CN(C)C1=O,11,Circle,-8.4,,,,1.3255,-1.0,0,0.0
7362,2022_Lee,2022,Compound.8,7362,CCC[C@@H]1NC(=O)[C@H](CC(C)C)N(C)C(=O)[C@H](CC(C)C)N(C)C(=O)[C@H](CC(C)C)N(C)C(=O)[C@H](CC(C)C)N(C)C(=O)[C@@H](C)NC(=O)[C@H](CCC(N)=O)NC(=O)[C@H](CC(C)C)N(C)C(=O)[C@H](C(C)C)NC(=O)CN(CCC(=O)O)C(=O)CN(C)C1=O,11,Circle,-10.0,,,,1.8079,-1.0,0,0.0
7363,2022_Lee,2022,Compound.9,7363,CCC[C@@H]1NC(=O)[C@H](CC(C)C)N(C)C(=O)[C@H](CC(C)C)N(C)C(=O)[C@H](CC(C)C)N(C)C(=O)CN(C)C(=O)[C@@H](C)NC(=O)[C@H](CCC(N)=O)NC(=O)[C@H](CC(C)C)N(C)C(=O)[C@H](C(C)C)NC(=O)[C@H](CC(C)C)N(C)C(=O)CN(C)C1=O,11,Circle,-7.74,,,,1.963,-0.8700000000000001,0,0.0
7364,2022_Lee,2022,Compound.10,7364,CCC[C@@H]1NC(=O)[C@H](CC(C)C)N(C)C(=O)[C@H](CC(C)C)N(C)C(=O)[C@H](CC(C)C)N(C)C(=O)CN(CC(C)C)C(=O)[C@@H](C)NC(=O)[C@H](CCC(N)=O)NC(=O)[C@H](CC(C)C)N(C)C(=O)[C@H](C(C)C)NC(=O)[C@H](CC(C)C)N(C)C(=O)CN(C)C1=O,11,Circle,-7.85,,,,2.9892,-0.9249999999999998,0,0.0
7365,2022_Lee,2022,Compound.11,7365,CCC[C@@H]1NC(=O)[C@H](CC(C)C)N(C)C(=O)[C@H](CC(C)C)N(C)C(=O)[C@H](CC(C)C)N(C)C(=O)CN(Cc2ccccc2)C(=O)[C@@H](C)NC(=O)[C@H](CCC(N)=O)NC(=O)[C@H](CC(C)C)N(C)C(=O)[C@H](C(C)C)NC(=O)[C@H](CC(C)C)N(C)C(=O)CN(C)C1=O,11,Circle,-8.0,,,,3.5334,-1.0,0,0.0
7366,2022_Lee,2022,Compound.12,7366,CCC[C@@H]1NC(=O)[C@H](CC(C)C)N(C)C(=O)[C@H](CC(C)C)N(C)C(=O)[C@H](CC(C)C)N(C)C(=O)CN(CCOC)C(=O)[C@@H](C)NC(=O)[C@H](CCC(N)=O)NC(=O)[C@H](CC(C)C)N(C)C(=O)[C@H](C(C)C)NC(=O)[C@H](CC(C)C)N(C)C(=O)CN(C)C1=O,11,Circle,-7.85,,,,1.9796,-0.9249999999999998,0,0.0
7367,2022_Lee,2022,Compound.13,7367,CCC[C@@H]1NC(=O)[C@H](CC(C)C)N(C)C(=O)[C@H](CC(C)C)N(C)C(=O)[C@H](CC(C)C)N(C)C(=O)CN(CCCCN)C(=O)[C@@H](C)NC(=O)[C@H](CCC(N)=O)NC(=O)[C@H](CC(C)C)N(C)C(=O)[C@H](C(C)C)NC(=O)[C@H](CC(C)C)N(C)C(=O)CN(C)C1=O,11,Circle,-8.22,,,,2.0721,-1.0,0,0.0
7368,2022_Lee,2022,Compound.14,7368,CCC[C@@H]1NC(=O)[C@H](CC(C)C)N(C)C(=O)[C@H](CC(C)C)N(C)C(=O)[C@H](CC(C)C)N(C)C(=O)CN(CCO)C(=O)[C@@H](C)NC(=O)[C@H](CCC(N)=O)NC(=O)[C@H](CC(C)C)N(C)C(=O)[C@H](C(C)C)NC(=O)[C@H](CC(C)C)N(C)C(=O)CN(C)C1=O,11,Circle,-8.1,,,,1.3255,-1.0,0,0.0
7369,2022_Lee,2022,Compound.15,7369,CCC[C@@H]1NC(=O)[C@H](CC(C)C)N(C)C(=O)[C@H](CC(C)C)N(C)C(=O)[C@H](CC(C)C)N(C)C(=O)CN(CCC(=O)O)C(=O)[C@@H](C)NC(=O)[C@H](CCC(N)=O)NC(=O)[C@H](CC(C)C)N(C)C(=O)[C@H](C(C)C)NC(=O)[C@H](CC(C)C)N(C)C(=O)CN(C)C1=O,11,Circle,-8.72,,,,1.8079,-1.0,0,0.0
7370,2022_Lee,2022,Compound.16,7370,CCC[C@@H]1NC(=O)[C@H](CC(C)C)N(C)C(=O)[C@H](CC(C)C)N(C)C(=O)CN(C)C(=O)[C@H](CC(C)C)N(C)C(=O)[C@@H](C)NC(=O)[C@H](CCC(N)=O)NC(=O)[C@H](CC(C)C)N(C)C(=O)[C@H](C(C)C)NC(=O)[C@H](CC(C)C)N(C)C(=O)CN(C)C1=O,11,Circle,-7.96,,,,1.963,-0.98,0,0.0
7371,2022_Lee,2022,Compound.17,7371,CCC[C@@H]1NC(=O)[C@H](CC(C)C)N(C)C(=O)[C@H](CC(C)C)N(C)C(=O)CN(CC(C)C)C(=O)[C@H](CC(C)C)N(C)C(=O)[C@@H](C)NC(=O)[C@H](CCC(N)=O)NC(=O)[C@H](CC(C)C)N(C)C(=O)[C@H](C(C)C)NC(=O)[C@H](CC(C)C)N(C)C(=O)CN(C)C1=O,11,Circle,-8.05,,,,2.9892,-1.0,0,0.0
7372,2022_Lee,2022,Compound.18,7372,CCC[C@@H]1NC(=O)[C@H](CC(C)C)N(C)C(=O)[C@H](CC(C)C)N(C)C(=O)CN(Cc2ccccc2)C(=O)[C@H](CC(C)C)N(C)C(=O)[C@@H](C)NC(=O)[C@H](CCC(N)=O)NC(=O)[C@H](CC(C)C)N(C)C(=O)[C@H](C(C)C)NC(=O)[C@H](CC(C)C)N(C)C(=O)CN(C)C1=O,11,Circle,-7.89,,,,3.5334,-0.9449999999999998,0,0.0
7373,2022_Lee,2022,Compound.19,7373,CCC[C@@H]1NC(=O)[C@H](CC(C)C)N(C)C(=O)[C@H](CC(C)C)N(C)C(=O)CN(CCOC)C(=O)[C@H](CC(C)C)N(C)C(=O)[C@@H](C)NC(=O)[C@H](CCC(N)=O)NC(=O)[C@H](CC(C)C)N(C)C(=O)[C@H](C(C)C)NC(=O)[C@H](CC(C)C)N(C)C(=O)CN(C)C1=O,11,Circle,-8.22,,,,1.9796,-1.0,0,0.0
7374,2022_Lee,2022,Compound.20,7374,CCC[C@@H]1NC(=O)[C@H](CC(C)C)N(C)C(=O)[C@H](CC(C)C)N(C)C(=O)CN(CCCCN)C(=O)[C@H](CC(C)C)N(C)C(=O)[C@@H](C)NC(=O)[C@H](CCC(N)=O)NC(=O)[C@H](CC(C)C)N(C)C(=O)[C@H](C(C)C)NC(=O)[C@H](CC(C)C)N(C)C(=O)CN(C)C1=O,11,Circle,-10.0,,,,2.0721,-1.0,0,0.0
7375,2022_Lee,2022,Compound.21,7375,CCC[C@@H]1NC(=O)[C@H](CC(C)C)N(C)C(=O)[C@H](CC(C)C)N(C)C(=O)CN(CCO)C(=O)[C@H](CC(C)C)N(C)C(=O)[C@@H](C)NC(=O)[C@H](CCC(N)=O)NC(=O)[C@H](CC(C)C)N(C)C(=O)[C@H](C(C)C)NC(=O)[C@H](CC(C)C)N(C)C(=O)CN(C)C1=O,11,Circle,-8.05,,,,1.3255,-1.0,0,0.0
7376,2022_Lee,2022,Compound.22,7376,CCC[C@@H]1NC(=O)[C@H](CC(C)C)N(C)C(=O)[C@H](CC(C)C)N(C)C(=O)CN(CCC(=O)O)C(=O)[C@H](CC(C)C)N(C)C(=O)[C@@H](C)NC(=O)[C@H](CCC(N)=O)NC(=O)[C@H](CC(C)C)N(C)C(=O)[C@H](C(C)C)NC(=O)[C@H](CC(C)C)N(C)C(=O)CN(C)C1=O,11,Circle,-10.0,,,,1.8079,-1.0,0,0.0
