CycPeptMPDB_ID,Source,Year,Original_Name_in_Source_Literature,Structurally_Unique_ID,SMILES,Monomer_Length,Molecule_Shape,PAMPA,Caco2,MDCK,RRCK,MolLogP,Normalized_PAMPA,Binary,Soft_Label,Pred_1,Pred_2,Pred_3,Pred_4,Pred_5,Pred_6,Pred_7,Pred_8,Pred_9,Pred_10
529,2013_CHUGAI,2013,DP-521,529,CC(C)C[C@H]1C(=O)N(C)[C@@H](Cc2ccccc2)C(=O)N[C@H](C(=O)N2CCCCC2)CC(=O)N(C)CC(=O)N[C@@H]([C@@H](C)O)C(=O)N(C)[C@@H](C)C(=O)N[C@@H](COC(C)(C)C)C(=O)N(C)[C@@H](Cc2ccccc2)C(=O)N1C,9,Lariat,-4.36,,,,1.3707,0.8199999999999998,1,1.0,0.8431154,0.8884189,0.83506227,0.71189934,0.932245,0.73488283,0.6753275,0.80285263,0.8455099,0.7552106
530,2013_CHUGAI,2013,DP-522,530,CC(C)C[C@H]1C(=O)NCC(=O)N[C@H](C(=O)N2CCCCC2)CC(=O)N(C)CCC(=O)N[C@@H]([C@@H](C)O)C(=O)N(C)[C@@H](C)C(=O)N[C@@H](COC(C)(C)C)C(=O)N(C)[C@@H](Cc2ccccc2)C(=O)N1C,9,Lariat,-5.28,,,,-0.1927,0.3599999999999999,1,1.0,0.7006969,0.74367833,0.72966725,0.65284777,0.78250027,0.18773676,0.5658991,0.63292956,0.7613887,0.60176766
531,2013_CHUGAI,2013,DP-523,531,CC(C)C[C@H]1C(=O)N[C@@H](COC(C)(C)C)C(=O)N[C@H](C(=O)N2CCCCC2)CC(=O)N(C)[C@@H](C)C(=O)N(C)[C@@H](Cc2ccccc2)C(=O)N(C)[C@@H](CC(C)C)C(=O)N[C@@H]([C@@H](C)O)C(=O)N(C)CC(=O)N1C,9,Lariat,-4.7,,,,1.1741,0.6499999999999999,1,1.0,0.8289483,0.9216786,0.78737766,0.7724873,0.9475973,0.7206966,0.6815086,0.7431349,0.815106,0.77634495
532,2013_CHUGAI,2013,DP-524,532,CC(C)C[C@H]1C(=O)N[C@@H]([C@@H](C)O)C(=O)N(C)[C@@H](C)C(=O)N(C)[C@@H](CC(C)C)C(=O)N(C)[C@@H](Cc2ccccc2)C(=O)N[C@H](C(=O)N2CCCCC2)CC(=O)N(C)CCCC(=O)N(C)[C@@H](C)C(=O)N1C,9,Lariat,-4.8,,,,1.5013,0.6000000000000001,1,1.0,0.85490376,0.9140627,0.7973101,0.8273305,0.9552586,0.590512,0.72506964,0.8297098,0.82633173,0.79617494
533,2013_CHUGAI,2013,DP-525,533,CC(C)C[C@H]1C(=O)N(C)[C@@H](CC(C)C)C(=O)N[C@H](C(=O)N2CCCCC2)CC(=O)N(C)CCCC(=O)N(C)[C@@H](Cc2ccccc2)C(=O)N[C@@H]([C@@H](C)O)C(=O)N(C)CC(=O)N[C@@H](COC(C)(C)C)C(=O)N1C,9,Lariat,-4.66,,,,1.5658,0.6699999999999999,1,1.0,0.8270461,0.8968597,0.7749691,0.7757437,0.94908947,0.7109214,0.6792878,0.7554387,0.8157466,0.7743393
534,2013_CHUGAI,2013,DP-526,534,CC(C)C[C@H]1C(=O)N(C)[C@@H](Cc2ccccc2)C(=O)N[C@H](C(=O)N2CCCCC2)CC(=O)N[C@H](C(C)C)C(=O)N[C@@H](C)C(=O)N[C@@H]([C@@H](C)O)C(=O)N(C)[C@@H](C)C(=O)N[C@@H](Cc2ccccc2)C(=O)N1C,9,Lariat,-4.85,,,,0.9157,0.5750000000000002,1,1.0,0.73412067,0.84765863,0.7989303,0.6534795,0.755709,0.3773044,0.5580933,0.6938439,0.8086459,0.60255694
535,2013_CHUGAI,2013,DP-527,535,CC(C)C[C@H]1C(=O)N[C@H](C(=O)N2CCCCC2)CC(=O)N(C)[C@H](C)C(=O)N(C)[C@@H](Cc2ccccc2)C(=O)N(C)[C@@H](CC(C)C)C(=O)N[C@@H]([C@@H](C)O)C(=O)N(C)CC(=O)N[C@@H](COC(C)(C)C)C(=O)N1C,9,Lariat,-4.96,,,,1.1741,0.52,1,1.0,0.8291358,0.894538,0.78333557,0.7438066,0.94200414,0.7154114,0.69482213,0.7324639,0.8010405,0.76374173
536,2013_CHUGAI,2013,DP-528,536,CC(C)C[C@H]1C(=O)N[C@@H](COC(C)(C)C)C(=O)N[C@H](C(=O)N2CCCCC2)CC(=O)N[C@H](C)C(=O)N(C)[C@@H](Cc2ccccc2)C(=O)N(C)[C@@H](CC(C)C)C(=O)N[C@@H]([C@@H](C)O)C(=O)N(C)CC(=O)N1C,9,Lariat,-4.89,,,,0.8319,0.5550000000000002,1,1.0,0.76874906,0.83989465,0.7681258,0.5882647,0.89122236,0.5528294,0.57950515,0.7063396,0.80387914,0.651674
537,2013_CHUGAI,2013,DP-529,537,CC(C)C[C@H]1C(=O)N[C@@H](COC(C)(C)C)C(=O)N[C@H](C(=O)N2CCCCC2)CC(=O)N[C@H](C)C(=O)N(C)[C@@H](Cc2ccccc2)C(=O)N(C)[C@@H](CC(C)C)C(=O)N[C@@H]([C@@H](C)O)C(=O)N(C)[C@@H](C)C(=O)N1C,9,Lariat,-4.64,,,,1.2204,0.6800000000000002,1,1.0,0.78766817,0.8844226,0.7807574,0.60059655,0.9198605,0.6600803,0.6090785,0.7045565,0.8001957,0.7038864
538,2013_CHUGAI,2013,DP-530,538,CC(C)C[C@@H]1NC(=O)[C@H](Cc2ccccc2)N(C)C(=O)[C@H]([C@@H](C)O)NC(=O)[C@H](Cc2ccccc2)N(C)C(=O)[C@H](C)N(C)C(=O)[C@H](C)NC(=O)C[C@@H](C(=O)N2CCCCC2)NC(=O)[C@@H]2CCCN2C1=O,9,Lariat,-4.96,,,,0.7659,0.52,1,1.0,0.72564447,0.6844548,0.80386084,0.64171,0.72982347,0.17161438,0.60539454,0.6836882,0.80389154,0.6121873
641,2013_CHUGAI,2013,DP-673,641,CC(C)C[C@@H]1NC(=O)[C@H](C)NC(=O)C[C@@H](C(=O)N2CCCCC2)NC(=O)[C@H](Cc2ccccc2)N(C)C(=O)[C@H](CC(C)C)N(C)C(=O)[C@H](C)NC(=O)[C@H](Cc2ccccc2)N(C)C(=O)[C@H](CC(C)C)N(C)C1=O,9,Lariat,-4.52,,,,3.3133,0.7400000000000002,1,1.0,0.85281765,0.9248225,0.82540035,0.7580743,0.933945,0.9131808,0.6979563,0.7929092,0.85725737,0.7754157
647,2013_CHUGAI,2013,DP-682,647,CC(C)C[C@H]1C(=O)N[C@H](C(=O)N2CCCCC2)CC(=O)N(C)[C@H](C)C(=O)N(C)[C@@H](Cc2ccccc2)C(=O)N(C)[C@@H](CC(C)C)C(=O)N[C@@H]([C@@H](C)O)C(=O)N(C)[C@@H](C)C(=O)N[C@@H](COC(C)(C)C)C(=O)N1C,9,Lariat,-4.89,,,,1.5626,0.5550000000000002,1,1.0,0.84421915,0.90319085,0.79519415,0.7333584,0.9539181,0.81884176,0.7079866,0.75906885,0.81048876,0.79821634
648,2013_CHUGAI,2013,DP-683,648,CC(C)C[C@H]1C(=O)N[C@H](C(=O)N2CCCCC2)CC(=O)N(C)[C@H](C)C(=O)N(C)[C@@H](Cc2ccccc2)C(=O)N(C)[C@@H](CC(C)C)C(=O)N[C@@H]([C@@H](C)O)C(=O)N(C)[C@@H](CC(C)C)C(=O)N[C@@H](COC(C)(C)C)C(=O)N1C,9,Lariat,-4.49,,,,2.5888,0.7549999999999999,1,1.0,0.8784738,0.93588275,0.8106903,0.7510146,0.9767271,0.8903848,0.7473665,0.7833041,0.84023434,0.82531905
649,2013_CHUGAI,2013,DP-684,649,CC(C)C[C@H]1C(=O)N[C@H](C(=O)N2CCCCC2)CC(=O)N[C@H](C)C(=O)N(C)[C@@H](Cc2ccccc2)C(=O)N(C)[C@@H](CC(C)C)C(=O)N[C@@H]([C@@H](C)O)C(=O)N(C)[C@@H](CC(C)C)C(=O)N[C@@H](COC(C)(C)C)C(=O)N1C,9,Lariat,-4.64,,,,2.2466,0.6800000000000002,1,1.0,0.8328321,0.87803704,0.77999234,0.78346485,0.9540777,0.8292472,0.67632776,0.71365315,0.80646807,0.7845222
650,2013_CHUGAI,2013,DP-685,650,CC(C)C[C@H]1C(=O)N(C)[C@@H](CC(C)C)C(=O)N[C@H](C(=O)N2CCCCC2)CC(=O)N(C)CCCC(=O)N(C)[C@@H](Cc2ccccc2)C(=O)N[C@@H]([C@@H](C)O)C(=O)N(C)[C@@H](C)C(=O)N[C@@H](COC(C)(C)C)C(=O)N1C,9,Lariat,-4.55,,,,1.9543,0.7250000000000001,1,1.0,0.8424075,0.88716114,0.7872353,0.7992457,0.9600275,0.7157735,0.69488055,0.749627,0.81712973,0.7966938
651,2013_CHUGAI,2013,DP-686,651,CC(C)C[C@H]1C(=O)N(C)[C@@H](CC(C)C)C(=O)N[C@H](C(=O)N2CCCCC2)CC(=O)N(C)CCCC(=O)N(C)[C@@H](Cc2ccccc2)C(=O)N[C@@H]([C@@H](C)O)C(=O)N(C)[C@@H](CC(C)C)C(=O)N[C@@H](COC(C)(C)C)C(=O)N1C,9,Lariat,-4.44,,,,2.9805,0.7799999999999998,1,1.0,0.8775827,0.93500835,0.7942652,0.8803068,0.9807519,0.9118092,0.72431713,0.7768266,0.83557755,0.8368687
652,2013_CHUGAI,2013,DP-687,652,CC(C)C[C@@H]1NC(=O)[C@H](Cc2ccccc2)N(C)C(=O)[C@H]([C@@H](C)O)NC(=O)[C@H](Cc2ccccc2)N(C)C(=O)[C@H](C)N(C)C(=O)[C@H](C)N(C)C(=O)C[C@@H](C(=O)N2CCCCC2)NC(=O)[C@@H]2CCCN2C1=O,9,Lariat,-5.0,,,,1.1081,0.5,1,1.0,0.7940282,0.84535855,0.81887454,0.678413,0.8587766,0.36849034,0.6852886,0.77051634,0.83197886,0.7180527
653,2013_CHUGAI,2013,DP-688,653,CC(C)C[C@@H]1NC(=O)[C@H](Cc2ccccc2)N(C)C(=O)[C@H]([C@@H](C)O)NC(=O)[C@H](Cc2ccccc2)N(C)C(=O)[C@H](C)N(C)C(=O)[C@H](CC(C)C)N(C)C(=O)C[C@@H](C(=O)N2CCCCC2)NC(=O)[C@@H]2CCCN2C1=O,9,Lariat,-4.77,,,,2.1343,0.6150000000000002,1,1.0,0.8377011,0.8434022,0.83076715,0.698248,0.9221763,0.6562909,0.7389565,0.7919156,0.8546098,0.7576227
654,2013_CHUGAI,2013,DP-689,654,CC(C)C[C@H]1C(=O)N(C)[C@@H](Cc2ccccc2)C(=O)N(C)[C@@H](CC(C)C)C(=O)N[C@@H]([C@@H](C)O)C(=O)N(C)CC(=O)N[C@@H](COC(C)(C)C)C(=O)N(C)[C@@H](CC(C)C)C(=O)N[C@H](C(=O)N2CCCCC2)CC(=O)N1C,9,Lariat,-4.36,,,,2.2003,0.8199999999999998,1,1.0,0.86611235,0.9418957,0.80351174,0.80728316,0.97339666,0.93236065,0.69105923,0.79435,0.83414096,0.83643556
655,2013_CHUGAI,2013,DP-690,655,CC(C)C[C@@H]1NC(=O)[C@H]([C@@H](C)O)NC(=O)[C@H](CC(C)C)N(C)C(=O)CN(C)C(=O)[C@H](Cc2ccccc2)N(C)C(=O)[C@H](C(C)C)NC(=O)C[C@@H](C(=O)N2CCCCC2)NC(=O)[C@H](CC(C)C)N(C)C1=O,9,Lariat,-4.48,,,,1.699,0.7599999999999998,1,1.0,0.81174046,0.89923626,0.77734625,0.70719844,0.9316454,0.6192203,0.7169771,0.725495,0.8087439,0.75421375
656,2013_CHUGAI,2013,DP-691,656,CC(C)C[C@@H]1NC(=O)CN(C)C(=O)[C@H](CC(C)C)N(C)C(=O)[C@H]([C@@H](C)O)NC(=O)[C@H](CC(C)C)N(C)C(=O)[C@H](Cc2ccccc2)N(C)C(=O)[C@H](C(C)C)NC(=O)C[C@@H](C(=O)N2CCCCC2)NC1=O,9,Lariat,-4.48,,,,1.699,0.7599999999999998,1,1.0,0.81196225,0.8769649,0.77371615,0.7053079,0.9355544,0.7583944,0.6586981,0.75247854,0.7992424,0.72186375
657,2013_CHUGAI,2013,DP-692,657,CC(C)C[C@@H]1NC(=O)C[C@@H](C(=O)N2CCCCC2)NC(=O)[C@H](COC(C)(C)C)NC(=O)[C@H](CC(C)C)N(C)C(=O)CN(C)C(=O)[C@H]([C@@H](C)O)NC(=O)[C@H](CC(C)C)N(C)C(=O)[C@H](Cc2ccccc2)N(C)C1=O,9,Lariat,-4.54,,,,1.8581,0.73,1,1.0,0.8167674,0.86490875,0.77579147,0.69631106,0.9385265,0.82765025,0.60829276,0.7346877,0.8021843,0.7354018
658,2013_CHUGAI,2013,DP-693,658,CC(C)C[C@H]1C(=O)N(C)[C@@H](CC(C)C)C(=O)N[C@H](C(=O)N2CCCCC2)CC(=O)N[C@@H](C(C)C)C(=O)N(C)[C@@H](Cc2ccccc2)C(=O)N[C@@H]([C@@H](C)O)C(=O)N(C)CC(=O)N[C@@H](COC(C)(C)C)C(=O)N1C,9,Lariat,-4.46,,,,1.468,0.77,1,1.0,0.80977285,0.900311,0.77245086,0.6952996,0.93717253,0.7503043,0.63496697,0.7184404,0.79583085,0.72558385
659,2013_CHUGAI,2013,DP-694,659,CC(C)C[C@H]1C(=O)N(C)[C@@H](CC(C)C)C(=O)N[C@@H](COC(C)(C)C)C(=O)N[C@H](C(=O)N2CCCCC2)CC(=O)N[C@@H](C(C)C)C(=O)N(C)[C@@H](Cc2ccccc2)C(=O)N(C)CC(=O)N[C@@H]([C@@H](C)O)C(=O)N1C,9,Lariat,-4.48,,,,1.468,0.7599999999999998,1,1.0,0.80987394,0.9076531,0.778806,0.74765056,0.93922204,0.795461,0.64354,0.70542204,0.7987752,0.73977536
660,2013_CHUGAI,2013,DP-695,660,CC(C)C[C@H]1C(=O)N(C)[C@@H](CC(C)C)C(=O)N[C@@H](COC(C)(C)C)C(=O)N[C@H](C(=O)N2CCCCC2)CC(=O)N(C)CCCC(=O)N(C)[C@@H](Cc2ccccc2)C(=O)N[C@@H]([C@@H](C)O)C(=O)N(C)CC(=O)N1C,9,Lariat,-4.82,,,,1.5658,0.5899999999999999,1,1.0,0.8267056,0.90486157,0.7783951,0.7667062,0.9506135,0.750171,0.65138125,0.76554424,0.81501377,0.76298255
661,2013_CHUGAI,2013,DP-696,661,CC(C)C[C@@H]1NC(=O)[C@H]([C@@H](C)O)NC(=O)[C@H](CC(C)C)N(C)C(=O)[C@H](Cc2ccccc2)N(C)C(=O)[C@H](C)N(C)C(=O)C[C@@H](C(=O)N2CCCCC2)NC(=O)[C@H](COC(C)(C)C)NC(=O)[C@H](CC(C)C)N(C)C1=O,9,Lariat,-4.43,,,,2.2466,0.7850000000000001,1,1.0,0.8327302,0.91280794,0.78180104,0.75945765,0.9538487,0.8264496,0.6423135,0.72498757,0.81255174,0.78872013
662,2013_CHUGAI,2013,DP-697,662,CC(C)C[C@H]1C(=O)N[C@H](C(=O)N2CCCCC2)CC(=O)N(C)[C@@H](C)C(=O)N(C)[C@@H](Cc2ccccc2)C(=O)N(C)[C@@H](CC(C)C)C(=O)N[C@@H]([C@@H](C)O)C(=O)N(C)CC(=O)N[C@@H](COC(C)(C)C)C(=O)N1C,9,Lariat,-4.46,,,,1.1741,0.77,1,1.0,0.82911843,0.8935005,0.78320646,0.73988146,0.94167835,0.71845335,0.6894145,0.72978485,0.8019412,0.7685103
663,2013_CHUGAI,2013,DP-698,663,CC(C)C[C@@H]1NC(=O)[C@H](CC(C)C)N(C)C(=O)[C@H](COC(C)(C)C)NC(=O)[C@H](Cc2ccccc2)N(C)C(=O)[C@H](C)N(C)C(=O)C[C@@H](C(=O)N2CCCCC2)NC(=O)[C@H](CC(C)C)N(C)C(=O)[C@H]([C@@H](C)O)NC1=O,9,Lariat,-4.51,,,,2.2466,0.7450000000000001,1,1.0,0.83254105,0.8992108,0.7781393,0.7131582,0.9523571,0.8282182,0.6891721,0.7166585,0.81080014,0.77622056
664,2013_CHUGAI,2013,DP-699,664,CC(C)C[C@H]1C(=O)N(C)[C@@H](Cc2ccccc2)C(=O)N[C@H](C(=O)N2CCCCC2)CC(=O)N(C)[C@@H](C)C(=O)N[C@@H](C)C(=O)N[C@@H]([C@@H](C)O)C(=O)N(C)[C@@H](CC(C)C)C(=O)N[C@@H](Cc2ccccc2)C(=O)N1C,9,Lariat,-4.54,,,,1.648,0.73,1,1.0,0.80799335,0.8650495,0.8244555,0.7209107,0.8874852,0.5735033,0.61418664,0.7533719,0.8335432,0.74296314
665,2013_CHUGAI,2013,DP-700,665,CC(C)C[C@H]1C(=O)N[C@@H]([C@@H](C)O)C(=O)N[C@@H](C)C(=O)N(C)[C@@H](Cc2ccccc2)C(=O)N[C@H](C(=O)N2CCCCC2)CC(=O)N(C)[C@@H](C)C(=O)N(C)[C@@H](CC(C)C)C(=O)N[C@@H](Cc2ccccc2)C(=O)N1C,9,Lariat,-4.31,,,,1.648,0.8450000000000002,1,1.0,0.8079501,0.8877513,0.8219298,0.70781463,0.87921834,0.7119586,0.66879356,0.7576146,0.8219737,0.7418752
666,2013_CHUGAI,2013,DP-701,666,CC(C)C[C@@H]1NC(=O)[C@@H](C(C)C)NC(=O)C[C@@H](C(=O)N2CCCCC2)NC(=O)[C@H](Cc2ccccc2)N(C)C(=O)[C@H](CC(C)C)N(C)C(=O)[C@H](Cc2ccccc2)NC(=O)[C@H](C)N(C)C(=O)[C@H]([C@@H](C)O)NC1=O,9,Lariat,-4.51,,,,1.9419,0.7450000000000001,1,1.0,0.78716886,0.7952831,0.80720395,0.6250883,0.8693222,0.61802626,0.5934445,0.7114509,0.8239569,0.6751584
667,2013_CHUGAI,2013,DP-702,667,CC(C)C[C@@H]1NC(=O)[C@@H](C(C)C)NC(=O)C[C@@H](C(=O)N2CCCCC2)NC(=O)[C@H](Cc2ccccc2)NC(=O)[C@H](CC(C)C)N(C)C(=O)[C@H](Cc2ccccc2)N(C)C(=O)[C@H](C)N(C)C(=O)[C@H]([C@@H](C)O)NC1=O,9,Lariat,-4.6,,,,1.9419,0.7000000000000002,1,1.0,0.7867737,0.7924678,0.8047934,0.631275,0.8644022,0.6322367,0.57368165,0.72411317,0.8210006,0.6591083
668,2013_CHUGAI,2013,DP-703,668,CC(C)C[C@@H]1NC(=O)[C@H](Cc2ccccc2)N(C)C(=O)[C@@H](C(C)C)NC(=O)C[C@@H](C(=O)N2CCCCC2)NC(=O)[C@H](Cc2ccccc2)NC(=O)[C@H](CC(C)C)N(C)C(=O)[C@H]([C@@H](C)O)NC(=O)[C@H](CC(C)C)N(C)C1=O,9,Lariat,-4.47,,,,2.9681,0.7650000000000001,1,1.0,0.8331148,0.8684264,0.8220344,0.6449249,0.9298568,0.7687147,0.67570496,0.7697145,0.8431435,0.7324569
669,2013_CHUGAI,2013,DP-704,669,CC(C)C[C@H]1C(=O)N[C@H](C(=O)N2CCCCC2)CC(=O)N(C)CCC(=O)N[C@@H]([C@@H](C)O)C(=O)N(C)[C@@H](C)C(=O)N[C@@H](COC(C)(C)C)C(=O)N(C)[C@@H](Cc2ccccc2)C(=O)N(C)[C@@H](CC(C)C)C(=O)N1C,9,Lariat,-4.54,,,,1.5642,0.73,1,1.0,0.8354804,0.9310715,0.79076004,0.7962163,0.9456168,0.74996,0.7036116,0.73512757,0.81111234,0.77601945
670,2013_CHUGAI,2013,DP-705,670,CC(C)C[C@H]1C(=O)N(C)[C@@H](CC(C)C)C(=O)N[C@@H]([C@@H](C)O)C(=O)N(C)[C@@H](Cc2ccccc2)C(=O)N[C@@H](COC(C)(C)C)C(=O)N(C)[C@@H](CC(C)C)C(=O)N[C@H](C(=O)N2CCCCC2)CC(=O)N(C)CCC(=O)N1C,9,Lariat,-4.31,,,,2.5904,0.8450000000000002,1,1.0,0.8721556,0.9297987,0.7966698,0.78702587,0.9776603,0.9361374,0.7595139,0.8104111,0.8426082,0.8127385
671,2013_CHUGAI,2013,DP-706,671,CC(C)C[C@@H]1NC(=O)[C@H](CC(C)C)N(C)C(=O)[C@H](CC(C)C)N(C)C(=O)C[C@@H](C(=O)N2CCCCC2)NC(=O)[C@H](Cc2ccccc2)N(C)C(=O)[C@@H]2CCCN2C(=O)[C@H]([C@@H](C)O)NC(=O)[C@H](Cc2ccccc2)N(C)C1=O,9,Lariat,-4.32,,,,3.1605,0.8399999999999999,1,1.0,0.87314254,0.9160562,0.83873165,0.7990428,0.9648769,0.6626953,0.7308853,0.80365616,0.8690474,0.8062755
672,2013_CHUGAI,2013,DP-707,672,CC(C)C[C@H]1C(=O)N[C@@H](COC(C)(C)C)C(=O)N[C@H](C(=O)N2CCCCC2)CC(=O)N(C)[C@@H](C)C(=O)N(C)[C@@H](Cc2ccccc2)C(=O)N(C)[C@@H](CC(C)C)C(=O)N[C@@H]([C@@H](C)O)C(=O)N(C)[C@@H](C)C(=O)N1C,9,Lariat,-4.54,,,,1.5626,0.73,1,1.0,0.84372425,0.9430236,0.80443794,0.7311221,0.95663697,0.7973927,0.71398646,0.7510763,0.8285943,0.8231078
673,2013_CHUGAI,2013,DP-708,673,CC(C)C[C@H]1C(=O)N[C@H](C(=O)N2CCCCC2)CC(=O)N[C@H](C)C(=O)N(C)[C@@H](Cc2ccccc2)C(=O)N(C)[C@@H](CC(C)C)C(=O)N[C@@H]([C@@H](C)O)C(=O)N(C)[C@@H](C)C(=O)N[C@@H](COC(C)(C)C)C(=O)N1C,9,Lariat,-4.8,,,,1.2204,0.6000000000000001,1,1.0,0.78830326,0.84355414,0.7738293,0.6688738,0.91101027,0.64698446,0.6174852,0.6955238,0.80478084,0.7331309
674,2013_CHUGAI,2013,DP-709,674,CC(C)C[C@H]1C(=O)N[C@@H](COC(C)(C)C)C(=O)N[C@H](C(=O)N2CCCCC2)CC(=O)N(C)CC(=O)N[C@@H]([C@@H](C)O)C(=O)N(C)[C@@H](C)C(=O)N(C)[C@@H](Cc2ccccc2)C(=O)N(C)[C@@H](Cc2ccccc2)C(=O)N1C,9,Lariat,-4.46,,,,1.3707,0.77,1,1.0,0.8434326,0.92007345,0.83334124,0.81539947,0.9381428,0.6414887,0.6976554,0.7882353,0.850787,0.7909629
675,2013_CHUGAI,2013,DP-710,675,CC(C)C[C@H]1C(=O)N(C)[C@@H](Cc2ccccc2)C(=O)N[C@H](C(=O)N2CCCCC2)CC(=O)N(C)[C@@H](C)C(=O)N[C@@H]([C@@H](C)O)C(=O)N(C)CC(=O)N[C@@H](COC(C)(C)C)C(=O)N(C)[C@@H](Cc2ccccc2)C(=O)N1C,9,Lariat,-4.36,,,,1.3707,0.8199999999999998,1,1.0,0.8433589,0.8963973,0.835625,0.762883,0.93425703,0.7053263,0.67106307,0.8161733,0.8484179,0.75195056
676,2013_CHUGAI,2013,DP-711,676,CC(C)C[C@H]1C(=O)N[C@@H](COC(C)(C)C)C(=O)N[C@H](C(=O)N2CCCCC2)CC(=O)N[C@@H](C)C(=O)N(C)[C@@H](Cc2ccccc2)C(=O)N(C)CC(=O)N(C)[C@@H](Cc2ccccc2)C(=O)N[C@@H]([C@@H](C)O)C(=O)N1C,9,Lariat,-4.54,,,,1.0285,0.73,1,1.0,0.78815025,0.8821359,0.8127022,0.6639222,0.86541396,0.55941534,0.6415302,0.68110305,0.82036704,0.6980264
677,2013_CHUGAI,2013,DP-712,677,CC(C)C[C@H]1C(=O)N(C)[C@@H](Cc2ccccc2)C(=O)N[C@H](C(=O)N2CCCCC2)CC(=O)N(C)CCCC(=O)N(C)[C@@H](C)C(=O)N(C)[C@@H](CC(C)C)C(=O)N[C@@H]([C@@H](C)O)C(=O)N(C)CC(=O)N1C,9,Lariat,-4.92,,,,1.1128,0.54,1,1.0,0.8403369,0.92888796,0.78696555,0.8642487,0.946959,0.60208786,0.74492216,0.81561255,0.82687116,0.80057
678,2013_CHUGAI,2013,DP-713,678,CC(C)C[C@@H]1NC(=O)[C@H](CC(C)C)N(C)C(=O)[C@H](Cc2ccccc2)N(C)C(=O)[C@H]([C@@H](C)O)NC(=O)[C@H](CC(C)C)N(C)C(=O)CN(C)C(=O)CCCN(C)C(=O)C[C@@H](C(=O)N2CCCCC2)NC1=O,9,Lariat,-4.57,,,,1.7968,0.7149999999999999,1,1.0,0.82966864,0.89721006,0.7683919,0.7783364,0.9496247,0.66069686,0.66905123,0.77567154,0.81544286,0.76144487
679,2013_CHUGAI,2013,DP-714,679,CC(C)C[C@@H]1NC(=O)[C@H](CC(C)C)N(C)C(=O)[C@H]([C@@H](C)O)NC(=O)[C@H](Cc2ccccc2)N(C)C(=O)CN(C)C(=O)[C@H](CC(C)C)N(C)C(=O)[C@@H](C(C)C)NC(=O)C[C@@H](C(=O)N2CCCCC2)NC1=O,9,Lariat,-4.51,,,,1.699,0.7450000000000001,1,1.0,0.8120251,0.9004515,0.77238375,0.7147029,0.9334232,0.75188476,0.64226544,0.7601212,0.7994277,0.72441536
750,2013_CHUGAI,2013,DP-785,750,CC(C)C[C@H]1C(=O)N(C)[C@@H](Cc2ccccc2)C(=O)NCC(=O)N[C@@H](C)CC(=O)N(C)CCCC(=O)N[C@@H]([C@@H](C)O)C(=O)N(C)[C@@H](C)C(=O)N(C)[C@@H](Cc2ccccc2)C(=O)N[C@@H](COC(C)(C)C)C(=O)N1C,9,Circle,-4.54,,,,1.2745,0.73,1,1.0,0.8221817,0.88003373,0.82189685,0.7116717,0.9095551,0.67676914,0.7123552,0.7514094,0.8230299,0.72400475
751,2013_CHUGAI,2013,DP-786,751,CC(C)C[C@H]1C(=O)N[C@@H](COC(C)(C)C)C(=O)N[C@@H](C)CC(=O)N[C@H](C)C(=O)N(C)[C@@H](C)C(=O)N(C)[C@@H](Cc2ccccc2)C(=O)N(C)[C@@H](C)C(=O)N[C@@H]([C@@H](C)O)C(=O)N(C)[C@@H](C)C(=O)N1C,9,Circle,-5.23,,,,0.0485,0.3849999999999998,1,1.0,0.7787793,0.8909354,0.78634953,0.6255253,0.88172776,0.6366294,0.6006346,0.72604907,0.7743071,0.7247886
752,2013_CHUGAI,2013,DP-787,752,CC(C)C[C@H]1C(=O)N[C@@H](COC(C)(C)C)C(=O)N[C@@H](C)CC(=O)N[C@H](C)C(=O)N(C)[C@@H](C)C(=O)N(C)[C@@H](Cc2ccccc2)C(=O)N(C)[C@@H](CC(C)C)C(=O)N[C@@H]([C@@H](C)O)C(=O)N(C)[C@@H](C)C(=O)N1C,9,Circle,-4.54,,,,1.0747,0.73,1,1.0,0.82478064,0.90426344,0.8007756,0.6719572,0.9387155,0.8154829,0.64166266,0.75413567,0.7958816,0.7798724
753,2013_CHUGAI,2013,DP-788,753,CC(C)C[C@H]1C(=O)N(C)[C@@H](Cc2ccccc2)C(=O)N(C)[C@@H](CC(C)C)C(=O)N[C@@H](C)CC(=O)N[C@H](C(C)C)C(=O)N[C@@H](C)C(=O)N[C@@H]([C@@H](C)O)C(=O)N(C)[C@@H](C)C(=O)N[C@@H](Cc2ccccc2)C(=O)N1C,9,Circle,-4.31,,,,1.7962,0.8450000000000002,1,1.0,0.8239051,0.9033768,0.8306018,0.66694653,0.89745355,0.7082488,0.6074123,0.7756993,0.8227211,0.7136918
754,2013_CHUGAI,2013,DP-789,754,CC[C@H](C)[C@H]1C(=O)N[C@@H](C)CC(=O)N(C)[C@H](C)C(=O)N(C)[C@@H](Cc2ccccc2)C(=O)N(C)[C@@H](CC(C)C)C(=O)N[C@@H]([C@@H](C)O)C(=O)N(C)CC(=O)N[C@@H](COC(C)(C)C)C(=O)N(C)[C@@H](CC(C)C)C(=O)N1C,9,Circle,-4.46,,,,2.0546,0.77,1,1.0,0.8833692,0.9456125,0.8225642,0.787514,0.9778097,0.9486134,0.75404716,0.8111807,0.8267547,0.8426679
755,2013_CHUGAI,2013,DP-790,755,CC(C)C[C@@H]1NC(=O)[C@@H](C(C)C)NC(=O)C[C@H](C)NC(=O)[C@H](CC(C)C)N(C)C(=O)[C@H](Cc2ccccc2)N(C)C(=O)[C@H](CC(C)C)N(C)C(=O)[C@H](Cc2ccc(C(F)(F)F)cc2)NC(=O)[C@H](C)N(C)C(=O)[C@H]([C@@H](C)O)NC1=O,9,Circle,-4.25,,,,3.8412,0.875,1,1.0,0.8664134,0.9312347,0.7832655,0.95157087,0.92710453,0.9326737,0.7531785,0.7113754,0.8685843,0.81934315
756,2013_CHUGAI,2013,DP-791,756,CC(C)C[C@@H]1NC(=O)[C@H](Cc2ccccc2)N(C)C(=O)[C@H](C)N(C)C(=O)C[C@H](C)NC(=O)[C@H]([C@@H](C)O)NC(=O)[C@H](CC(C)C)N(C)C(=O)[C@H](Cc2ccccc2)NC(=O)[C@H](CC(C)C)N(C)C(=O)[C@H](CC(C)C)N(C)C1=O,9,Circle,-4.39,,,,3.5547,0.8050000000000002,1,1.0,0.90541387,0.9618127,0.8560987,0.76877284,0.9767893,0.9484333,0.7832283,0.8534467,0.86653954,0.8624583
757,2013_CHUGAI,2013,DP-792,757,CC(C)C[C@@H]1NC(=O)[C@@H](C(C)C)NC(=O)C[C@H](C)NC(=O)[C@H](CC(C)C)N(C)C(=O)[C@H](Cc2cccc(Cl)c2)N(C)C(=O)[C@H](CC(C)C)N(C)C(=O)[C@H](Cc2ccc(C(F)(F)F)cc2)NC(=O)[C@H](C)N(C)C(=O)[C@H]([C@@H](C)O)NC1=O,9,Circle,-4.48,,,,4.4946,0.7599999999999998,1,1.0,0.86164254,0.9223351,0.7793079,0.9737335,0.9016717,0.6959743,0.7052924,0.6770541,0.8704737,0.7825499
758,2013_CHUGAI,2013,DP-793,758,CC(C)C[C@@H]1NC(=O)[C@H](Cc2ccccc2)N(C)C(=O)[C@H](CC(C)C)N(C)C(=O)[C@@H](C)N(C)C(=O)C[C@H](C)NC(=O)[C@H](CC(C)C)N(C)C(=O)[C@H](Cc2ccccc2)N(C)C(=O)[C@H]([C@@H](C)O)NC(=O)[C@H](Cc2ccccc2)N(C)C1=O,9,Circle,-4.28,,,,4.0935,0.8599999999999999,1,1.0,0.93920165,0.95966476,0.899509,0.87738633,0.9874248,0.94270664,0.83947724,0.91075575,0.9034092,0.9035435
764,2013_CHUGAI,2013,DP-799,764,CC[C@H](C)[C@H]1C(=O)N[C@@H](C)CC(=O)N(C)[C@H](C)C(=O)N(C)[C@@H](Cc2cccc(Cl)c2)C(=O)N(C)[C@@H](CC(C)C)C(=O)N[C@@H]([C@@H](C)O)C(=O)N(C)CC(=O)N[C@@H](COC(C)(C)C)C(=O)N(C)[C@@H](CC(C)C)C(=O)N1C,9,Circle,-4.49,,,,2.708,0.7549999999999999,1,1.0,0.8775126,0.9222724,0.8193329,0.8612861,0.9684738,0.75421333,0.7385243,0.7769279,0.8204466,0.81996006
765,2013_CHUGAI,2013,DP-800,765,CC[C@H](C)[C@H]1C(=O)N[C@@H](C)CC(=O)N(C)[C@H](C)C(=O)N(C)[C@@H](CC(C)C)C(=O)N(C)[C@@H](CC(C)C)C(=O)N[C@@H]([C@@H](C)O)C(=O)N(C)CC(=O)N[C@@H](COC(C)(C)C)C(=O)N(C)[C@@H](CC(C)C)C(=O)N1C,9,Circle,-4.6,,,,1.858,0.7000000000000002,1,1.0,0.8711974,0.9710923,0.7751228,0.7863287,0.9769598,0.94472677,0.7450793,0.7730911,0.78720653,0.84271395
766,2013_CHUGAI,2013,DP-801,766,CC(C)C[C@H]1C(=O)N[C@@H](COC(C)(C)C)C(=O)N[C@@H](C)CC(=O)N[C@H](C(C)C)C(=O)N(C)[C@@H](Cc2cccc(Cl)c2)C(=O)N(C)[C@@H](C)C(=O)N(C)[C@@H](CC(C)C)C(=O)N[C@@H]([C@@H](C)O)C(=O)N(C)[C@@H](C)C(=O)N1C,9,Circle,-4.22,,,,2.3642,0.8900000000000001,1,1.0,0.8504098,0.93916744,0.8093363,0.71561396,0.9443937,0.73176205,0.66342825,0.75489354,0.8070214,0.7975929
767,2013_CHUGAI,2013,DP-802,767,CC(C)C[C@H]1C(=O)N[C@@H](COC(C)(C)C)C(=O)N[C@@H](C)CC(=O)N[C@H](C(C)C)C(=O)N(C)[C@@H](CC(C)C)C(=O)N(C)[C@@H](C)C(=O)N(C)[C@@H](CC(C)C)C(=O)N[C@@H]([C@@H](C)O)C(=O)N(C)[C@@H](C)C(=O)N1C,9,Circle,-4.54,,,,1.5142,0.73,1,1.0,0.8442176,0.9428057,0.7645845,0.71359056,0.9661382,0.9188253,0.61784285,0.73123103,0.77163446,0.8014091
784,2013_CHUGAI,2013,DP-819,784,CC[C@H](C)[C@@H]1NC(=O)[C@H](C)N(C)C(=O)[C@H]([C@@H](C)O)NC(=O)[C@H](C(C)C)N(C)C(=O)[C@@H](C)N(C)C(=O)C[C@H](C)NC(=O)[C@H](Cc2ccccc2)NC(=O)[C@H](C)NC(=O)[C@H](Cc2ccccc2)N(C)C1=O,9,Circle,-4.52,,,,0.77,0.7400000000000002,1,1.0,0.7625291,0.71938187,0.8237341,0.5570301,0.7646807,0.44916257,0.55865777,0.73382163,0.7951646,0.64942086
788,2013_CHUGAI,2013,DP-823,788,CC[C@H](C)[C@@H]1NC(=O)[C@H](CC(C)C)N(C)C(=O)[C@H](C)NC(=O)CCCN(C)C(=O)C[C@H](C)NC(=O)[C@H]([C@@H](C)O)NC(=O)[C@H](Cc2ccccc2)NC(=O)[C@H](C(C)C)N(C)C(=O)[C@H](CC(C)C)N(C)C1=O,9,Circle,-4.51,,,,1.9913,0.7450000000000001,1,1.0,0.79244506,0.7911107,0.7741031,0.61151004,0.90439236,0.83873,0.6240583,0.71911854,0.79008585,0.68996185
789,2013_CHUGAI,2013,DP-824,789,CC[C@H](C)[C@@H]1NC(=O)[C@H](CC(C)C)N(C)C(=O)[C@H](C)NC(=O)CCCN(C)C(=O)C[C@H](C)NC(=O)[C@H]([C@@H](C)O)NC(=O)[C@H](Cc2ccccc2)NC(=O)[C@H](C(C)C)N(C)C(=O)[C@H](Cc2ccccc2)N(C)C1=O,9,Circle,-4.54,,,,2.1879,0.73,1,1.0,0.80981344,0.77200687,0.82111704,0.63517964,0.89511037,0.80209446,0.53093505,0.7363686,0.824215,0.7062932
793,2013_CHUGAI,2013,DP-828,793,CC[C@H](C)[C@@H]1NC(=O)[C@H](CC(C)C)N(C)C(=O)[C@@H](C(C)C)NC(=O)C[C@H](C)NC(=O)[C@H](CC(C)C)N(C)C(=O)[C@H](C)N(C)C(=O)[C@H]([C@@H](C)O)NC(=O)[C@H](Cc2cccc(Cl)c2)N(C)C(=O)[C@H](C)N(C)C1=O,9,Circle,-4.38,,,,2.5952,0.81,1,1.0,0.84254557,0.9645241,0.8079045,0.7956344,0.9264756,0.47401354,0.69102496,0.7258312,0.80207485,0.7905781
828,2013_CHUGAI,2013,DP-863,828,CCN1C(=O)CCCCc2cccc(c2)C[C@@H](C(=O)N2CCCCC2)NC(=O)[C@H](CC(C)C)N(C)C(=O)CN(C)C(=O)[C@H]([C@@H](C)O)NC(=O)[C@H](CC(C)C)N(C)C(=O)[C@H](Cc2ccccc2)N(C)C(=O)[C@H](C)NC(=O)[C@@H]1Cc1ccccc1,9,Lariat,-4.46,,,,4.5572,0.77,1,1.0,0.9145314,0.92316985,0.8829766,0.857252,0.97831947,0.89666444,0.81380886,0.85373193,0.90216625,0.8752395
1878,2017_Pye,2017,cpd.9.1,1878,CCC[C@H]1C(=O)N(C)[C@H](CC)C(=O)N(C)[C@@H](C)C(=O)N(C)[C@H](CC)C(=O)N(C)[C@H](C)C(=O)N(C)[C@@H](C)C(=O)N(C)[C@H](CC)C(=O)N2CCC[C@@H]2C(=O)N(C)[C@@H](Cc2ccc(O)cc2)C(=O)N1C,9,Circle,-7.3,,,-6.89,1.6451,-0.6499999999999999,0,0.0,0.89375037,0.97577375,0.84395415,0.8997443,0.9656644,0.59971464,0.80784214,0.8237582,0.8365763,0.8823805
1879,2017_Pye,2017,cpd.9.2,1879,CCCC[C@H]1C(=O)N(C)[C@H](C)C(=O)N2CCC[C@@H]2C(=O)N(C)[C@@H](Cc2ccc(O)cc2)C(=O)N(C)[C@@H](CCC)C(=O)N(C)[C@H](CC)C(=O)N(C)[C@@H](C)C(=O)N(C)[C@H](CCCC)C(=O)N(C)[C@H](C)C(=O)N1C,9,Circle,-6.1,,,-6.21,3.2055,-0.0499999999999998,0,0.4750000000000001,0.911566,0.9859387,0.83886296,0.9314858,0.9854649,0.80647,0.87875175,0.8530299,0.85884666,0.90592635
1880,2017_Pye,2017,cpd.9.3,1880,CCC[C@H]1C(=O)N(C)[C@H](CC)C(=O)N(C)[C@@H](CCC)C(=O)N(C)[C@H](CCC)C(=O)N(C)[C@H](CCC)C(=O)N(C)[C@@H](CC)C(=O)N(C)[C@H](CCC)C(=O)N2CCC[C@@H]2C(=O)N(C)[C@@H](Cc2ccc(O)cc2)C(=O)N1C,9,Circle,-5.35,,,-5.45,4.3758,0.3250000000000002,1,1.0,0.92289054,0.9913327,0.8418761,0.9331066,0.98785174,0.85990644,0.90033376,0.8627069,0.87059414,0.9071059
1881,2017_Pye,2017,cpd.9.4,1881,CCCC[C@H]1C(=O)N(C)[C@H](CCCC)C(=O)N(C)[C@H](CCCC)C(=O)N(C)[C@@H](CCCC)C(=O)N(C)[C@H](CCCC)C(=O)N2CCC[C@@H]2C(=O)N(C)[C@@H](Cc2ccc(O)cc2)C(=O)N(C)[C@@H](CCC)C(=O)N(C)[C@H](CC)C(=O)N1C,9,Circle,-8.0,,,-7.0,6.7164,-1.0,0,0.0,0.9409187,0.98912513,0.8401385,0.95671314,0.9955882,0.9585403,0.9053106,0.86558396,0.8932516,0.935627
7263,2022_Bhardwaj,2022,D9.1,7263,CC[C@H](C)[C@@H]1NC(=O)[C@@H](CC(C)C)N(C)C(=O)[C@@H]2CCCN2C(=O)[C@H](C(C)C)NC(=O)C(C)(C)NC(=O)[C@H](CC(C)C)NC(=O)C(C)(C)NC(=O)[C@@H]2CCCN2C(=O)[C@H]2CCCN2C1=O,9,Circle,-5.8,-6.05,,,1.8383,0.1,1,0.55,0.6738832,0.68872774,0.689593,0.5898358,0.7401226,0.46231896,0.57200426,0.5396715,0.74503237,0.59992296
7264,2022_Bhardwaj,2022,D9.3,7264,CC[C@@H](C)[C@H]1NC(=O)[C@H](CC(C)C)NC(=O)[C@@H](CC(C)C)NC(=O)[C@H](C(C)C)NC(=O)[C@@H](Cc2ccccc2)N(C)C(=O)[C@@H]2CCCN2C(=O)[C@@H](CC(C)C)NC(=O)[C@H](CC(C)C)N(C)C(=O)[C@H]2CCCN2C1=O,9,Circle,-5.63,-5.45,,,4.1892,0.185,1,0.5925,0.8266634,0.8455333,0.7826219,0.71046126,0.938161,0.8874,0.61561143,0.7191715,0.8270308,0.7529669
7266,2022_Bhardwaj,2022,D9.5,7266,CC(C)C[C@H]1C(=O)N[C@H](Cc2ccccc2)C(=O)N2CCC[C@H]2C(=O)N[C@H](C(C)C)C(=O)N(C)[C@H](C)C(=O)N[C@H](C(C)C)C(=O)N2CCC[C@H]2C(=O)N[C@H](CC(C)C)C(=O)N[C@H](C(C)C)C(=O)N1C,9,Circle,-5.45,,,,2.3828,0.2749999999999999,1,1.0,0.77903926,0.6913886,0.7715685,0.63034105,0.8741157,0.7867479,0.58399296,0.696557,0.809719,0.68116057
7267,2022_Bhardwaj,2022,D9.6,7267,CC[C@H](C)[C@@H]1NC(=O)[C@H](Cc2ccccc2)N(C)C(=O)[C@H](CC(C)C)N(C)C(=O)[C@@H](C(C)C)NC(=O)[C@@H](C)NC(=O)[C@@H]2CCCN2C(=O)[C@@H](CC(C)C)NC(=O)[C@@H]2CCCN2C(=O)[C@H](C)NC1=O,9,Circle,-5.79,-5.32,,,2.1368,0.1049999999999999,1,0.5525,0.7277347,0.66035545,0.7607425,0.62334317,0.8101091,0.62004495,0.54733664,0.6298276,0.78268266,0.6214098
7268,2022_Bhardwaj,2022,D9.8,7268,CC(C)C[C@@H]1NC(=O)[C@@H](C(C)C)NC(=O)[C@H](CC(C)C)N(C)C(=O)[C@H]2CCCN2C(=O)[C@@H](C(C)C)NC(=O)[C@H]2CCCN2C(=O)[C@@H](C(C)C)NC(=O)[C@@H](Cc2ccccc2)N(C)C(=O)[C@H](CC(C)C)N(C)C1=O,9,Circle,-5.48,,,,3.7512,0.2599999999999998,1,1.0,0.8729992,0.96392155,0.7982468,0.8145454,0.9664405,0.93717664,0.76695424,0.78472066,0.8414878,0.81039673
7269,2022_Bhardwaj,2022,D9.9,7269,CC[C@@H](C)[C@H]1NC(=O)[C@H](CC(C)C)N(C)C(=O)[C@H]2CCCN2C(=O)[C@@H](Cc2ccccc2)N(C)C(=O)[C@@H](Cc2ccccc2)N(C)C(=O)[C@H](CC(C)C)N(C)C(=O)[C@@H](C(C)C)NC(=O)[C@@H]2CCCN2C(=O)[C@H](C)NC1=O,9,Circle,-6.24,,,,4.044,-0.1200000000000001,0,0.4399999999999999,0.89312977,0.9387043,0.85956824,0.851251,0.968174,0.92229706,0.79597193,0.8450008,0.8793336,0.8536335
7270,2022_Bhardwaj,2022,D9.10,7270,CC[C@H](C)[C@@H]1NC(=O)[C@@H](CC(C)C)N(C)C(=O)[C@H](CC(C)C)N(C)C(=O)[C@@H](C)N(C)C(=O)[C@@H](Cc2ccccc2)NC(=O)[C@H](C(C)C)NC(=O)[C@@H](C)NC(=O)[C@@H]2CCCN2C(=O)[C@H]2CCCN2C1=O,9,Circle,-6.08,,,,2.479,-0.04,0,0.48,0.79557824,0.8429052,0.7866632,0.7252983,0.89772594,0.6858239,0.66422147,0.69725835,0.8174902,0.69692683
7271,2022_Bhardwaj,2022,D9.11,7271,CC[C@H](C)[C@@H]1NC(=O)[C@@H](C)N(C)C(=O)[C@@H](C)N(C)C(=O)[C@@H]2CCCN2C(=O)[C@H](CC(C)C)NC(=O)[C@H](CC(C)C)NC(=O)[C@@H](CC(C)C)NC(=O)[C@@H]2CCCN2C(=O)[C@H]2CCCN2C1=O,9,Circle,-6.65,,,,1.7904,-0.3250000000000002,0,0.0,0.696616,0.7825375,0.7072131,0.6372919,0.7928801,0.49368137,0.5901845,0.5641048,0.7590247,0.6492167
7272,2022_Bhardwaj,2022,D9.13,7272,CC[C@H](C)[C@@H]1NC(=O)[C@@H]([C@H](C)CC)NC(=O)[C@H]2CCCN2C(=O)[C@H]([C@@H](C)CC)NC(=O)[C@H](CC(C)C)N(C)C(=O)[C@H]2CCCN2C(=O)[C@@H]2CCCN2C(=O)[C@H](Cc2ccccc2)N(C)C(=O)[C@H](Cc2ccccc2)NC1=O,9,Circle,-5.47,,,,4.236,0.2650000000000001,1,1.0,0.8139471,0.867323,0.829038,0.75813866,0.8947355,0.6985743,0.683124,0.7967394,0.8553103,0.71185625
7273,2022_Bhardwaj,2022,D9.14,7273,CC[C@H](C)[C@@H]1NC(=O)[C@@H](CC(C)C)NC(=O)[C@@H]2CCCN2C(=O)[C@@H]2CCCN2C(=O)[C@@H](CC(C)C)NC(=O)[C@@H]2CCCN2C(=O)[C@H]2CCCN2C(=O)[C@@H](C(C)C)NC(=O)[C@@H](C)N(C)C1=O,9,Circle,-6.23,,,,1.5444,-0.1150000000000002,0,0.4424999999999999,0.64780736,0.6771475,0.6918978,0.63240933,0.6963398,0.21349497,0.55090153,0.5179112,0.75604314,0.59061027
7274,2022_Bhardwaj,2022,D9.15,7274,CC[C@H](C)[C@@H]1NC(=O)[C@@H](C)NC(=O)[C@@H]2CCCN2C(=O)[C@H]2CCCN2C(=O)[C@@H]2CCCN2C(=O)[C@@H](C)NC(=O)[C@@H](Cc2ccccc2)NC(=O)[C@@H](CC(C)C)N(C)C(=O)[C@@H](CC(C)C)N(C)C1=O,9,Circle,-6.07,,,,1.987,-0.0350000000000001,0,0.4824999999999999,0.7189233,0.661482,0.76264936,0.62103254,0.7432819,0.3243496,0.55997074,0.6020066,0.7951794,0.5899415
7275,2022_Bhardwaj,2022,D9.16,7275,CC(C)C[C@@H]1NC(=O)[C@H]2CCCN2C(=O)[C@@H](CC(C)C)NC(=O)[C@@H](CC(C)C)NC(=O)[C@@H](CC(C)C)N(C)C(=O)[C@H](C(C)C)NC(=O)[C@@H](C)NC(=O)[C@@H](C)N(C)C(=O)[C@@H]2CCCN2C1=O,9,Circle,-5.49,-5.61,,,1.9402,0.2549999999999999,1,1.0,0.7224593,0.677773,0.7039017,0.53327435,0.8245155,0.6677774,0.51655513,0.60323024,0.7568435,0.5607584
7276,2022_Bhardwaj,2022,D9.17,7276,CC(C)C[C@@H]1C(=O)N[C@H](C)C(=O)N(C)[C@H](CC(C)C)C(=O)N[C@H](C(C)C)C(=O)N(C)[C@@H](C(C)C)C(=O)N2CCC[C@H]2C(=O)N2CCC[C@@H]2C(=O)N[C@@H](C)C(=O)N(C)[C@@H](Cc2ccccc2)C(=O)N1C,9,Circle,-5.76,,,,2.4311,0.1200000000000001,1,0.56,0.85379416,0.86625606,0.81113285,0.8051035,0.95128465,0.8729597,0.67343813,0.7724398,0.8329096,0.8008594
7277,2022_Bhardwaj,2022,D9.18,7277,CC(C)C[C@H]1NC(=O)[C@@H]2CCCN2C(=O)[C@@H](CC(C)C)N(C)C(=O)[C@@H](CC(C)C)N(C)C(=O)[C@H](C)NC(=O)[C@@H](Cc2ccccc2)NC(=O)[C@@H](CC(C)C)N(C)C(=O)[C@H]2CCCN2C(=O)[C@H]2CCCN2C1=O,9,Circle,-5.75,,,,3.3554,0.125,1,0.5625,0.8465953,0.9341621,0.79612696,0.7729373,0.9445139,0.7260241,0.7637771,0.7550938,0.8446354,0.7445797
7278,2022_Bhardwaj,2022,D9.19,7278,CC(C)C[C@@H]1NC(=O)[C@@H](CC(C)C)NC(=O)[C@@H](CC(C)C)N(C)C(=O)[C@@H](CC(C)C)N(C)C(=O)[C@H](C(C)C)NC(=O)[C@@H](C)N(C)C(=O)[C@@H]2CCCN2C(=O)[C@@H]2CCCN2C(=O)[C@@H](C)N(C)C1=O,9,Circle,-5.89,,,,2.6246,0.0550000000000001,1,0.5275000000000001,0.8475186,0.9218914,0.7574674,0.7987792,0.95450807,0.9103869,0.7238263,0.7396522,0.8070047,0.8036583
7279,2022_Bhardwaj,2022,D9.21,7279,CSCC[C@@H]1NC(=O)[C@H](C(C)C)NC(=O)[C@H]2CCCN2C(=O)[C@@H]2CCCN2C(=O)[C@H](C)NC(=O)[C@@H](C)N(C)C(=O)[C@@H](CC(C)C)N(C)C(=O)[C@@H](C(C)C)NC(=O)[C@@H]2CCCN2C1=O,9,Circle,-6.53,,,,0.7172,-0.2650000000000001,0,0.0,0.6393948,0.8216293,0.69017315,0.4644155,0.74670076,0.7253256,0.50012845,0.55846983,0.7284183,0.55062616
7280,2022_Bhardwaj,2022,D9.22,7280,CC(C)C[C@@H]1NC(=O)[C@@H]2CCCN2C(=O)[C@H]2CCCN2C(=O)[C@@H](C)N(C)C(=O)[C@@H](CC(C)C)N(C)C(=O)[C@H](C(C)C)NC(=O)[C@@H](C)N(C)C(=O)[C@H]2CCCN2C(=O)[C@@H]2CCCN2C1=O,9,Circle,-6.72,,,,1.2026,-0.3599999999999999,0,0.0,0.7593454,0.7516795,0.7284536,0.72422177,0.84575146,0.32683343,0.65232253,0.6291543,0.7908484,0.71623445
7281,2022_Bhardwaj,2022,D9.23,7281,CC[C@@H](C)[C@H]1NC(=O)[C@@H](C)N(C)C(=O)[C@@H]([C@H](C)CC)NC(=O)[C@@H](CC(C)C)NC(=O)[C@@H]2CCCN2C(=O)[C@H]2CCCN2C(=O)[C@@H](C(C)C)NC(=O)[C@H](C)NC(=O)[C@@H]2CCCN2C1=O,9,Circle,-6.85,,,,1.0581,-0.4249999999999998,0,0.0,0.5847882,0.63621294,0.67068,0.48911798,0.52199703,0.18501376,0.5232451,0.4988463,0.7216533,0.4660429
7282,2022_Bhardwaj,2022,D9.24,7282,CSCC[C@H]1C(=O)N(C)[C@H](C)C(=O)N[C@H](CC(C)C)C(=O)N2CCC[C@@H]2C(=O)N2CCC[C@H]2C(=O)N[C@@H](CC(C)C)C(=O)N2CCC[C@H]2C(=O)N2CCC[C@@H]2C(=O)N[C@H](C(C)C)C(=O)N1C,9,Circle,-7.06,,,,1.5936,-0.5299999999999998,0,0.0,0.694399,0.84046584,0.7071442,0.6427313,0.82484,0.7690935,0.60333544,0.58416235,0.76630163,0.63951164
7283,2022_Bhardwaj,2022,D9.25,7283,CC(C)C[C@@H]1C(=O)N(C)[C@H](CC(C)C)C(=O)N[C@H](Cc2ccccc2)C(=O)N2CCC[C@@H]2C(=O)N2CCC[C@@H]2C(=O)N2CCC[C@H]2C(=O)N[C@H](C(C)C)C(=O)N(C)[C@@H](C)C(=O)N(C)[C@@H](C)C(=O)N1C,9,Circle,-5.66,,,,2.2813,0.1699999999999999,1,0.585,0.8487217,0.9152526,0.81260526,0.812886,0.934655,0.7130845,0.7160778,0.7797792,0.83806956,0.82881963
7284,2022_Bhardwaj,2022,D9.26,7284,CC[C@H](C)[C@@H]1NC(=O)[C@@H](C(C)C)NC(=O)[C@@H](CC(C)C)N(C)C(=O)[C@@H]2CCCN2C(=O)[C@@H]2CCCN2C(=O)[C@@H]([C@H](C)CC)NC(=O)[C@H]2CCCN2C(=O)[C@@H](C)NC(=O)[C@@H](CC(C)C)N(C)C1=O,9,Circle,-5.63,,,,2.4265,0.185,1,0.5925,0.73255885,0.8566,0.7147487,0.6689879,0.81472915,0.58684385,0.6261624,0.6118219,0.77112377,0.62759817
7285,2022_Bhardwaj,2022,D9.27,7285,CC(C)C[C@@H]1NC(=O)[C@@H](C)N(C)C(=O)[C@@H](CC(C)C)N(C)C(=O)[C@@H]2CCCN2C(=O)[C@H]2CCCN2C(=O)[C@@H](C)NC(=O)[C@@H]2CCCN2C(=O)[C@H]2CCCN2C(=O)[C@@H](CC(C)C)NC1=O,9,Circle,-7.48,,,,1.2505,-0.7400000000000002,0,0.0,0.69498336,0.79526126,0.70153105,0.6219888,0.7610202,0.26134804,0.59855396,0.5544332,0.7663245,0.62642884
7286,2022_Bhardwaj,2022,D9.28,7286,CSCC[C@@H]1NC(=O)[C@@H](C)N(C)C(=O)[C@@H]2CCCN2C(=O)[C@@H](CC(C)C)NC(=O)[C@H](CC(C)C)N(C)C(=O)[C@H]2CCCN2C(=O)[C@H](CC(C)C)NC(=O)[C@@H](CC(C)C)NC(=O)[C@@H](C)NC1=O,9,Circle,-5.8,,,,2.0373,0.1,1,0.55,0.68156785,0.7884558,0.6878278,0.50372046,0.83995616,0.8966365,0.5087179,0.5681342,0.73945016,0.58895403
7287,2022_Bhardwaj,2022,D9.29,7287,CC(C)C[C@@H]1C(=O)N(C)[C@H](CC(C)C)C(=O)N[C@H](C)C(=O)N[C@@H](C(C)C)C(=O)N2CCC[C@@H]2C(=O)N[C@H](C(C)C)C(=O)N2CCC[C@@H]2C(=O)N2CCC[C@H]2C(=O)N[C@H](C)C(=O)N1C,9,Circle,-5.82,,,,1.0102,0.0899999999999998,1,0.5449999999999999,0.6942082,0.67748904,0.70782155,0.6554529,0.76511383,0.4398656,0.5304456,0.5695346,0.75232226,0.6030653
7288,2022_Bhardwaj,2022,D9.30,7288,CC[C@@H](C)[C@H]1NC(=O)[C@H](CC(C)C)NC(=O)[C@@H](C)N(C)C(=O)[C@@H]2CCCN2C(=O)[C@H](C)NC(=O)[C@@H](CC(C)C)NC(=O)[C@H]2CCCN2C(=O)[C@H](C(C)C)NC(=O)[C@@H](CC(C)C)N(C)C1=O,9,Circle,-5.8,-5.64,,,1.9402,0.1,1,0.55,0.70523995,0.7407358,0.7034323,0.58478653,0.81432474,0.48784554,0.52507293,0.56894255,0.743574,0.6179082
7289,2022_Bhardwaj,2022,D9.31,7289,CSCC[C@@H]1NC(=O)[C@H]2CCCN2C(=O)[C@@H]2CCCN2C(=O)[C@@H](C)NC(=O)[C@H]2CCCN2C(=O)[C@@H](C(C)C)NC(=O)[C@H](C(C)C)NC(=O)[C@@H](Cc2ccccc2)N(C)C(=O)[C@H](C)N(C)C1=O,9,Circle,-7.16,,,,0.9138,-0.5800000000000001,0,0.0,0.6636293,0.6424272,0.7501041,0.49127764,0.74175894,0.729475,0.4994785,0.6206427,0.77502364,0.53141886
7290,2022_Bhardwaj,2022,D9.32,7290,CC(C)C[C@@H]1NC(=O)[C@H](Cc2ccccc2)N(C)C(=O)[C@H]2CCCN2C(=O)[C@@H](CC(C)C)NC(=O)[C@@H](CC(C)C)NC(=O)[C@H](C)NC(=O)[C@H]2CCCN2C(=O)[C@@H]2CCCN2C(=O)[C@@H](C(C)C)NC1=O,9,Circle,-6.62,,,,2.2809,-0.31,0,0.0,0.708962,0.6500337,0.73976445,0.60387224,0.79662925,0.5110213,0.5406195,0.62495196,0.78938514,0.57993823
7291,2022_Bhardwaj,2022,D9.33,7291,CC[C@H](C)[C@@H]1NC(=O)CNC(=O)[C@@H]2CCCN2C(=O)[C@H]2CCCN2C(=O)[C@H]([C@@H](C)CC)NC(=O)[C@@H](C)N(C)C(=O)[C@@H]2CCCN2C(=O)[C@H](C(C)C)NC(=O)[C@@H](CC(C)C)NC1=O,9,Circle,-6.5,,,,0.6696,-0.25,0,0.375,0.55443263,0.53038156,0.6599664,0.45600417,0.4785465,0.20481275,0.43447462,0.4477656,0.72306097,0.4454989
7292,2022_Bhardwaj,2022,D9.39,7292,CC[C@H](C)[C@@H]1NC(=O)[C@H]2CCCN2C(=O)[C@H](CC(C)C)N(C)C(=O)[C@H](CC(C)C)NC(=O)[C@H](C(C)C)NC(=O)[C@@H]2CCCN2C(=O)[C@H](CC(C)C)N(C)C(=O)[C@H](C(C)C)NC(=O)[C@@H](C(C)C)NC1=O,9,Circle,-6.33,,,,3.2124,-0.165,0,0.4175,0.7952115,0.9129932,0.72833574,0.69267344,0.9214772,0.86559415,0.6705543,0.635549,0.79351044,0.7569257
7293,2022_Bhardwaj,2022,D9.40,7293,CSCC[C@@H]1NC(=O)[C@H]2CCCN2C(=O)[C@H](C(C)C)NC(=O)[C@@H](CC(C)C)N(C)C(=O)[C@H](Cc2ccccc2)NC(=O)[C@H](CC(C)C)NC(=O)[C@@H](CC(C)C)N(C)C(=O)[C@@H]2CCCN2C(=O)[C@@H](CC(C)C)NC1=O,9,Circle,-6.62,,,,3.8962,-0.31,0,0.0,0.80239993,0.79515284,0.77078754,0.58831733,0.9509219,0.97597367,0.54090726,0.6894539,0.81421983,0.7209491
7294,2022_Bhardwaj,2022,D9.41,7294,CC[C@@H](C)[C@H]1NC(=O)[C@H](Cc2ccccc2)NC(=O)[C@@H](C)NC(=O)[C@@H](CC(C)C)N(C)C(=O)[C@@H]2CCCN2C(=O)[C@H](C)NC(=O)[C@H]2CCCN2C(=O)[C@@H]2CCCN2C(=O)[C@@H](Cc2ccccc2)NC1=O,9,Circle,-5.46,,,,1.8414,0.27,1,1.0,0.66139746,0.45938164,0.7895478,0.4770022,0.57348317,0.20884417,0.46783403,0.59625894,0.8151965,0.51351184
7295,2022_Bhardwaj,2022,D9.42,7295,CC[C@H](C)[C@@H]1NC(=O)[C@H]2CCCN2C(=O)[C@@H]2CCCN2C(=O)[C@H](C(C)C)NC(=O)[C@@H](C(C)C)NC(=O)[C@H](Cc2ccccc2)N(C)C(=O)[C@H]2CCCN2C(=O)[C@@H](CC(C)C)N(C)C(=O)[C@@H](CC(C)C)NC1=O,9,Circle,-5.95,,,,3.2592,0.0249999999999999,1,0.5125,0.8057548,0.8566567,0.7851862,0.7090612,0.91017324,0.76873446,0.6697766,0.68477106,0.8304077,0.7518994
7296,2022_Bhardwaj,2022,D9.43,7296,CC(C)C[C@H]1NC(=O)[C@H](C(C)C)NC(=O)[C@@H](CC(C)C)N(C)C(=O)[C@@H]2CCCN2C(=O)CNC(=O)[C@@H]2CCCN2C(=O)[C@H](C(C)C)NC(=O)[C@H](Cc2ccccc2)N(C)C(=O)[C@@H](CC(C)C)N(C)C1=O,9,Circle,-5.67,,,,2.7266,0.165,1,0.5825,0.8296873,0.9512279,0.7769664,0.74392253,0.93382686,0.83124256,0.69873154,0.69547963,0.830342,0.7442098
