CycPeptMPDB_ID,Source,Year,Original_Name_in_Source_Literature,Structurally_Unique_ID,SMILES,Monomer_Length,Molecule_Shape,PAMPA,Caco2,MDCK,RRCK,MolLogP,Scaffold,Pred_123,True_123
1045,2015_Wang,2015,Compound.1,5,CC(C)C[C@@H]1NC(=O)[C@H](Cc2ccc(O)cc2)NC(=O)[C@@H]2CCCN2C(=O)[C@@H](CC(C)C)NC(=O)[C@@H](CC(C)C)NC(=O)[C@@H](CC(C)C)NC1=O,6,Circle,-5.79,-5.84,,,2.5477,O=C1CNC(=O)CNC(=O)C(Cc2ccccc2)NC(=O)C2CCCN2C(=O)CNC(=O)CN1,-6.049567335608037,-5.79
1047,2015_Wang,2015,Compound.3,1047,CC(C)C[C@@H]1NC(=O)[C@@H](CC(C)C)NC(=O)[C@@H](CC(C)C)NC(=O)[C@@H](CC(C)C)NC(=O)[C@H](Cc2ccc(O)cc2)NC(=O)[C@@H]2CCCN2C1=O,6,Circle,-6.96,-6.85,,,2.5477,O=C1CNC(=O)CNC(=O)C(Cc2ccccc2)NC(=O)C2CCCN2C(=O)CNC(=O)CN1,-6.295856897316993,-6.96
1048,2015_Wang,2015,Compound.4,2,CC(C)C[C@@H]1NC(=O)[C@@H](CC(C)C)NC(=O)[C@@H](CC(C)C)NC(=O)[C@H](Cc2ccc(O)cc2)NC(=O)[C@@H]2CCCN2C(=O)[C@@H](CC(C)C)NC1=O,6,Circle,-5.46,-4.92,,,2.5477,O=C1CNC(=O)CNC(=O)C(Cc2ccccc2)NC(=O)C2CCCN2C(=O)CNC(=O)CN1,-5.710092918902346,-5.46
1049,2015_Wang,2015,Compound.5,10,CC(C)C[C@@H]1NC(=O)[C@H](Cc2ccc(O)cc2)NC(=O)[C@H]2CCCN2C(=O)[C@H](CC(C)C)NC(=O)[C@H](CC(C)C)NC(=O)[C@@H](CC(C)C)NC1=O,6,Circle,-5.91,-5.91,,,2.5477,O=C1CNC(=O)CNC(=O)C(Cc2ccccc2)NC(=O)C2CCCN2C(=O)CNC(=O)CN1,-5.97443588919065,-5.91
1050,2015_Wang,2015,Compound.6,1050,CC(C)C[C@@H]1NC(=O)[C@@H](CC(C)C)N(C)C(=O)[C@H](CC(C)C)NC(=O)[C@H](Cc2ccc(O)cc2)NC(=O)[C@H]2CCCN2C(=O)[C@H](CC(C)C)NC1=O,6,Circle,-6.11,-5.77,,,2.8899,O=C1CNC(=O)CNC(=O)C(Cc2ccccc2)NC(=O)C2CCCN2C(=O)CNC(=O)CN1,-5.479652217727258,-6.11
1051,2015_Wang,2015,Compound.7,1051,CC(C)C[C@@H]1NC(=O)[C@H](Cc2ccc(O)cc2)NC(=O)[C@H]2CCCN2C(=O)[C@H](CC(C)C)NC(=O)[C@H](CC(C)C)N(C)C(=O)[C@@H](CC(C)C)NC1=O,6,Circle,-6.12,-5.11,,,2.8899,O=C1CNC(=O)CNC(=O)C(Cc2ccccc2)NC(=O)C2CCCN2C(=O)CNC(=O)CN1,-5.751828651091609,-6.12
1052,2015_Wang,2015,Compound.8,1052,CC(C)C[C@@H]1NC(=O)[C@H](Cc2ccc(O)cc2)N(C)C(=O)[C@H]2CCCN2C(=O)[C@H](CC(C)C)NC(=O)[C@H](CC(C)C)NC(=O)[C@@H](CC(C)C)NC1=O,6,Circle,-5.89,-5.04,,,2.8899,O=C1CNC(=O)CNC(=O)C(Cc2ccccc2)NC(=O)C2CCCN2C(=O)CNC(=O)CN1,-6.379188540288918,-5.89
1053,2015_Wang,2015,Compound.9,1053,CC(C)C[C@@H]1NC(=O)[C@H](Cc2ccc(O)cc2)NC(=O)[C@H]2CCCN2C(=O)[C@H](CC(C)C)NC(=O)[C@H](CC(C)C)N(C)C(=O)[C@@H](CC(C)C)N(C)C1=O,6,Circle,-6.02,-4.97,,,3.2321,O=C1CNC(=O)CNC(=O)C(Cc2ccccc2)NC(=O)C2CCCN2C(=O)CNC(=O)CN1,-5.5947804477430445,-6.02
1054,2015_Wang,2015,Compound.10,1054,CC(C)C[C@@H]1NC(=O)[C@@H](CC(C)C)N(C)C(=O)[C@H](CC(C)C)NC(=O)[C@H](Cc2ccc(O)cc2)N(C)C(=O)[C@H]2CCCN2C(=O)[C@H](CC(C)C)NC1=O,6,Circle,-5.82,-5.11,,,3.2321,O=C1CNC(=O)CNC(=O)C(Cc2ccccc2)NC(=O)C2CCCN2C(=O)CNC(=O)CN1,-5.677233672513005,-5.82
1055,2015_Wang,2015,Compound.11,1055,CC(C)C[C@@H]1NC(=O)[C@H](Cc2ccc(O)cc2)N(C)C(=O)[C@H]2CCCN2C(=O)[C@H](CC(C)C)NC(=O)[C@H](CC(C)C)N(C)C(=O)[C@@H](CC(C)C)NC1=O,6,Circle,-5.88,-4.95,,,3.2321,O=C1CNC(=O)CNC(=O)C(Cc2ccccc2)NC(=O)C2CCCN2C(=O)CNC(=O)CN1,-6.3126473163687775,-5.88
1056,2015_Wang,2015,Compound.12,25,CC(C)C[C@@H]1NC(=O)[C@H](Cc2ccc(O)cc2)N(C)C(=O)[C@H]2CCCN2C(=O)[C@H](CC(C)C)NC(=O)[C@H](CC(C)C)N(C)C(=O)[C@@H](CC(C)C)N(C)C1=O,6,Circle,-6.24,-4.8,,,3.5743,O=C1CNC(=O)CNC(=O)C(Cc2ccccc2)NC(=O)C2CCCN2C(=O)CNC(=O)CN1,-6.626036987896607,-6.24
1057,2015_Wang,2015,Compound.13,1057,CC(C)C[C@H]1C(=O)N(C)[C@H](CC(C)C)C(=O)N[C@H](CC(C)C)C(=O)N[C@H](CC(C)C)C(=O)N2CCC[C@H]2C(=O)N[C@@H](Cc2ccc(O)cc2)C(=O)N1C,6,Circle,-5.42,-4.66,,,3.2321,O=C1CNC(=O)CNC(=O)C(Cc2ccccc2)NC(=O)C2CCCN2C(=O)CNC(=O)CN1,-5.722242274901833,-5.42
1059,2015_Wang,2015,Compound.15,1059,CC(C)C[C@H]1C(=O)N2CCC[C@H]2C(=O)N[C@@H](Cc2ccc(O)cc2)C(=O)N(C)[C@H](CC(C)C)C(=O)N(C)[C@H](CC(C)C)C(=O)N[C@H](CC(C)C)C(=O)N1C,6,Circle,-5.73,-4.79,,,3.5743,O=C1CNC(=O)CNC(=O)C(Cc2ccccc2)NC(=O)C2CCCN2C(=O)CNC(=O)CN1,-5.607819630838305,-5.73
1060,2015_Wang,2015,Compound.16,1060,CC(C)C[C@@H]1NC(=O)[C@@H](CC(C)C)N(C)C(=O)[C@@H](CC(C)C)N(C)C(=O)[C@H](Cc2ccc(O)cc2)NC(=O)[C@@H]2CCCN2C(=O)[C@@H](CC(C)C)N(C)C1=O,6,Circle,-7.0,-4.83,,,3.5743,O=C1CNC(=O)CNC(=O)C(Cc2ccccc2)NC(=O)C2CCCN2C(=O)CNC(=O)CN1,-5.924567098039465,-7.0
1061,2015_Wang,2015,Compound.17,1061,CC(C)C[C@@H]1NC(=O)[C@H](CC(C)C)N(C)C(=O)[C@@H](CC(C)C)N(C)C(=O)[C@H](CC(C)C)N(C)C(=O)[C@H](Cc2ccc(O)cc2)N(C)C(=O)[C@H]2CCCN2C1=O,6,Circle,-5.82,-4.8,,,3.9165,O=C1CNC(=O)CNC(=O)C(Cc2ccccc2)NC(=O)C2CCCN2C(=O)CNC(=O)CN1,-5.562905364178718,-5.82
1063,2015_Wang,2015,Compound.19,1063,CC(C)C[C@@H]1NC(=O)[C@@H](CC(C)C)N(C)C(=O)[C@@H](CC(C)C)N(C)C(=O)[C@H](Cc2ccc(O)cc2)NC(=O)[C@@H]2CCCN2C(=O)[C@@H](CC(C)C)NC1=O,6,Circle,-6.17,-4.93,,,3.2321,O=C1CNC(=O)CNC(=O)C(Cc2ccccc2)NC(=O)C2CCCN2C(=O)CNC(=O)CN1,-5.611414981332641,-6.17
1064,2015_Wang,2015,Compound.20,1064,CC(C)C[C@@H]1NC(=O)[C@H](CC(C)C)NC(=O)[C@@H](CC(C)C)NC(=O)[C@H](Cc2ccc(O)cc2)NC(=O)[C@@H]2CCCN2C(=O)[C@H](CC(C)C)NC1=O,6,Circle,-6.23,-6.43,,,2.5477,O=C1CNC(=O)CNC(=O)C(Cc2ccccc2)NC(=O)C2CCCN2C(=O)CNC(=O)CN1,-6.2921366069439655,-6.23
1065,2015_Wang,2015,Compound.21,1065,CC(C)C[C@@H]1NC(=O)[C@H](CC(C)C)N(C)C(=O)[C@@H](CC(C)C)N(C)C(=O)[C@H](Cc2ccc(O)cc2)NC(=O)[C@@H]2CCCN2C(=O)[C@H](CC(C)C)N(C)C1=O,6,Circle,-5.64,-4.86,,,3.5743,O=C1CNC(=O)CNC(=O)C(Cc2ccccc2)NC(=O)C2CCCN2C(=O)CNC(=O)CN1,-5.924567098039465,-5.64
1066,2015_Wang,2015,Compound.22,9,CC(C)C[C@@H]1NC(=O)[C@H](Cc2ccc(O)cc2)NC(=O)[C@H]2CCCN2C(=O)[C@@H](CC(C)C)NC(=O)[C@H](CC(C)C)NC(=O)[C@@H](CC(C)C)NC1=O,6,Circle,-6.96,-6.23,,,2.5477,O=C1CNC(=O)CNC(=O)C(Cc2ccccc2)NC(=O)C2CCCN2C(=O)CNC(=O)CN1,-5.997870123490021,-6.96
2307,2018_Naylor,2018,1NMe3-23Ala6F(13),2307,CC(C)C[C@@H]1NC(=O)[C@H](Cc2ccccc2)N(C)C(=O)[C@H]2CCCN2C(=O)[C@H](CC(C)C)NC(=O)[C@H](C)N(C)C(=O)[C@@H](C)N(C)C1=O,6,Circle,-5.08,,,-4.73,1.8163,O=C1CNC(=O)CNC(=O)C(Cc2ccccc2)NC(=O)C2CCCN2C(=O)CNC(=O)CN1,-6.068472455584647,-5.08
2308,2018_Naylor,2018,1NMe3-2Ala3Abu6F(14),2308,CC[C@H]1C(=O)N[C@@H](CC(C)C)C(=O)N2CCC[C@@H]2C(=O)N(C)[C@@H](Cc2ccccc2)C(=O)N[C@@H](CC(C)C)C(=O)N(C)[C@H](C)C(=O)N1C,6,Circle,-4.87,,,-4.62,2.2064,O=C1CNC(=O)CNC(=O)C(Cc2ccccc2)NC(=O)C2CCCN2C(=O)CNC(=O)CN1,-6.359559288661866,-4.87
2310,2018_Naylor,2018,1NMe3-23Abu6F(16),2310,CC[C@H]1C(=O)N[C@@H](CC(C)C)C(=O)N2CCC[C@@H]2C(=O)N(C)[C@@H](Cc2ccccc2)C(=O)N[C@@H](CC(C)C)C(=O)N(C)[C@H](CC)C(=O)N1C,6,Circle,-4.98,,,-4.49,2.5965,O=C1CNC(=O)CNC(=O)C(Cc2ccccc2)NC(=O)C2CCCN2C(=O)CNC(=O)CN1,-6.0722060785408765,-4.98
2311,2018_Naylor,2018,1NMe3-2Ala6F(17),2311,CC(C)C[C@@H]1NC(=O)[C@H](Cc2ccccc2)N(C)C(=O)[C@H]2CCCN2C(=O)[C@H](CC(C)C)NC(=O)[C@H](CC(C)C)N(C)C(=O)[C@@H](C)N(C)C1=O,6,Circle,-5.03,,,-4.52,2.8425,O=C1CNC(=O)CNC(=O)C(Cc2ccccc2)NC(=O)C2CCCN2C(=O)CNC(=O)CN1,-5.7996791506344785,-5.03
2312,2018_Naylor,2018,1NMe3-3Ala6F(18),2312,CC(C)C[C@@H]1NC(=O)[C@H](Cc2ccccc2)N(C)C(=O)[C@H]2CCCN2C(=O)[C@H](CC(C)C)NC(=O)[C@H](C)N(C)C(=O)[C@@H](CC(C)C)N(C)C1=O,6,Circle,-5.16,,,-4.64,2.8425,O=C1CNC(=O)CNC(=O)C(Cc2ccccc2)NC(=O)C2CCCN2C(=O)CNC(=O)CN1,-5.534351884278604,-5.16
2313,2018_Naylor,2018,1NMe3-2Abu6F(19),2313,CC[C@@H]1C(=O)N(C)[C@@H](CC(C)C)C(=O)N[C@@H](CC(C)C)C(=O)N2CCC[C@@H]2C(=O)N(C)[C@@H](Cc2ccccc2)C(=O)N[C@@H](CC(C)C)C(=O)N1C,6,Circle,-5.36,,,-4.51,3.2326,O=C1CNC(=O)CNC(=O)C(Cc2ccccc2)NC(=O)C2CCCN2C(=O)CNC(=O)CN1,-7.266790843475977,-5.36
2315,2018_Naylor,2018,1NMe3-6F(21),2315,CC(C)C[C@@H]1NC(=O)[C@H](Cc2ccccc2)N(C)C(=O)[C@H]2CCCN2C(=O)[C@H](CC(C)C)NC(=O)[C@H](CC(C)C)N(C)C(=O)[C@@H](CC(C)C)N(C)C1=O,6,Circle,-6.16,,,-4.71,3.8687,O=C1CNC(=O)CNC(=O)C(Cc2ccccc2)NC(=O)C2CCCN2C(=O)CNC(=O)CN1,-6.279443729577917,-6.16
2322,2018_Naylor,2018,1NMe3-23Ala(28),2322,CC(C)C[C@@H]1NC(=O)[C@H](Cc2ccc(O)cc2)N(C)C(=O)[C@H]2CCCN2C(=O)[C@H](CC(C)C)NC(=O)[C@H](C)N(C)C(=O)[C@@H](C)N(C)C1=O,6,Circle,-5.49,,,-5.66,1.5219,O=C1CNC(=O)CNC(=O)C(Cc2ccccc2)NC(=O)C2CCCN2C(=O)CNC(=O)CN1,-6.028885359533545,-5.49
2323,2018_Naylor,2018,1NMe3-2Ala3Abu(29),2323,CC[C@H]1C(=O)N[C@@H](CC(C)C)C(=O)N2CCC[C@@H]2C(=O)N(C)[C@@H](Cc2ccc(O)cc2)C(=O)N[C@@H](CC(C)C)C(=O)N(C)[C@H](C)C(=O)N1C,6,Circle,-5.38,,,-5.35,1.912,O=C1CNC(=O)CNC(=O)C(Cc2ccccc2)NC(=O)C2CCCN2C(=O)CNC(=O)CN1,-6.475332562543789,-5.38
2324,2018_Naylor,2018,1NMe3-23Abu(30),2324,CC[C@H]1C(=O)N[C@@H](CC(C)C)C(=O)N2CCC[C@@H]2C(=O)N(C)[C@@H](Cc2ccc(O)cc2)C(=O)N[C@@H](CC(C)C)C(=O)N(C)[C@H](CC)C(=O)N1C,6,Circle,-5.1,,,-4.78,2.3021,O=C1CNC(=O)CNC(=O)C(Cc2ccccc2)NC(=O)C2CCCN2C(=O)CNC(=O)CN1,-6.840227860050252,-5.1
2325,2018_Naylor,2018,1NMe3-2Ala(31),2325,CC(C)C[C@@H]1NC(=O)[C@H](Cc2ccc(O)cc2)N(C)C(=O)[C@H]2CCCN2C(=O)[C@H](CC(C)C)NC(=O)[C@H](CC(C)C)N(C)C(=O)[C@@H](C)N(C)C1=O,6,Circle,-5.26,,,-4.92,2.5481,O=C1CNC(=O)CNC(=O)C(Cc2ccccc2)NC(=O)C2CCCN2C(=O)CNC(=O)CN1,-5.938420859497322,-5.26
2326,2018_Naylor,2018,1NMe3-3Ala(32),36,CC(C)C[C@@H]1NC(=O)[C@H](Cc2ccc(O)cc2)N(C)C(=O)[C@H]2CCCN2C(=O)[C@H](CC(C)C)NC(=O)[C@H](C)N(C)C(=O)[C@@H](CC(C)C)N(C)C1=O,6,Circle,-5.03,,,-5.19,2.5481,O=C1CNC(=O)CNC(=O)C(Cc2ccccc2)NC(=O)C2CCCN2C(=O)CNC(=O)CN1,-5.959433343730549,-5.03
2327,2018_Naylor,2018,1NMe3-2Abu(33),2327,CC[C@@H]1C(=O)N(C)[C@@H](CC(C)C)C(=O)N[C@@H](CC(C)C)C(=O)N2CCC[C@@H]2C(=O)N(C)[C@@H](Cc2ccc(O)cc2)C(=O)N[C@@H](CC(C)C)C(=O)N1C,6,Circle,-5.09,,,-4.79,2.9382,O=C1CNC(=O)CNC(=O)C(Cc2ccccc2)NC(=O)C2CCCN2C(=O)CNC(=O)CN1,-6.792712598776834,-5.09
2334,2018_Naylor,2018,1NMe3perNH-23Ala6F(40),2334,CC(C)C[C@@H]1NC(=O)[C@H](Cc2ccccc2)NC(=O)[C@H]2CCCN2C(=O)[C@H](CC(C)C)NC(=O)[C@H](C)NC(=O)[C@@H](C)NC1=O,6,Circle,-6.14,,,-5.58,0.7897,O=C1CNC(=O)CNC(=O)C(Cc2ccccc2)NC(=O)C2CCCN2C(=O)CNC(=O)CN1,-6.438518410624295,-6.14
2335,2018_Naylor,2018,1NMe3perNH-2Abu3Ala6F(41),2335,CC[C@H]1NC(=O)[C@H](CC(C)C)NC(=O)[C@H](Cc2ccccc2)NC(=O)[C@H]2CCCN2C(=O)[C@H](CC(C)C)NC(=O)[C@H](C)NC1=O,6,Circle,-6.14,,,-5.53,1.1798,O=C1CNC(=O)CNC(=O)C(Cc2ccccc2)NC(=O)C2CCCN2C(=O)CNC(=O)CN1,-6.455006027641215,-6.14
2336,2018_Naylor,2018,1NMe3perNH-23Abu6F(42),2336,CC[C@@H]1NC(=O)[C@@H](CC)NC(=O)[C@H](CC(C)C)NC(=O)[C@H](Cc2ccccc2)NC(=O)[C@H]2CCCN2C(=O)[C@H](CC(C)C)NC1=O,6,Circle,-5.87,,,-5.39,1.5699,O=C1CNC(=O)CNC(=O)C(Cc2ccccc2)NC(=O)C2CCCN2C(=O)CNC(=O)CN1,-6.267533339937756,-5.87
2337,2018_Naylor,2018,1NMe3perNH-3Abu6F(43),2337,CC[C@@H]1NC(=O)[C@@H](CC(C)C)NC(=O)[C@H](CC(C)C)NC(=O)[C@H](Cc2ccccc2)NC(=O)[C@H]2CCCN2C(=O)[C@H](CC(C)C)NC1=O,6,Circle,-5.37,,,-5.12,2.206,O=C1CNC(=O)CNC(=O)C(Cc2ccccc2)NC(=O)C2CCCN2C(=O)CNC(=O)CN1,-6.101811625003314,-5.37
2338,2018_Naylor,2018,1NMe3perNH-6F(44),2338,CC(C)C[C@@H]1NC(=O)[C@H](Cc2ccccc2)NC(=O)[C@H]2CCCN2C(=O)[C@H](CC(C)C)NC(=O)[C@H](CC(C)C)NC(=O)[C@@H](CC(C)C)NC1=O,6,Circle,-4.99,,,-5.06,2.8421,O=C1CNC(=O)CNC(=O)C(Cc2ccccc2)NC(=O)C2CCCN2C(=O)CNC(=O)CN1,-5.279748744928105,-4.99
2344,2018_Naylor,2018,1NMe3perNH-2Ala6Y(50),2344,CC(C)C[C@@H]1NC(=O)[C@H](Cc2ccc(O)cc2)NC(=O)[C@H]2CCCN2C(=O)[C@H](CC(C)C)NC(=O)[C@H](CC(C)C)NC(=O)[C@@H](C)NC1=O,6,Circle,-6.51,,,-6.09,1.5215,O=C1CNC(=O)CNC(=O)C(Cc2ccccc2)NC(=O)C2CCCN2C(=O)CNC(=O)CN1,-6.659088669846622,-6.51
2345,2018_Naylor,2018,1NMe3perNH-2Abu6Y(51),2345,CC[C@H]1NC(=O)[C@H](CC(C)C)NC(=O)[C@H](Cc2ccc(O)cc2)NC(=O)[C@H]2CCCN2C(=O)[C@H](CC(C)C)NC(=O)[C@H](CC(C)C)NC1=O,6,Circle,-6.26,,,-6.04,1.9116,O=C1CNC(=O)CNC(=O)C(Cc2ccccc2)NC(=O)C2CCCN2C(=O)CNC(=O)CN1,-5.696172569477415,-6.26
2361,2018_Naylor,2018,1NMe3-1Ala6F(68),2361,CC(C)C[C@@H]1NC(=O)[C@H](CC(C)C)N(C)C(=O)[C@@H](CC(C)C)N(C)C(=O)[C@H](C)NC(=O)[C@H](Cc2ccccc2)N(C)C(=O)[C@H]2CCCN2C1=O,6,Circle,-5.03,,,-4.6,2.8425,O=C1CNC(=O)CNC(=O)C(Cc2ccccc2)NC(=O)C2CCCN2C(=O)CNC(=O)CN1,-5.527371773148783,-5.03
2362,2018_Naylor,2018,1NMe3-4Ala6F(69),2362,CC(C)C[C@@H]1NC(=O)[C@H](Cc2ccccc2)N(C)C(=O)[C@H]2CCCN2C(=O)[C@H](C)NC(=O)[C@H](CC(C)C)N(C)C(=O)[C@@H](CC(C)C)N(C)C1=O,6,Circle,-5.0,,,-4.59,2.8425,O=C1CNC(=O)CNC(=O)C(Cc2ccccc2)NC(=O)C2CCCN2C(=O)CNC(=O)CN1,-5.488757214509735,-5.0
2364,2018_Naylor,2018,1NMe3-14Ala6F(71),2364,CC(C)C[C@H]1C(=O)N[C@@H](C)C(=O)N2CCC[C@@H]2C(=O)N(C)[C@@H](Cc2ccccc2)C(=O)N[C@@H](C)C(=O)N(C)[C@H](CC(C)C)C(=O)N1C,6,Circle,-5.1,,,-4.57,1.8163,O=C1CNC(=O)CNC(=O)C(Cc2ccccc2)NC(=O)C2CCCN2C(=O)CNC(=O)CN1,-5.762583790301758,-5.1
1143,2016_Furukawa,2016,1.1-10,1143,CCCC[C@@H]1NC(=O)[C@H](CC(C)C)N(C)C(=O)CN(CCOc2ccccc2)C(=O)[C@H](C)NC(=O)CN(CC)C(=O)[C@H]2CCCN2C1=O,6,Circle,-5.46,,,,1.7999,O=C1CNC(=O)CN(CCOc2ccccc2)C(=O)CNC(=O)CNC(=O)C2CCCN2C(=O)CN1,-5.532923457463161,-5.46
1153,2016_Furukawa,2016,1.1-20,1153,CCCC[C@@H]1NC(=O)[C@H](CC(C)C)N(C)C(=O)CN(CCOc2ccccc2)C(=O)[C@H](CC(C)C)NC(=O)CN(CC)C(=O)[C@H]2CCCN2C1=O,6,Circle,-5.19,,,,2.8261,O=C1CNC(=O)CN(CCOc2ccccc2)C(=O)CNC(=O)CNC(=O)C2CCCN2C(=O)CN1,-5.270135094690289,-5.19
1183,2016_Furukawa,2016,1.2-10,1183,CCCC[C@@H]1NC(=O)[C@H](CC(C)C)N(C)C(=O)CN(CCOc2ccccc2)C(=O)[C@H](C)NC(=O)CN(CCC)C(=O)[C@H]2CCCN2C1=O,6,Circle,-5.22,,,,2.19,O=C1CNC(=O)CN(CCOc2ccccc2)C(=O)CNC(=O)CNC(=O)C2CCCN2C(=O)CN1,-5.3884390277720975,-5.22
1193,2016_Furukawa,2016,1.2-20,1193,CCCC[C@@H]1NC(=O)[C@H](CC(C)C)N(C)C(=O)CN(CCOc2ccccc2)C(=O)[C@H](CC(C)C)NC(=O)CN(CCC)C(=O)[C@H]2CCCN2C1=O,6,Circle,-5.59,,,,3.2162,O=C1CNC(=O)CN(CCOc2ccccc2)C(=O)CNC(=O)CNC(=O)C2CCCN2C(=O)CN1,-5.230686970624496,-5.59
1223,2016_Furukawa,2016,1.3-10,1223,CCCC[C@@H]1NC(=O)[C@H](CC(C)C)N(C)C(=O)CN(CCOc2ccccc2)C(=O)[C@H](C)NC(=O)CN(CC(C)C)C(=O)[C@H]2CCCN2C1=O,6,Circle,-5.05,,,,2.436,O=C1CNC(=O)CN(CCOc2ccccc2)C(=O)CNC(=O)CNC(=O)C2CCCN2C(=O)CN1,-4.967657438826303,-5.05
1233,2016_Furukawa,2016,1.3-20,1233,CCCC[C@@H]1NC(=O)[C@H](CC(C)C)N(C)C(=O)CN(CCOc2ccccc2)C(=O)[C@H](CC(C)C)NC(=O)CN(CC(C)C)C(=O)[C@H]2CCCN2C1=O,6,Circle,-5.89,,,,3.4622,O=C1CNC(=O)CN(CCOc2ccccc2)C(=O)CNC(=O)CNC(=O)C2CCCN2C(=O)CN1,-5.963116734243383,-5.89
1263,2016_Furukawa,2016,1.4-10,1263,CCCC[C@@H]1NC(=O)[C@H](CC(C)C)N(C)C(=O)CN(CCOc2ccccc2)C(=O)[C@H](C)NC(=O)CN(CCCOC(C)C)C(=O)[C@H]2CCCN2C1=O,6,Circle,-5.06,,,,2.5951,O=C1CNC(=O)CN(CCOc2ccccc2)C(=O)CNC(=O)CNC(=O)C2CCCN2C(=O)CN1,-4.781174222830928,-5.06
1273,2016_Furukawa,2016,1.4-20,1273,CCCC[C@@H]1NC(=O)[C@H](CC(C)C)N(C)C(=O)CN(CCOc2ccccc2)C(=O)[C@H](CC(C)C)NC(=O)CN(CCCOC(C)C)C(=O)[C@H]2CCCN2C1=O,6,Circle,-5.5,,,,3.6213,O=C1CNC(=O)CN(CCOc2ccccc2)C(=O)CNC(=O)CNC(=O)C2CCCN2C(=O)CN1,-5.543465675069739,-5.5
1136,2016_Furukawa,2016,1.1-03,1136,CCCC[C@@H]1NC(=O)[C@H](CC(C)C)N(C)C(=O)CN(Cc2ccccc2)C(=O)[C@H](C)NC(=O)CN(CC)C(=O)[C@H]2CCCN2C1=O,6,Circle,-5.45,,,,1.9211,O=C1CNC(=O)CN(Cc2ccccc2)C(=O)CNC(=O)CNC(=O)C2CCCN2C(=O)CN1,-5.409993875827185,-5.45
1146,2016_Furukawa,2016,1.1-13,1146,CCCC[C@@H]1NC(=O)[C@H](CC(C)C)N(C)C(=O)CN(Cc2ccccc2)C(=O)[C@H](CC(C)C)NC(=O)CN(CC)C(=O)[C@H]2CCCN2C1=O,6,Circle,-4.99,,,,2.9473,O=C1CNC(=O)CN(Cc2ccccc2)C(=O)CNC(=O)CNC(=O)C2CCCN2C(=O)CN1,-5.387228719019886,-4.99
1176,2016_Furukawa,2016,1.2-03,1176,CCCC[C@@H]1NC(=O)[C@H](CC(C)C)N(C)C(=O)CN(Cc2ccccc2)C(=O)[C@H](C)NC(=O)CN(CCC)C(=O)[C@H]2CCCN2C1=O,6,Circle,-5.12,,,,2.3112,O=C1CNC(=O)CN(Cc2ccccc2)C(=O)CNC(=O)CNC(=O)C2CCCN2C(=O)CN1,-5.941318951699114,-5.12
1186,2016_Furukawa,2016,1.2-13,1186,CCCC[C@@H]1NC(=O)[C@H](CC(C)C)N(C)C(=O)CN(Cc2ccccc2)C(=O)[C@H](CC(C)C)NC(=O)CN(CCC)C(=O)[C@H]2CCCN2C1=O,6,Circle,-5.2,,,,3.3374,O=C1CNC(=O)CN(Cc2ccccc2)C(=O)CNC(=O)CNC(=O)C2CCCN2C(=O)CN1,-4.980640460184452,-5.2
1216,2016_Furukawa,2016,1.3-03,1216,CCCC[C@@H]1NC(=O)[C@H](CC(C)C)N(C)C(=O)CN(Cc2ccccc2)C(=O)[C@H](C)NC(=O)CN(CC(C)C)C(=O)[C@H]2CCCN2C1=O,6,Circle,-4.98,-5.41,,,2.5572,O=C1CNC(=O)CN(Cc2ccccc2)C(=O)CNC(=O)CNC(=O)C2CCCN2C(=O)CN1,-5.181377098682685,-4.98
1226,2016_Furukawa,2016,1.3-13,1226,CCCC[C@@H]1NC(=O)[C@H](CC(C)C)N(C)C(=O)CN(Cc2ccccc2)C(=O)[C@H](CC(C)C)NC(=O)CN(CC(C)C)C(=O)[C@H]2CCCN2C1=O,6,Circle,-5.44,,,,3.5834,O=C1CNC(=O)CN(Cc2ccccc2)C(=O)CNC(=O)CNC(=O)C2CCCN2C(=O)CN1,-5.60313595515125,-5.44
1256,2016_Furukawa,2016,1.4-03,1256,CCCC[C@@H]1NC(=O)[C@H](CC(C)C)N(C)C(=O)CN(Cc2ccccc2)C(=O)[C@H](C)NC(=O)CN(CCCOC(C)C)C(=O)[C@H]2CCCN2C1=O,6,Circle,-4.97,,,,2.7163,O=C1CNC(=O)CN(Cc2ccccc2)C(=O)CNC(=O)CNC(=O)C2CCCN2C(=O)CN1,-4.9731592904249515,-4.97
1266,2016_Furukawa,2016,1.4-13,1266,CCCC[C@@H]1NC(=O)[C@H](CC(C)C)N(C)C(=O)CN(Cc2ccccc2)C(=O)[C@H](CC(C)C)NC(=O)CN(CCCOC(C)C)C(=O)[C@H]2CCCN2C1=O,6,Circle,-5.17,,,,3.7425,O=C1CNC(=O)CN(Cc2ccccc2)C(=O)CNC(=O)CNC(=O)C2CCCN2C(=O)CN1,-5.194878633445273,-5.17
1167,2016_Furukawa,2016,1.1-34,1167,CCCC[C@@H]1NC(=O)[C@H](CC(C)C)N(C)C(=O)CN(CC2CCCCC2)C(=O)[C@H](Cc2ccc3ccccc3c2)NC(=O)CN(CC)C(=O)[C@H]2CCCN2C1=O,6,Circle,-6.58,,,,4.6772,O=C1CNC(=O)CN(CC2CCCCC2)C(=O)C(Cc2ccc3ccccc3c2)NC(=O)CNC(=O)C2CCCN2C(=O)CN1,-5.939235138064169,-6.58
1207,2016_Furukawa,2016,1.2-34,1207,CCCC[C@@H]1NC(=O)[C@H](CC(C)C)N(C)C(=O)CN(CC2CCCCC2)C(=O)[C@H](Cc2ccc3ccccc3c2)NC(=O)CN(CCC)C(=O)[C@H]2CCCN2C1=O,6,Circle,-7.24,,,,5.0673,O=C1CNC(=O)CN(CC2CCCCC2)C(=O)C(Cc2ccc3ccccc3c2)NC(=O)CNC(=O)C2CCCN2C(=O)CN1,-6.007909350449866,-7.24
1247,2016_Furukawa,2016,1.3-34,1247,CCCC[C@@H]1NC(=O)[C@H](CC(C)C)N(C)C(=O)CN(CC2CCCCC2)C(=O)[C@H](Cc2ccc3ccccc3c2)NC(=O)CN(CC(C)C)C(=O)[C@H]2CCCN2C1=O,6,Circle,-8.71,,,,5.3133,O=C1CNC(=O)CN(CC2CCCCC2)C(=O)C(Cc2ccc3ccccc3c2)NC(=O)CNC(=O)C2CCCN2C(=O)CN1,-6.848356122280179,-8.71
1287,2016_Furukawa,2016,1.4-34,1287,CCCC[C@@H]1NC(=O)[C@H](CC(C)C)N(C)C(=O)CN(CC2CCCCC2)C(=O)[C@H](Cc2ccc3ccccc3c2)NC(=O)CN(CCCOC(C)C)C(=O)[C@H]2CCCN2C1=O,6,Circle,-6.98,,,,5.4724,O=C1CNC(=O)CN(CC2CCCCC2)C(=O)C(Cc2ccc3ccccc3c2)NC(=O)CNC(=O)C2CCCN2C(=O)CN1,-5.844427497001922,-6.98
1164,2016_Furukawa,2016,1.1-31,1164,CCCC[C@@H]1NC(=O)[C@H](CC(C)C)N(C)C(=O)CN(CCCc2cnn(C)c2)C(=O)[C@H](Cc2ccccc2)NC(=O)CN(CC)C(=O)[C@H]2CCCN2C1=O,6,Circle,-5.7,,,,2.31,O=C1CNC(=O)CN(CCCc2cn[nH]c2)C(=O)C(Cc2ccccc2)NC(=O)CNC(=O)C2CCCN2C(=O)CN1,-6.392985365537309,-5.7
1204,2016_Furukawa,2016,1.2-31,1204,CCCC[C@@H]1NC(=O)[C@H](CC(C)C)N(C)C(=O)CN(CCCc2cnn(C)c2)C(=O)[C@H](Cc2ccccc2)NC(=O)CN(CCC)C(=O)[C@H]2CCCN2C1=O,6,Circle,-5.43,-5.89,,,2.7001,O=C1CNC(=O)CN(CCCc2cn[nH]c2)C(=O)C(Cc2ccccc2)NC(=O)CNC(=O)C2CCCN2C(=O)CN1,-6.794941047205694,-5.43
1244,2016_Furukawa,2016,1.3-31,1244,CCCC[C@@H]1NC(=O)[C@H](CC(C)C)N(C)C(=O)CN(CCCc2cnn(C)c2)C(=O)[C@H](Cc2ccccc2)NC(=O)CN(CC(C)C)C(=O)[C@H]2CCCN2C1=O,6,Circle,-5.22,,,,2.9461,O=C1CNC(=O)CN(CCCc2cn[nH]c2)C(=O)C(Cc2ccccc2)NC(=O)CNC(=O)C2CCCN2C(=O)CN1,-6.4863739733842705,-5.22
1284,2016_Furukawa,2016,1.4-31,1284,CCCC[C@@H]1NC(=O)[C@H](CC(C)C)N(C)C(=O)CN(CCCc2cnn(C)c2)C(=O)[C@H](Cc2ccccc2)NC(=O)CN(CCCOC(C)C)C(=O)[C@H]2CCCN2C1=O,6,Circle,-5.33,,,,3.1052,O=C1CNC(=O)CN(CCCc2cn[nH]c2)C(=O)C(Cc2ccccc2)NC(=O)CNC(=O)C2CCCN2C(=O)CN1,-5.9839285884987765,-5.33
7409,2022_Taechalertpaisarn,2022,3-Pye2(Ala3Chg5),7409,CC(C)C[C@@H]1NC(=O)[C@H](c2ccccc2)NC(=O)[C@@H](CC(C)C)NC(=O)[C@H](C)NC(=O)[C@@H](CCC(=O)N2CCCC2)NC(=O)[C@H]2CCCN2C1=O,6,Circle,-6.11,,,,1.3024,O=C1CNC(=O)C(CCC(=O)N2CCCC2)NC(=O)C2CCCN2C(=O)CNC(=O)C(c2ccccc2)NC(=O)CN1,-6.6440992487782315,-6.11
7414,2022_Taechalertpaisarn,2022,3-Pye2(Chg5),7414,CC(C)C[C@@H]1NC(=O)[C@@H](CCC(=O)N2CCCC2)NC(=O)[C@H]2CCCN2C(=O)[C@H](CC(C)C)NC(=O)[C@H](c2ccccc2)NC(=O)[C@@H](CC(C)C)NC1=O,6,Circle,-5.23,,,,2.3286,O=C1CNC(=O)C(CCC(=O)N2CCCC2)NC(=O)C2CCCN2C(=O)CNC(=O)C(c2ccccc2)NC(=O)CN1,-6.000120057280943,-5.23
1520,2016_Furukawa,2016,1.10-27,1520,CCCC[C@@H]1NC(=O)[C@H](CC(C)C)N(C)C(=O)CN(CCOC)C(=O)[C@H](Cc2ccc3ccccc3c2)NC(=O)CN(Cc2ccccc2Cn2cccn2)C(=O)[C@H]2CCCN2C1=O,6,Circle,-6.17,,,,4.1684,O=C1CNC(=O)CNC(=O)C(Cc2ccc3ccccc3c2)NC(=O)CN(Cc2ccccc2Cn2cccn2)C(=O)C2CCCN2C(=O)CN1,-6.94529421187177,-6.17
1523,2016_Furukawa,2016,1.10-30,1523,CCCCCN1CC(=O)N(C)[C@@H](CC(C)C)C(=O)N[C@@H](CCCC)C(=O)N2CCC[C@@H]2C(=O)N(Cc2ccccc2Cn2cccn2)CC(=O)N[C@@H](Cc2ccc3ccccc3c2)C1=O,6,Circle,-7.8,,,,5.7122,O=C1CNC(=O)CNC(=O)C(Cc2ccc3ccccc3c2)NC(=O)CN(Cc2ccccc2Cn2cccn2)C(=O)C2CCCN2C(=O)CN1,-5.494624084088972,-7.8
1458,2016_Furukawa,2016,1.9-05,1458,CCCC[C@@H]1NC(=O)[C@H](CC(C)C)N(C)C(=O)CN(CC2CCOCC2)C(=O)[C@H](C)NC(=O)CN(Cc2cc(CC(C)C)on2)C(=O)[C@H]2CCCN2C1=O,6,Circle,-5.66,,,,2.5143,O=C1CNC(=O)CN(CC2CCOCC2)C(=O)CNC(=O)CN(Cc2ccon2)C(=O)C2CCCN2C(=O)CN1,-5.6927009013851535,-5.66
1469,2016_Furukawa,2016,1.9-16,1469,CCCC[C@@H]1NC(=O)[C@H](CC(C)C)N(C)C(=O)CN(CC2CCOCC2)C(=O)[C@H](CC(C)C)NC(=O)CN(Cc2cc(CC(C)C)on2)C(=O)[C@H]2CCCN2C1=O,6,Circle,-5.05,,,,3.5405,O=C1CNC(=O)CN(CC2CCOCC2)C(=O)CNC(=O)CN(Cc2ccon2)C(=O)C2CCCN2C(=O)CN1,-5.448530087843643,-5.05
1440,2016_Furukawa,2016,1.8-27,1440,CCCC[C@@H]1NC(=O)[C@H](CC(C)C)N(C)C(=O)CN(CCOC)C(=O)[C@H](Cc2ccc3ccccc3c2)NC(=O)CN(Cc2ccc3c(c2)OCO3)C(=O)[C@H]2CCCN2C1=O,6,Circle,-7.13,,,,3.6523,O=C1CNC(=O)CNC(=O)C(Cc2ccc3ccccc3c2)NC(=O)CN(Cc2ccc3c(c2)OCO3)C(=O)C2CCCN2C(=O)CN1,-6.353472052551274,-7.13
1443,2016_Furukawa,2016,1.8-30,1443,CCCCCN1CC(=O)N(C)[C@@H](CC(C)C)C(=O)N[C@@H](CCCC)C(=O)N2CCC[C@@H]2C(=O)N(Cc2ccc3c(c2)OCO3)CC(=O)N[C@@H](Cc2ccc3ccccc3c2)C1=O,6,Circle,-8.89,,,,5.1961,O=C1CNC(=O)CNC(=O)C(Cc2ccc3ccccc3c2)NC(=O)CN(Cc2ccc3c(c2)OCO3)C(=O)C2CCCN2C(=O)CN1,-6.812328068127059,-8.89
1360,2016_Furukawa,2016,1.6-27,1360,CCCC[C@@H]1NC(=O)[C@H](CC(C)C)N(C)C(=O)CN(CCOC)C(=O)[C@H](Cc2ccc3ccccc3c2)NC(=O)CN(Cc2ccc(Cl)cc2)C(=O)[C@H]2CCCN2C1=O,6,Circle,-7.82,,,,4.577,O=C1CNC(=O)CNC(=O)C(Cc2ccc3ccccc3c2)NC(=O)CN(Cc2ccccc2)C(=O)C2CCCN2C(=O)CN1,-6.38194242240744,-7.82
1363,2016_Furukawa,2016,1.6-30,1363,CCCCCN1CC(=O)N(C)[C@@H](CC(C)C)C(=O)N[C@@H](CCCC)C(=O)N2CCC[C@@H]2C(=O)N(Cc2ccc(Cl)cc2)CC(=O)N[C@@H](Cc2ccc3ccccc3c2)C1=O,6,Circle,-10.0,,,,6.1208,O=C1CNC(=O)CNC(=O)C(Cc2ccc3ccccc3c2)NC(=O)CN(Cc2ccccc2)C(=O)C2CCCN2C(=O)CN1,-7.803703379288415,-10.0
1344,2016_Furukawa,2016,1.6-11,1344,CCCC[C@@H]1NC(=O)[C@H](CC(C)C)N(C)C(=O)CN(CCCc2cnn(C)c2)C(=O)[C@H](C)NC(=O)CN(Cc2ccc(Cl)cc2)C(=O)[C@H]2CCCN2C1=O,6,Circle,-5.56,,,,2.9209,O=C1CNC(=O)CN(CCCc2cn[nH]c2)C(=O)CNC(=O)CN(Cc2ccccc2)C(=O)C2CCCN2C(=O)CN1,-5.713977638916428,-5.56
1354,2016_Furukawa,2016,1.6-21,1354,CCCC[C@@H]1NC(=O)[C@H](CC(C)C)N(C)C(=O)CN(CCCc2cnn(C)c2)C(=O)[C@H](CC(C)C)NC(=O)CN(Cc2ccc(Cl)cc2)C(=O)[C@H]2CCCN2C1=O,6,Circle,-5.52,,,,3.9471,O=C1CNC(=O)CN(CCCc2cn[nH]c2)C(=O)CNC(=O)CN(Cc2ccccc2)C(=O)C2CCCN2C(=O)CN1,-5.822478184361495,-5.52
1080,2015_Wang,2015,Compound.36,1080,CC(C)C[C@@H]1NC(=O)[C@@H](CC(C)C)NC(=O)[C@H](Cc2ccccc2)NC(=O)CNC(=O)[C@@H](C)NC(=O)[C@H](Cc2ccc(O)cc2)NC1=O,6,Circle,-7.7,-6.14,,,0.8433,O=C1CNC(=O)C(Cc2ccccc2)NC(=O)CNC(=O)CNC(=O)C(Cc2ccccc2)NC(=O)CN1,-7.394079921661657,-7.7
1087,2015_Wang,2015,Compound.43,1087,CC(C)C[C@H]1C(=O)N[C@@H](Cc2ccc(O)cc2)C(=O)N(C)[C@H](C)C(=O)N(C)CC(=O)N[C@@H](Cc2ccccc2)C(=O)N(C)[C@H](CC(C)C)C(=O)N1C,6,Circle,-6.03,-5.32,,,2.2121,O=C1CNC(=O)C(Cc2ccccc2)NC(=O)CNC(=O)CNC(=O)C(Cc2ccccc2)NC(=O)CN1,-6.431880349789571,-6.03
7435,2022_Taechalertpaisarn,2022,3-Pye3(Cha2Nal5),7435,CC(C)C[C@@H]1NC(=O)[C@H](Cc2ccc3ccccc3c2)NC(=O)[C@@H](CC(C)C)NC(=O)[C@H](CCC(=O)N2CCCC2)NC(=O)[C@@H](CC2CCCCC2)NC(=O)[C@H]2CCCN2C1=O,6,Circle,-5.43,,,,4.2761,O=C1CNC(=O)C(CCC(=O)N2CCCC2)NC(=O)C(CC2CCCCC2)NC(=O)C2CCCN2C(=O)CNC(=O)C(Cc2ccc3ccccc3c2)N1,-6.074609241270539,-5.43
1524,2016_Furukawa,2016,1.10-31,1524,CCCC[C@@H]1NC(=O)[C@H](CC(C)C)N(C)C(=O)CN(CCCc2cnn(C)c2)C(=O)[C@H](Cc2ccccc2)NC(=O)CN(Cc2ccccc2Cn2cccn2)C(=O)[C@H]2CCCN2C1=O,6,Circle,-5.68,,,,3.7351,O=C1CNC(=O)CN(CCCc2cn[nH]c2)C(=O)C(Cc2ccccc2)NC(=O)CN(Cc2ccccc2Cn2cccn2)C(=O)C2CCCN2C(=O)CN1,-6.288661374613347,-5.68
1519,2016_Furukawa,2016,1.10-26,1519,CCCC[C@@H]1NC(=O)[C@H](CC(C)C)N(C)C(=O)CN(CCc2cccnc2)C(=O)[C@H](Cc2ccccc2)NC(=O)CN(Cc2ccccc2Cn2cccn2)C(=O)[C@H]2CCCN2C1=O,6,Circle,-5.69,,,,4.0065,O=C1CNC(=O)CN(CCc2cccnc2)C(=O)C(Cc2ccccc2)NC(=O)CN(Cc2ccccc2Cn2cccn2)C(=O)C2CCCN2C(=O)CN1,-6.648808073997623,-5.69
1478,2016_Furukawa,2016,1.9-25,1478,CCCC[C@@H]1NC(=O)[C@H](CC(C)C)N(C)C(=O)CN(CC2CCOCC2)C(=O)[C@H](Cc2ccccc2)NC(=O)CN(Cc2cc(CC(C)C)on2)C(=O)[C@H]2CCCN2C1=O,6,Circle,-5.45,,,,3.7371,O=C1CNC(=O)CN(CC2CCOCC2)C(=O)C(Cc2ccccc2)NC(=O)CN(Cc2ccon2)C(=O)C2CCCN2C(=O)CN1,-5.671047820256077,-5.45
1453,2016_Furukawa,2016,1.8-40,1453,CCCC[C@@H]1NC(=O)[C@H](CC(C)C)N(C)C(=O)CN(CCCN2CCCC2=O)C(=O)[C@H](Cc2ccc3ccccc3c2)NC(=O)CN(Cc2ccc3c(c2)OCO3)C(=O)[C@H]2CCCN2C1=O,6,Circle,-6.5,,,,4.0184,O=C1CNC(=O)CN(CCCN2CCCC2=O)C(=O)C(Cc2ccc3ccccc3c2)NC(=O)CN(Cc2ccc3c(c2)OCO3)C(=O)C2CCCN2C(=O)CN1,-6.7133873429274145,-6.5
1410,2016_Furukawa,2016,1.7-37,1410,CCCC[C@@H]1NC(=O)[C@H](CC(C)C)N(C)C(=O)CN(CCCc2ccccc2)C(=O)[C@H](Cc2ccc3ccccc3c2)NC(=O)CN(CCCCc2ccccc2)C(=O)[C@H]2CCCN2C1=O,6,Circle,-9.27,,,,6.7327,O=C1CNC(=O)CN(CCCc2ccccc2)C(=O)C(Cc2ccc3ccccc3c2)NC(=O)CN(CCCCc2ccccc2)C(=O)C2CCCN2C(=O)CN1,-8.482129302291028,-9.27
1407,2016_Furukawa,2016,1.7-34,1407,CCCC[C@@H]1NC(=O)[C@H](CC(C)C)N(C)C(=O)CN(CC2CCCCC2)C(=O)[C@H](Cc2ccc3ccccc3c2)NC(=O)CN(CCCCc2ccccc2)C(=O)[C@H]2CCCN2C1=O,6,Circle,-8.84,,,,6.6802,O=C1CNC(=O)CN(CC2CCCCC2)C(=O)C(Cc2ccc3ccccc3c2)NC(=O)CN(CCCCc2ccccc2)C(=O)C2CCCN2C(=O)CN1,-7.496313869861208,-8.84
1366,2016_Furukawa,2016,1.6-33,1366,CCCC[C@@H]1NC(=O)[C@H](CC(C)C)N(C)C(=O)CN(Cc2ccccc2)C(=O)[C@H](Cc2ccc3ccccc3c2)NC(=O)CN(Cc2ccc(Cl)cc2)C(=O)[C@H]2CCCN2C1=O,6,Circle,-9.46,,,,6.1308,O=C1CNC(=O)CN(Cc2ccccc2)C(=O)C(Cc2ccc3ccccc3c2)NC(=O)CN(Cc2ccccc2)C(=O)C2CCCN2C(=O)CN1,-8.486262486360342,-9.46
1362,2016_Furukawa,2016,1.6-29,1362,CCCC[C@@H]1NC(=O)[C@H](CC(C)C)N(C)C(=O)CN(CCOc2ccccc2)C(=O)[C@H](Cc2ccccc2)NC(=O)CN(Cc2ccc(Cl)cc2)C(=O)[C@H]2CCCN2C1=O,6,Circle,-8.36,,,,4.8564,O=C1CNC(=O)CN(CCOc2ccccc2)C(=O)C(Cc2ccccc2)NC(=O)CN(Cc2ccccc2)C(=O)C2CCCN2C(=O)CN1,-7.855102760984416,-8.36
1321,2016_Furukawa,2016,1.5-28,1321,CCCC[C@@H]1NC(=O)[C@H](CC(C)C)N(C)C(=O)CN(CCCc2ccccc2)C(=O)[C@H](Cc2ccccc2)NC(=O)CN(CCN2CCOCC2)C(=O)[C@H]2CCCN2C1=O,6,Circle,-5.49,,,,2.8888,O=C1CNC(=O)CN(CCCc2ccccc2)C(=O)C(Cc2ccccc2)NC(=O)CN(CCN2CCOCC2)C(=O)C2CCCN2C(=O)CN1,-5.850696625855989,-5.49
1317,2016_Furukawa,2016,1.5-24,1317,CCCC[C@@H]1NC(=O)[C@H](CC(C)C)N(C)C(=O)CN(CC2CCCCC2)C(=O)[C@H](Cc2ccccc2)NC(=O)CN(CCN2CCOCC2)C(=O)[C@H]2CCCN2C1=O,6,Circle,-5.32,,,,2.8363,O=C1CNC(=O)CN(CC2CCCCC2)C(=O)C(Cc2ccccc2)NC(=O)CN(CCN2CCOCC2)C(=O)C2CCCN2C(=O)CN1,-6.715452669157794,-5.32
