CycPeptMPDB_ID,Source,Year,Original_Name_in_Source_Literature,Structurally_Unique_ID,SMILES,Monomer_Length,Molecule_Shape,PAMPA,Caco2,MDCK,RRCK,MolLogP,Scaffold
1138,2016_Furukawa,2016,1.1-05,1138,CCCC[C@@H]1NC(=O)[C@H](CC(C)C)N(C)C(=O)CN(CC2CCOCC2)C(=O)[C@H](C)NC(=O)CN(CC)C(=O)[C@H]2CCCN2C1=O,6,Circle,-7.27,,,,1.1475,O=C1CNC(=O)CN(CC2CCOCC2)C(=O)CNC(=O)CNC(=O)C2CCCN2C(=O)CN1
1149,2016_Furukawa,2016,1.1-16,1149,CCCC[C@@H]1NC(=O)[C@H](CC(C)C)N(C)C(=O)CN(CC2CCOCC2)C(=O)[C@H](CC(C)C)NC(=O)CN(CC)C(=O)[C@H]2CCCN2C1=O,6,Circle,-5.75,,,,2.1737,O=C1CNC(=O)CN(CC2CCOCC2)C(=O)CNC(=O)CNC(=O)C2CCCN2C(=O)CN1
1178,2016_Furukawa,2016,1.2-05,1178,CCCC[C@@H]1NC(=O)[C@H](CC(C)C)N(C)C(=O)CN(CC2CCOCC2)C(=O)[C@H](C)NC(=O)CN(CCC)C(=O)[C@H]2CCCN2C1=O,6,Circle,-6.69,,,,1.5376,O=C1CNC(=O)CN(CC2CCOCC2)C(=O)CNC(=O)CNC(=O)C2CCCN2C(=O)CN1
1189,2016_Furukawa,2016,1.2-16,1189,CCCC[C@@H]1NC(=O)[C@H](CC(C)C)N(C)C(=O)CN(CC2CCOCC2)C(=O)[C@H](CC(C)C)NC(=O)CN(CCC)C(=O)[C@H]2CCCN2C1=O,6,Circle,-5.34,,,,2.5638,O=C1CNC(=O)CN(CC2CCOCC2)C(=O)CNC(=O)CNC(=O)C2CCCN2C(=O)CN1
1218,2016_Furukawa,2016,1.3-05,1218,CCCC[C@@H]1NC(=O)[C@H](CC(C)C)N(C)C(=O)CN(CC2CCOCC2)C(=O)[C@H](C)NC(=O)CN(CC(C)C)C(=O)[C@H]2CCCN2C1=O,6,Circle,-6.26,,,,1.7836,O=C1CNC(=O)CN(CC2CCOCC2)C(=O)CNC(=O)CNC(=O)C2CCCN2C(=O)CN1
1229,2016_Furukawa,2016,1.3-16,1229,CCCC[C@@H]1NC(=O)[C@H](CC(C)C)N(C)C(=O)CN(CC2CCOCC2)C(=O)[C@H](CC(C)C)NC(=O)CN(CC(C)C)C(=O)[C@H]2CCCN2C1=O,6,Circle,-5.07,,,,2.8098,O=C1CNC(=O)CN(CC2CCOCC2)C(=O)CNC(=O)CNC(=O)C2CCCN2C(=O)CN1
1258,2016_Furukawa,2016,1.4-05,1258,CCCC[C@@H]1NC(=O)[C@H](CC(C)C)N(C)C(=O)CN(CC2CCOCC2)C(=O)[C@H](C)NC(=O)CN(CCCOC(C)C)C(=O)[C@H]2CCCN2C1=O,6,Circle,-6.47,,,,1.9427,O=C1CNC(=O)CN(CC2CCOCC2)C(=O)CNC(=O)CNC(=O)C2CCCN2C(=O)CN1
1269,2016_Furukawa,2016,1.4-16,1269,CCCC[C@@H]1NC(=O)[C@H](CC(C)C)N(C)C(=O)CN(CC2CCOCC2)C(=O)[C@H](CC(C)C)NC(=O)CN(CCCOC(C)C)C(=O)[C@H]2CCCN2C1=O,6,Circle,-5.14,,,,2.9689,O=C1CNC(=O)CN(CC2CCOCC2)C(=O)CNC(=O)CNC(=O)C2CCCN2C(=O)CN1
1536,2016_Furukawa,2016,2.1-03Me,1536,CCCC[C@@H]1NC(=O)[C@H](CC(C)C)N(C)C(=O)CN(CC2CCOCC2)C(=O)[C@H](C)NC(=O)CN(CC)C(=O)[C@@H]2CCCN2C1=O,6,Circle,-7.17,,,,1.1475,O=C1CNC(=O)CN(CC2CCOCC2)C(=O)CNC(=O)CNC(=O)C2CCCN2C(=O)CN1
1540,2016_Furukawa,2016,2.1-07Me,1540,CCCC[C@@H]1NC(=O)[C@H](CC(C)C)N(C)C(=O)CN(CC2CCOCC2)C(=O)[C@H](C)NC(=O)CN(CCCOC(C)C)C(=O)[C@@H]2CCCN2C1=O,6,Circle,-6.61,,,,1.9427,O=C1CNC(=O)CN(CC2CCOCC2)C(=O)CNC(=O)CNC(=O)C2CCCN2C(=O)CN1
1554,2016_Furukawa,2016,2.1-03H,1554,CCCC[C@@H]1NC(=O)[C@H](CC(C)C)NC(=O)CN(CC2CCOCC2)C(=O)[C@H](C)NC(=O)CN(CC)C(=O)[C@@H]2CCCN2C1=O,6,Circle,-8.0,,,,0.8053,O=C1CNC(=O)CN(CC2CCOCC2)C(=O)CNC(=O)CNC(=O)C2CCCN2C(=O)CN1
1558,2016_Furukawa,2016,2.1-07H,1558,CCCC[C@@H]1NC(=O)[C@H](CC(C)C)NC(=O)CN(CC2CCOCC2)C(=O)[C@H](C)NC(=O)CN(CCCOC(C)C)C(=O)[C@@H]2CCCN2C1=O,6,Circle,-7.57,,,,1.6005,O=C1CNC(=O)CN(CC2CCOCC2)C(=O)CNC(=O)CNC(=O)C2CCCN2C(=O)CN1
1590,2016_Furukawa,2016,2.2-04H,1590,CCCC[C@@H]1NC(=O)[C@H](CC(C)C)NC(=O)CN(CC2CCOCC2)C(=O)[C@H](C)NC(=O)CN(CC)C(=O)[C@H]2CCCN2C1=O,6,Circle,-7.62,,,,0.8053,O=C1CNC(=O)CN(CC2CCOCC2)C(=O)CNC(=O)CNC(=O)C2CCCN2C(=O)CN1
1594,2016_Furukawa,2016,2.2-08H,1594,CCCC[C@@H]1NC(=O)[C@H](CC(C)C)NC(=O)CN(CC2CCOCC2)C(=O)[C@H](C)NC(=O)CN(CCCOC(C)C)C(=O)[C@H]2CCCN2C1=O,6,Circle,-7.0,,,,1.6005,O=C1CNC(=O)CN(CC2CCOCC2)C(=O)CNC(=O)CNC(=O)C2CCCN2C(=O)CN1
1608,2016_Furukawa,2016,2.3-03Me,1608,CCCC[C@@H]1NC(=O)[C@H](CC(C)C)N(C)C(=O)CN(CC2CCOCC2)C(=O)[C@@H](C)NC(=O)CN(CC)C(=O)[C@@H]2CCCN2C1=O,6,Circle,-7.56,,,,1.1475,O=C1CNC(=O)CN(CC2CCOCC2)C(=O)CNC(=O)CNC(=O)C2CCCN2C(=O)CN1
1612,2016_Furukawa,2016,2.3-07Me,1612,CCCC[C@@H]1NC(=O)[C@H](CC(C)C)N(C)C(=O)CN(CC2CCOCC2)C(=O)[C@@H](C)NC(=O)CN(CCCOC(C)C)C(=O)[C@@H]2CCCN2C1=O,6,Circle,-7.04,,,,1.9427,O=C1CNC(=O)CN(CC2CCOCC2)C(=O)CNC(=O)CNC(=O)C2CCCN2C(=O)CN1
1626,2016_Furukawa,2016,2.3-03H,1626,CCCC[C@@H]1NC(=O)[C@H](CC(C)C)NC(=O)CN(CC2CCOCC2)C(=O)[C@@H](C)NC(=O)CN(CC)C(=O)[C@@H]2CCCN2C1=O,6,Circle,-8.88,,,,0.8053,O=C1CNC(=O)CN(CC2CCOCC2)C(=O)CNC(=O)CNC(=O)C2CCCN2C(=O)CN1
1630,2016_Furukawa,2016,2.3-07H,1630,CCCC[C@@H]1NC(=O)[C@H](CC(C)C)NC(=O)CN(CC2CCOCC2)C(=O)[C@@H](C)NC(=O)CN(CCCOC(C)C)C(=O)[C@@H]2CCCN2C1=O,6,Circle,-7.92,,,,1.6005,O=C1CNC(=O)CN(CC2CCOCC2)C(=O)CNC(=O)CNC(=O)C2CCCN2C(=O)CN1
1644,2016_Furukawa,2016,2.4-03Me,1644,CCCC[C@@H]1NC(=O)[C@H](CC(C)C)N(C)C(=O)CN(CC2CCOCC2)C(=O)[C@@H](C)NC(=O)CN(CC)C(=O)[C@H]2CCCN2C1=O,6,Circle,-7.92,,,,1.1475,O=C1CNC(=O)CN(CC2CCOCC2)C(=O)CNC(=O)CNC(=O)C2CCCN2C(=O)CN1
1648,2016_Furukawa,2016,2.4-07Me,1648,CCCC[C@@H]1NC(=O)[C@H](CC(C)C)N(C)C(=O)CN(CC2CCOCC2)C(=O)[C@@H](C)NC(=O)CN(CCCOC(C)C)C(=O)[C@H]2CCCN2C1=O,6,Circle,-7.33,,,,1.9427,O=C1CNC(=O)CN(CC2CCOCC2)C(=O)CNC(=O)CNC(=O)C2CCCN2C(=O)CN1
1662,2016_Furukawa,2016,2.4-03H,1662,CCCC[C@@H]1NC(=O)[C@H](CC(C)C)NC(=O)CN(CC2CCOCC2)C(=O)[C@@H](C)NC(=O)CN(CC)C(=O)[C@H]2CCCN2C1=O,6,Circle,-8.8,,,,0.8053,O=C1CNC(=O)CN(CC2CCOCC2)C(=O)CNC(=O)CNC(=O)C2CCCN2C(=O)CN1
1666,2016_Furukawa,2016,2.4-07H,1666,CCCC[C@@H]1NC(=O)[C@H](CC(C)C)NC(=O)CN(CC2CCOCC2)C(=O)[C@@H](C)NC(=O)CN(CCCOC(C)C)C(=O)[C@H]2CCCN2C1=O,6,Circle,-7.84,,,,1.6005,O=C1CNC(=O)CN(CC2CCOCC2)C(=O)CNC(=O)CNC(=O)C2CCCN2C(=O)CN1
1680,2016_Furukawa,2016,2.5-03Me,1680,CCCC[C@@H]1NC(=O)[C@@H](CC(C)C)N(C)C(=O)CN(CC2CCOCC2)C(=O)[C@H](C)NC(=O)CN(CC)C(=O)[C@@H]2CCCN2C1=O,6,Circle,-6.93,,,,1.1475,O=C1CNC(=O)CN(CC2CCOCC2)C(=O)CNC(=O)CNC(=O)C2CCCN2C(=O)CN1
1684,2016_Furukawa,2016,2.5-07Me,1684,CCCC[C@@H]1NC(=O)[C@@H](CC(C)C)N(C)C(=O)CN(CC2CCOCC2)C(=O)[C@H](C)NC(=O)CN(CCCOC(C)C)C(=O)[C@@H]2CCCN2C1=O,6,Circle,-6.27,,,,1.9427,O=C1CNC(=O)CN(CC2CCOCC2)C(=O)CNC(=O)CNC(=O)C2CCCN2C(=O)CN1
1698,2016_Furukawa,2016,2.5-03H,1698,CCCC[C@@H]1NC(=O)[C@@H](CC(C)C)NC(=O)CN(CC2CCOCC2)C(=O)[C@H](C)NC(=O)CN(CC)C(=O)[C@@H]2CCCN2C1=O,6,Circle,-7.48,,,,0.8053,O=C1CNC(=O)CN(CC2CCOCC2)C(=O)CNC(=O)CNC(=O)C2CCCN2C(=O)CN1
1702,2016_Furukawa,2016,2.5-07H,1702,CCCC[C@@H]1NC(=O)[C@@H](CC(C)C)NC(=O)CN(CC2CCOCC2)C(=O)[C@H](C)NC(=O)CN(CCCOC(C)C)C(=O)[C@@H]2CCCN2C1=O,6,Circle,-6.81,,,,1.6005,O=C1CNC(=O)CN(CC2CCOCC2)C(=O)CNC(=O)CNC(=O)C2CCCN2C(=O)CN1
1716,2016_Furukawa,2016,2.6-03Me,1716,CCCC[C@@H]1NC(=O)[C@@H](CC(C)C)N(C)C(=O)CN(CC2CCOCC2)C(=O)[C@H](C)NC(=O)CN(CC)C(=O)[C@H]2CCCN2C1=O,6,Circle,-6.6,,,,1.1475,O=C1CNC(=O)CN(CC2CCOCC2)C(=O)CNC(=O)CNC(=O)C2CCCN2C(=O)CN1
1720,2016_Furukawa,2016,2.6-07Me,1720,CCCC[C@@H]1NC(=O)[C@@H](CC(C)C)N(C)C(=O)CN(CC2CCOCC2)C(=O)[C@H](C)NC(=O)CN(CCCOC(C)C)C(=O)[C@H]2CCCN2C1=O,6,Circle,-5.95,,,,1.9427,O=C1CNC(=O)CN(CC2CCOCC2)C(=O)CNC(=O)CNC(=O)C2CCCN2C(=O)CN1
1734,2016_Furukawa,2016,2.6-03H,1734,CCCC[C@@H]1NC(=O)[C@@H](CC(C)C)NC(=O)CN(CC2CCOCC2)C(=O)[C@H](C)NC(=O)CN(CC)C(=O)[C@H]2CCCN2C1=O,6,Circle,-7.39,,,,0.8053,O=C1CNC(=O)CN(CC2CCOCC2)C(=O)CNC(=O)CNC(=O)C2CCCN2C(=O)CN1
1738,2016_Furukawa,2016,2.6-07H,1738,CCCC[C@@H]1NC(=O)[C@@H](CC(C)C)NC(=O)CN(CC2CCOCC2)C(=O)[C@H](C)NC(=O)CN(CCCOC(C)C)C(=O)[C@H]2CCCN2C1=O,6,Circle,-6.75,,,,1.6005,O=C1CNC(=O)CN(CC2CCOCC2)C(=O)CNC(=O)CNC(=O)C2CCCN2C(=O)CN1
1752,2016_Furukawa,2016,2.7-03Me,1752,CCCC[C@@H]1NC(=O)[C@@H](CC(C)C)N(C)C(=O)CN(CC2CCOCC2)C(=O)[C@@H](C)NC(=O)CN(CC)C(=O)[C@@H]2CCCN2C1=O,6,Circle,-7.68,,,,1.1475,O=C1CNC(=O)CN(CC2CCOCC2)C(=O)CNC(=O)CNC(=O)C2CCCN2C(=O)CN1
1756,2016_Furukawa,2016,2.7-07Me,1756,CCCC[C@@H]1NC(=O)[C@@H](CC(C)C)N(C)C(=O)CN(CC2CCOCC2)C(=O)[C@@H](C)NC(=O)CN(CCCOC(C)C)C(=O)[C@@H]2CCCN2C1=O,6,Circle,-7.42,,,,1.9427,O=C1CNC(=O)CN(CC2CCOCC2)C(=O)CNC(=O)CNC(=O)C2CCCN2C(=O)CN1
1770,2016_Furukawa,2016,2.7-03H,1770,CCCC[C@@H]1NC(=O)[C@@H](CC(C)C)NC(=O)CN(CC2CCOCC2)C(=O)[C@@H](C)NC(=O)CN(CC)C(=O)[C@@H]2CCCN2C1=O,6,Circle,-8.0,,,,0.8053,O=C1CNC(=O)CN(CC2CCOCC2)C(=O)CNC(=O)CNC(=O)C2CCCN2C(=O)CN1
1774,2016_Furukawa,2016,2.7-07H,1774,CCCC[C@@H]1NC(=O)[C@@H](CC(C)C)NC(=O)CN(CC2CCOCC2)C(=O)[C@@H](C)NC(=O)CN(CCCOC(C)C)C(=O)[C@@H]2CCCN2C1=O,6,Circle,-7.5,,,,1.6005,O=C1CNC(=O)CN(CC2CCOCC2)C(=O)CNC(=O)CNC(=O)C2CCCN2C(=O)CN1
1788,2016_Furukawa,2016,2.8-03Me,1788,CCCC[C@@H]1NC(=O)[C@@H](CC(C)C)N(C)C(=O)CN(CC2CCOCC2)C(=O)[C@@H](C)NC(=O)CN(CC)C(=O)[C@H]2CCCN2C1=O,6,Circle,-7.19,,,,1.1475,O=C1CNC(=O)CN(CC2CCOCC2)C(=O)CNC(=O)CNC(=O)C2CCCN2C(=O)CN1
1792,2016_Furukawa,2016,2.8-07Me,1792,CCCC[C@@H]1NC(=O)[C@@H](CC(C)C)N(C)C(=O)CN(CC2CCOCC2)C(=O)[C@@H](C)NC(=O)CN(CCCOC(C)C)C(=O)[C@H]2CCCN2C1=O,6,Circle,-6.66,,,,1.9427,O=C1CNC(=O)CN(CC2CCOCC2)C(=O)CNC(=O)CNC(=O)C2CCCN2C(=O)CN1
1806,2016_Furukawa,2016,2.8-03H,1806,CCCC[C@@H]1NC(=O)[C@@H](CC(C)C)NC(=O)CN(CC2CCOCC2)C(=O)[C@@H](C)NC(=O)CN(CC)C(=O)[C@H]2CCCN2C1=O,6,Circle,-7.14,,,,0.8053,O=C1CNC(=O)CN(CC2CCOCC2)C(=O)CNC(=O)CNC(=O)C2CCCN2C(=O)CN1
1810,2016_Furukawa,2016,2.8-07H,1810,CCCC[C@@H]1NC(=O)[C@@H](CC(C)C)NC(=O)CN(CC2CCOCC2)C(=O)[C@@H](C)NC(=O)CN(CCCOC(C)C)C(=O)[C@H]2CCCN2C1=O,6,Circle,-6.6,,,,1.6005,O=C1CNC(=O)CN(CC2CCOCC2)C(=O)CNC(=O)CNC(=O)C2CCCN2C(=O)CN1
1145,2016_Furukawa,2016,1.1-12,1145,CCCC[C@@H]1NC(=O)[C@H](CC(C)C)N(C)C(=O)CN(CCCN2CCCC2=O)C(=O)[C@H](C)NC(=O)CN(CC)C(=O)[C@H]2CCCN2C1=O,6,Circle,-8.28,,,,0.7334,O=C1CNC(=O)CN(CCCN2CCCC2=O)C(=O)CNC(=O)CNC(=O)C2CCCN2C(=O)CN1
1156,2016_Furukawa,2016,1.1-23,1156,CCCC[C@@H]1NC(=O)[C@H](CC(C)C)N(C)C(=O)CN(CCCN2CCCC2=O)C(=O)[C@H](CC(C)C)NC(=O)CN(CC)C(=O)[C@H]2CCCN2C1=O,6,Circle,-7.02,,,,1.7596,O=C1CNC(=O)CN(CCCN2CCCC2=O)C(=O)CNC(=O)CNC(=O)C2CCCN2C(=O)CN1
1185,2016_Furukawa,2016,1.2-12,1185,CCCC[C@@H]1NC(=O)[C@H](CC(C)C)N(C)C(=O)CN(CCCN2CCCC2=O)C(=O)[C@H](C)NC(=O)CN(CCC)C(=O)[C@H]2CCCN2C1=O,6,Circle,-7.96,,,,1.1235,O=C1CNC(=O)CN(CCCN2CCCC2=O)C(=O)CNC(=O)CNC(=O)C2CCCN2C(=O)CN1
1196,2016_Furukawa,2016,1.2-23,1196,CCCC[C@@H]1NC(=O)[C@H](CC(C)C)N(C)C(=O)CN(CCCN2CCCC2=O)C(=O)[C@H](CC(C)C)NC(=O)CN(CCC)C(=O)[C@H]2CCCN2C1=O,6,Circle,-6.54,,,,2.1497,O=C1CNC(=O)CN(CCCN2CCCC2=O)C(=O)CNC(=O)CNC(=O)C2CCCN2C(=O)CN1
1225,2016_Furukawa,2016,1.3-12,1225,CCCC[C@@H]1NC(=O)[C@H](CC(C)C)N(C)C(=O)CN(CCCN2CCCC2=O)C(=O)[C@H](C)NC(=O)CN(CC(C)C)C(=O)[C@H]2CCCN2C1=O,6,Circle,-7.62,,,,1.3695,O=C1CNC(=O)CN(CCCN2CCCC2=O)C(=O)CNC(=O)CNC(=O)C2CCCN2C(=O)CN1
1236,2016_Furukawa,2016,1.3-23,1236,CCCC[C@@H]1NC(=O)[C@H](CC(C)C)N(C)C(=O)CN(CCCN2CCCC2=O)C(=O)[C@H](CC(C)C)NC(=O)CN(CC(C)C)C(=O)[C@H]2CCCN2C1=O,6,Circle,-6.27,,,,2.3957,O=C1CNC(=O)CN(CCCN2CCCC2=O)C(=O)CNC(=O)CNC(=O)C2CCCN2C(=O)CN1
1265,2016_Furukawa,2016,1.4-12,1265,CCCC[C@@H]1NC(=O)[C@H](CC(C)C)N(C)C(=O)CN(CCCN2CCCC2=O)C(=O)[C@H](C)NC(=O)CN(CCCOC(C)C)C(=O)[C@H]2CCCN2C1=O,6,Circle,-7.72,,,,1.5286,O=C1CNC(=O)CN(CCCN2CCCC2=O)C(=O)CNC(=O)CNC(=O)C2CCCN2C(=O)CN1
1276,2016_Furukawa,2016,1.4-23,1276,CCCC[C@@H]1NC(=O)[C@H](CC(C)C)N(C)C(=O)CN(CCCN2CCCC2=O)C(=O)[C@H](CC(C)C)NC(=O)CN(CCCOC(C)C)C(=O)[C@H]2CCCN2C1=O,6,Circle,-6.47,,,,2.5548,O=C1CNC(=O)CN(CCCN2CCCC2=O)C(=O)CNC(=O)CNC(=O)C2CCCN2C(=O)CN1
7389,2022_Taechalertpaisarn,2022,1-Pye2,7389,CC(C)C[C@@H]1NC(=O)[C@@H](CC(C)C)NC(=O)[C@@H](CC(C)C)NC(=O)[C@@H](CCC(=O)N2CCCC2)NC(=O)[C@H]2CCCN2C(=O)[C@H](CC(C)C)NC1=O,6,Circle,-5.77,,,,2.002,O=C1CNC(=O)CNC(=O)C(CCC(=O)N2CCCC2)NC(=O)C2CCCN2C(=O)CNC(=O)CN1
7395,2022_Taechalertpaisarn,2022,2-Pye2,7395,CC(C)C[C@@H]1NC(=O)[C@@H](CC(C)C)NC(=O)[C@@H](CC(C)C)NC(=O)[C@@H](CC(C)C)NC(=O)[C@@H](CCC(=O)N2CCCC2)NC(=O)[C@H]2CCCN2C1=O,6,Circle,-6.26,,,,2.002,O=C1CNC(=O)CNC(=O)C(CCC(=O)N2CCCC2)NC(=O)C2CCCN2C(=O)CNC(=O)CN1
7401,2022_Taechalertpaisarn,2022,3-Pye2,7401,CC(C)C[C@@H]1NC(=O)[C@@H](CC(C)C)NC(=O)[C@H](CC(C)C)NC(=O)[C@@H](CCC(=O)N2CCCC2)NC(=O)[C@H]2CCCN2C(=O)[C@H](CC(C)C)NC1=O,6,Circle,-5.84,-6.41,,,2.002,O=C1CNC(=O)CNC(=O)C(CCC(=O)N2CCCC2)NC(=O)C2CCCN2C(=O)CNC(=O)CN1
7406,2022_Taechalertpaisarn,2022,3-Pye2(Ala3Abu5),7406,CC[C@@H]1NC(=O)[C@@H](CC(C)C)NC(=O)[C@H](C)NC(=O)[C@@H](CCC(=O)N2CCCC2)NC(=O)[C@H]2CCCN2C(=O)[C@H](CC(C)C)NC1=O,6,Circle,-7.53,,,,0.3397,O=C1CNC(=O)CNC(=O)C(CCC(=O)N2CCCC2)NC(=O)C2CCCN2C(=O)CNC(=O)CN1
7407,2022_Taechalertpaisarn,2022,3-Pye2(Ala3),7407,CC(C)C[C@@H]1NC(=O)[C@@H](CC(C)C)NC(=O)[C@H](C)NC(=O)[C@@H](CCC(=O)N2CCCC2)NC(=O)[C@H]2CCCN2C(=O)[C@H](CC(C)C)NC1=O,6,Circle,-6.68,,,,0.9758,O=C1CNC(=O)CNC(=O)C(CCC(=O)N2CCCC2)NC(=O)C2CCCN2C(=O)CNC(=O)CN1
7408,2022_Taechalertpaisarn,2022,3-Pye2(Abu5),7408,CC[C@@H]1NC(=O)[C@@H](CC(C)C)NC(=O)[C@H](CC(C)C)NC(=O)[C@@H](CCC(=O)N2CCCC2)NC(=O)[C@H]2CCCN2C(=O)[C@H](CC(C)C)NC1=O,6,Circle,-6.71,,,,1.3659,O=C1CNC(=O)CNC(=O)C(CCC(=O)N2CCCC2)NC(=O)C2CCCN2C(=O)CNC(=O)CN1
1169,2016_Furukawa,2016,1.1-36,1169,CCCC[C@@H]1NC(=O)[C@H](CC(C)C)N(C)C(=O)CN(CCc2cccnc2)C(=O)[C@H](Cc2ccc3ccccc3c2)NC(=O)CN(CC)C(=O)[C@H]2CCCN2C1=O,6,Circle,-5.51,,,,3.7346,O=C1CNC(=O)CN(CCc2cccnc2)C(=O)C(Cc2ccc3ccccc3c2)NC(=O)CNC(=O)C2CCCN2C(=O)CN1
1209,2016_Furukawa,2016,1.2-36,1209,CCCC[C@@H]1NC(=O)[C@H](CC(C)C)N(C)C(=O)CN(CCc2cccnc2)C(=O)[C@H](Cc2ccc3ccccc3c2)NC(=O)CN(CCC)C(=O)[C@H]2CCCN2C1=O,6,Circle,-5.43,,,,4.1247,O=C1CNC(=O)CN(CCc2cccnc2)C(=O)C(Cc2ccc3ccccc3c2)NC(=O)CNC(=O)C2CCCN2C(=O)CN1
1249,2016_Furukawa,2016,1.3-36,1249,CCCC[C@@H]1NC(=O)[C@H](CC(C)C)N(C)C(=O)CN(CCc2cccnc2)C(=O)[C@H](Cc2ccc3ccccc3c2)NC(=O)CN(CC(C)C)C(=O)[C@H]2CCCN2C1=O,6,Circle,-5.53,,,,4.3707,O=C1CNC(=O)CN(CCc2cccnc2)C(=O)C(Cc2ccc3ccccc3c2)NC(=O)CNC(=O)C2CCCN2C(=O)CN1
1289,2016_Furukawa,2016,1.4-36,1289,CCCC[C@@H]1NC(=O)[C@H](CC(C)C)N(C)C(=O)CN(CCc2cccnc2)C(=O)[C@H](Cc2ccc3ccccc3c2)NC(=O)CN(CCCOC(C)C)C(=O)[C@H]2CCCN2C1=O,6,Circle,-5.32,,,,4.5298,O=C1CNC(=O)CN(CCc2cccnc2)C(=O)C(Cc2ccc3ccccc3c2)NC(=O)CNC(=O)C2CCCN2C(=O)CN1
1161,2016_Furukawa,2016,1.1-28,1161,CCCC[C@@H]1NC(=O)[C@H](CC(C)C)N(C)C(=O)CN(CCCc2ccccc2)C(=O)[C@H](Cc2ccccc2)NC(=O)CN(CC)C(=O)[C@H]2CCCN2C1=O,6,Circle,-5.38,,,,3.5765,O=C1CNC(=O)CN(CCCc2ccccc2)C(=O)C(Cc2ccccc2)NC(=O)CNC(=O)C2CCCN2C(=O)CN1
1201,2016_Furukawa,2016,1.2-28,1201,CCCC[C@@H]1NC(=O)[C@H](CC(C)C)N(C)C(=O)CN(CCCc2ccccc2)C(=O)[C@H](Cc2ccccc2)NC(=O)CN(CCC)C(=O)[C@H]2CCCN2C1=O,6,Circle,-6.04,,,,3.9666,O=C1CNC(=O)CN(CCCc2ccccc2)C(=O)C(Cc2ccccc2)NC(=O)CNC(=O)C2CCCN2C(=O)CN1
1241,2016_Furukawa,2016,1.3-28,1241,CCCC[C@@H]1NC(=O)[C@H](CC(C)C)N(C)C(=O)CN(CCCc2ccccc2)C(=O)[C@H](Cc2ccccc2)NC(=O)CN(CC(C)C)C(=O)[C@H]2CCCN2C1=O,6,Circle,-6.57,,,,4.2126,O=C1CNC(=O)CN(CCCc2ccccc2)C(=O)C(Cc2ccccc2)NC(=O)CNC(=O)C2CCCN2C(=O)CN1
1281,2016_Furukawa,2016,1.4-28,1281,CCCC[C@@H]1NC(=O)[C@H](CC(C)C)N(C)C(=O)CN(CCCc2ccccc2)C(=O)[C@H](Cc2ccccc2)NC(=O)CN(CCCOC(C)C)C(=O)[C@H]2CCCN2C1=O,6,Circle,-5.86,,,,4.3717,O=C1CNC(=O)CN(CCCc2ccccc2)C(=O)C(Cc2ccccc2)NC(=O)CNC(=O)C2CCCN2C(=O)CN1
7412,2022_Taechalertpaisarn,2022,3-Pye2(Ala3Nal5),7412,CC(C)C[C@@H]1NC(=O)[C@H](Cc2ccc3ccccc3c2)NC(=O)[C@@H](CC(C)C)NC(=O)[C@H](C)NC(=O)[C@@H](CCC(=O)N2CCCC2)NC(=O)[C@H]2CCCN2C1=O,6,Circle,-5.52,,,,2.3256,O=C1CNC(=O)C(CCC(=O)N2CCCC2)NC(=O)C2CCCN2C(=O)CNC(=O)C(Cc2ccc3ccccc3c2)NC(=O)CN1
7417,2022_Taechalertpaisarn,2022,3-Pye2(Nal5),7417,CC(C)C[C@@H]1NC(=O)[C@@H](CCC(=O)N2CCCC2)NC(=O)[C@H]2CCCN2C(=O)[C@H](CC(C)C)NC(=O)[C@H](Cc2ccc3ccccc3c2)NC(=O)[C@@H](CC(C)C)NC1=O,6,Circle,-5.09,,,,3.3518,O=C1CNC(=O)C(CCC(=O)N2CCCC2)NC(=O)C2CCCN2C(=O)CNC(=O)C(Cc2ccc3ccccc3c2)NC(=O)CN1
1505,2016_Furukawa,2016,1.10-12,1505,CCCC[C@@H]1NC(=O)[C@H](CC(C)C)N(C)C(=O)CN(CCCN2CCCC2=O)C(=O)[C@H](C)NC(=O)CN(Cc2ccccc2Cn2cccn2)C(=O)[C@H]2CCCN2C1=O,6,Circle,-7.45,,,,2.1585,O=C1CNC(=O)CN(CCCN2CCCC2=O)C(=O)CNC(=O)CN(Cc2ccccc2Cn2cccn2)C(=O)C2CCCN2C(=O)CN1
1516,2016_Furukawa,2016,1.10-23,1516,CCCC[C@@H]1NC(=O)[C@H](CC(C)C)N(C)C(=O)CN(CCCN2CCCC2=O)C(=O)[C@H](CC(C)C)NC(=O)CN(Cc2ccccc2Cn2cccn2)C(=O)[C@H]2CCCN2C1=O,6,Circle,-6.3,,,,3.1847,O=C1CNC(=O)CN(CCCN2CCCC2=O)C(=O)CNC(=O)CN(Cc2ccccc2Cn2cccn2)C(=O)C2CCCN2C(=O)CN1
1462,2016_Furukawa,2016,1.9-09,1462,CCCC[C@@H]1NC(=O)[C@H](CC(C)C)N(C)C(=O)CN(CCCc2ccccc2)C(=O)[C@H](C)NC(=O)CN(Cc2cc(CC(C)C)on2)C(=O)[C@H]2CCCN2C1=O,6,Circle,-5.32,,,,3.7205,O=C1CNC(=O)CN(CCCc2ccccc2)C(=O)CNC(=O)CN(Cc2ccon2)C(=O)C2CCCN2C(=O)CN1
1472,2016_Furukawa,2016,1.9-19,1472,CCCC[C@@H]1NC(=O)[C@H](CC(C)C)N(C)C(=O)CN(CCCc2ccccc2)C(=O)[C@H](CC(C)C)NC(=O)CN(Cc2cc(CC(C)C)on2)C(=O)[C@H]2CCCN2C1=O,6,Circle,-6.97,,,,4.7467,O=C1CNC(=O)CN(CCCc2ccccc2)C(=O)CNC(=O)CN(Cc2ccon2)C(=O)C2CCCN2C(=O)CN1
1424,2016_Furukawa,2016,1.8-11,1424,CCCC[C@@H]1NC(=O)[C@H](CC(C)C)N(C)C(=O)CN(CCCc2cnn(C)c2)C(=O)[C@H](C)NC(=O)CN(Cc2ccc3c(c2)OCO3)C(=O)[C@H]2CCCN2C1=O,6,Circle,-6.23,,,,1.9962,O=C1CNC(=O)CN(CCCc2cn[nH]c2)C(=O)CNC(=O)CN(Cc2ccc3c(c2)OCO3)C(=O)C2CCCN2C(=O)CN1
1434,2016_Furukawa,2016,1.8-21,1434,CCCC[C@@H]1NC(=O)[C@H](CC(C)C)N(C)C(=O)CN(CCCc2cnn(C)c2)C(=O)[C@H](CC(C)C)NC(=O)CN(Cc2ccc3c(c2)OCO3)C(=O)[C@H]2CCCN2C1=O,6,Circle,-5.44,,,,3.0224,O=C1CNC(=O)CN(CCCc2cn[nH]c2)C(=O)CNC(=O)CN(Cc2ccc3c(c2)OCO3)C(=O)C2CCCN2C(=O)CN1
1377,2016_Furukawa,2016,1.7-04,1377,CCCC[C@@H]1NC(=O)[C@H](CC(C)C)N(C)C(=O)CN(CC2CCCCC2)C(=O)[C@H](C)NC(=O)CN(CCCCc2ccccc2)C(=O)[C@H]2CCCN2C1=O,6,Circle,-6.24,,,,4.3042,O=C1CNC(=O)CN(CC2CCCCC2)C(=O)CNC(=O)CN(CCCCc2ccccc2)C(=O)C2CCCN2C(=O)CN1
1388,2016_Furukawa,2016,1.7-15,1388,CCCC[C@@H]1NC(=O)[C@H](CC(C)C)N(C)C(=O)CN(CC2CCCCC2)C(=O)[C@H](CC(C)C)NC(=O)CN(CCCCc2ccccc2)C(=O)[C@H]2CCCN2C1=O,6,Circle,-8.15,,,,5.3304,O=C1CNC(=O)CN(CC2CCCCC2)C(=O)CNC(=O)CN(CCCCc2ccccc2)C(=O)C2CCCN2C(=O)CN1
1342,2016_Furukawa,2016,1.6-09,1342,CCCC[C@@H]1NC(=O)[C@H](CC(C)C)N(C)C(=O)CN(CCCc2ccccc2)C(=O)[C@H](C)NC(=O)CN(Cc2ccc(Cl)cc2)C(=O)[C@H]2CCCN2C1=O,6,Circle,-6.0,,,,4.1874,O=C1CNC(=O)CN(CCCc2ccccc2)C(=O)CNC(=O)CN(Cc2ccccc2)C(=O)C2CCCN2C(=O)CN1
1352,2016_Furukawa,2016,1.6-19,1352,CCCC[C@@H]1NC(=O)[C@H](CC(C)C)N(C)C(=O)CN(CCCc2ccccc2)C(=O)[C@H](CC(C)C)NC(=O)CN(Cc2ccc(Cl)cc2)C(=O)[C@H]2CCCN2C1=O,6,Circle,-7.97,,,,5.2136,O=C1CNC(=O)CN(CCCc2ccccc2)C(=O)CNC(=O)CN(Cc2ccccc2)C(=O)C2CCCN2C(=O)CN1
1297,2016_Furukawa,2016,1.5-04,1297,CCCC[C@@H]1NC(=O)[C@H](CC(C)C)N(C)C(=O)CN(CC2CCCCC2)C(=O)[C@H](C)NC(=O)CN(CCN2CCOCC2)C(=O)[C@H]2CCCN2C1=O,6,Circle,-5.92,,,,1.6135,O=C1CNC(=O)CN(CC2CCCCC2)C(=O)CNC(=O)CN(CCN2CCOCC2)C(=O)C2CCCN2C(=O)CN1
1308,2016_Furukawa,2016,1.5-15,1308,CCCC[C@@H]1NC(=O)[C@H](CC(C)C)N(C)C(=O)CN(CC2CCCCC2)C(=O)[C@H](CC(C)C)NC(=O)CN(CCN2CCOCC2)C(=O)[C@H]2CCCN2C1=O,6,Circle,-5.18,,,,2.6397,O=C1CNC(=O)CN(CC2CCCCC2)C(=O)CNC(=O)CN(CCN2CCOCC2)C(=O)C2CCCN2C(=O)CN1
7433,2022_Taechalertpaisarn,2022,3-Pye3(Cha2Chg5),7433,CC(C)C[C@@H]1NC(=O)[C@H](c2ccccc2)NC(=O)[C@@H](CC(C)C)NC(=O)[C@H](CCC(=O)N2CCCC2)NC(=O)[C@@H](CC2CCCCC2)NC(=O)[C@H]2CCCN2C1=O,6,Circle,-5.49,,,,3.2529,O=C1CNC(=O)C(CCC(=O)N2CCCC2)NC(=O)C(CC2CCCCC2)NC(=O)C2CCCN2C(=O)CNC(=O)C(c2ccccc2)N1
1526,2016_Furukawa,2016,1.10-33,1526,CCCC[C@@H]1NC(=O)[C@H](CC(C)C)N(C)C(=O)CN(Cc2ccccc2)C(=O)[C@H](Cc2ccc3ccccc3c2)NC(=O)CN(Cc2ccccc2Cn2cccn2)C(=O)[C@H]2CCCN2C1=O,6,Circle,-7.34,,,,5.7222,O=C1CNC(=O)CN(Cc2ccccc2)C(=O)C(Cc2ccc3ccccc3c2)NC(=O)CN(Cc2ccccc2Cn2cccn2)C(=O)C2CCCN2C(=O)CN1
1517,2016_Furukawa,2016,1.10-24,1517,CCCC[C@@H]1NC(=O)[C@H](CC(C)C)N(C)C(=O)CN(CC2CCCCC2)C(=O)[C@H](Cc2ccccc2)NC(=O)CN(Cc2ccccc2Cn2cccn2)C(=O)[C@H]2CCCN2C1=O,6,Circle,-6.95,,,,4.9491,O=C1CNC(=O)CN(CC2CCCCC2)C(=O)C(Cc2ccccc2)NC(=O)CN(Cc2ccccc2Cn2cccn2)C(=O)C2CCCN2C(=O)CN1
1481,2016_Furukawa,2016,1.9-28,1481,CCCC[C@@H]1NC(=O)[C@H](CC(C)C)N(C)C(=O)CN(CCCc2ccccc2)C(=O)[C@H](Cc2ccccc2)NC(=O)CN(Cc2cc(CC(C)C)on2)C(=O)[C@H]2CCCN2C1=O,6,Circle,-7.34,,,,4.9433,O=C1CNC(=O)CN(CCCc2ccccc2)C(=O)C(Cc2ccccc2)NC(=O)CN(Cc2ccon2)C(=O)C2CCCN2C(=O)CN1
1451,2016_Furukawa,2016,1.8-38,1451,CCCC[C@@H]1NC(=O)[C@H](CC(C)C)N(C)C(=O)CN(CCOc2ccccc2)C(=O)[C@H](Cc2ccc3ccccc3c2)NC(=O)CN(Cc2ccc3c(c2)OCO3)C(=O)[C@H]2CCCN2C1=O,6,Circle,-8.88,,,,5.0849,O=C1CNC(=O)CN(CCOc2ccccc2)C(=O)C(Cc2ccc3ccccc3c2)NC(=O)CN(Cc2ccc3c(c2)OCO3)C(=O)C2CCCN2C(=O)CN1
1412,2016_Furukawa,2016,1.7-39,1412,CCCC[C@@H]1NC(=O)[C@H](CC(C)C)N(C)C(=O)CN(CCCc2cnn(C)c2)C(=O)[C@H](Cc2ccc3ccccc3c2)NC(=O)CN(CCCCc2ccccc2)C(=O)[C@H]2CCCN2C1=O,6,Circle,-8.0,,,,5.4662,O=C1CNC(=O)CN(CCCc2cn[nH]c2)C(=O)C(Cc2ccc3ccccc3c2)NC(=O)CN(CCCCc2ccccc2)C(=O)C2CCCN2C(=O)CN1
1405,2016_Furukawa,2016,1.7-32,1405,CCCC[C@@H]1NC(=O)[C@H](CC(C)C)N(C)C(=O)CN(CCCN2CCCC2=O)C(=O)[C@H](Cc2ccccc2)NC(=O)CN(CCCCc2ccccc2)C(=O)[C@H]2CCCN2C1=O,6,Circle,-6.12,,,,3.9592,O=C1CNC(=O)CN(CCCN2CCCC2=O)C(=O)C(Cc2ccccc2)NC(=O)CN(CCCCc2ccccc2)C(=O)C2CCCN2C(=O)CN1
1368,2016_Furukawa,2016,1.6-35,1368,CCCC[C@@H]1NC(=O)[C@H](CC(C)C)N(C)C(=O)CN(CC2CCOCC2)C(=O)[C@H](Cc2ccc3ccccc3c2)NC(=O)CN(Cc2ccc(Cl)cc2)C(=O)[C@H]2CCCN2C1=O,6,Circle,-7.82,,,,5.3572,O=C1CNC(=O)CN(CC2CCOCC2)C(=O)C(Cc2ccc3ccccc3c2)NC(=O)CN(Cc2ccccc2)C(=O)C2CCCN2C(=O)CN1
1359,2016_Furukawa,2016,1.6-26,1359,CCCC[C@@H]1NC(=O)[C@H](CC(C)C)N(C)C(=O)CN(CCc2cccnc2)C(=O)[C@H](Cc2ccccc2)NC(=O)CN(Cc2ccc(Cl)cc2)C(=O)[C@H]2CCCN2C1=O,6,Circle,-6.12,,,,4.4151,O=C1CNC(=O)CN(CCc2cccnc2)C(=O)C(Cc2ccccc2)NC(=O)CN(Cc2ccccc2)C(=O)C2CCCN2C(=O)CN1
1324,2016_Furukawa,2016,1.5-31,1324,CCCC[C@@H]1NC(=O)[C@H](CC(C)C)N(C)C(=O)CN(CCCc2cnn(C)c2)C(=O)[C@H](Cc2ccccc2)NC(=O)CN(CCN2CCOCC2)C(=O)[C@H]2CCCN2C1=O,6,Circle,-6.63,,,,1.6223,O=C1CNC(=O)CN(CCCc2cn[nH]c2)C(=O)C(Cc2ccccc2)NC(=O)CN(CCN2CCOCC2)C(=O)C2CCCN2C(=O)CN1
1099,2015_Wang,2015,Compound.55,1099,CC[C@H](C)[C@@H]1NC(=O)[C@H](Cc2ccc(O)cc2)NC(=O)[C@H](Cc2ccccc2)NC(=O)CNC(=O)[C@H](C(C)C)NC(=O)CNC1=O,6,Circle,-8.0,-7.22,,,0.0647,O=C1CNC(=O)CNC(=O)C(Cc2ccccc2)NC(=O)C(Cc2ccccc2)NC(=O)CNC(=O)CN1
