CycPeptMPDB_ID,Source,Year,Original_Name_in_Source_Literature,Structurally_Unique_ID,SMILES,Monomer_Length,Molecule_Shape,PAMPA,Caco2,MDCK,RRCK,MolLogP,Scaffold,Normalized_PAMPA,Binary,Soft_Label
531,2013_CHUGAI,2013,DP-523,531,CC(C)C[C@H]1C(=O)N[C@@H](COC(C)(C)C)C(=O)N[C@H](C(=O)N2CCCCC2)CC(=O)N(C)[C@@H](C)C(=O)N(C)[C@@H](Cc2ccccc2)C(=O)N(C)[C@@H](CC(C)C)C(=O)N[C@@H]([C@@H](C)O)C(=O)N(C)CC(=O)N1C,9,Lariat,-4.7,,,,1.1741,O=C1CNC(=O)CNC(=O)CNC(=O)C(Cc2ccccc2)NC(=O)CNC(=O)CC(C(=O)N2CCCCC2)NC(=O)CNC(=O)CN1,0.6499999999999999,1,1.0
535,2013_CHUGAI,2013,DP-527,535,CC(C)C[C@H]1C(=O)N[C@H](C(=O)N2CCCCC2)CC(=O)N(C)[C@H](C)C(=O)N(C)[C@@H](Cc2ccccc2)C(=O)N(C)[C@@H](CC(C)C)C(=O)N[C@@H]([C@@H](C)O)C(=O)N(C)CC(=O)N[C@@H](COC(C)(C)C)C(=O)N1C,9,Lariat,-4.96,,,,1.1741,O=C1CNC(=O)CNC(=O)CNC(=O)C(Cc2ccccc2)NC(=O)CNC(=O)CC(C(=O)N2CCCCC2)NC(=O)CNC(=O)CN1,0.52,1,1.0
536,2013_CHUGAI,2013,DP-528,536,CC(C)C[C@H]1C(=O)N[C@@H](COC(C)(C)C)C(=O)N[C@H](C(=O)N2CCCCC2)CC(=O)N[C@H](C)C(=O)N(C)[C@@H](Cc2ccccc2)C(=O)N(C)[C@@H](CC(C)C)C(=O)N[C@@H]([C@@H](C)O)C(=O)N(C)CC(=O)N1C,9,Lariat,-4.89,,,,0.8319,O=C1CNC(=O)CNC(=O)CNC(=O)C(Cc2ccccc2)NC(=O)CNC(=O)CC(C(=O)N2CCCCC2)NC(=O)CNC(=O)CN1,0.5550000000000002,1,1.0
537,2013_CHUGAI,2013,DP-529,537,CC(C)C[C@H]1C(=O)N[C@@H](COC(C)(C)C)C(=O)N[C@H](C(=O)N2CCCCC2)CC(=O)N[C@H](C)C(=O)N(C)[C@@H](Cc2ccccc2)C(=O)N(C)[C@@H](CC(C)C)C(=O)N[C@@H]([C@@H](C)O)C(=O)N(C)[C@@H](C)C(=O)N1C,9,Lariat,-4.64,,,,1.2204,O=C1CNC(=O)CNC(=O)CNC(=O)C(Cc2ccccc2)NC(=O)CNC(=O)CC(C(=O)N2CCCCC2)NC(=O)CNC(=O)CN1,0.6800000000000002,1,1.0
647,2013_CHUGAI,2013,DP-682,647,CC(C)C[C@H]1C(=O)N[C@H](C(=O)N2CCCCC2)CC(=O)N(C)[C@H](C)C(=O)N(C)[C@@H](Cc2ccccc2)C(=O)N(C)[C@@H](CC(C)C)C(=O)N[C@@H]([C@@H](C)O)C(=O)N(C)[C@@H](C)C(=O)N[C@@H](COC(C)(C)C)C(=O)N1C,9,Lariat,-4.89,,,,1.5626,O=C1CNC(=O)CNC(=O)CNC(=O)C(Cc2ccccc2)NC(=O)CNC(=O)CC(C(=O)N2CCCCC2)NC(=O)CNC(=O)CN1,0.5550000000000002,1,1.0
648,2013_CHUGAI,2013,DP-683,648,CC(C)C[C@H]1C(=O)N[C@H](C(=O)N2CCCCC2)CC(=O)N(C)[C@H](C)C(=O)N(C)[C@@H](Cc2ccccc2)C(=O)N(C)[C@@H](CC(C)C)C(=O)N[C@@H]([C@@H](C)O)C(=O)N(C)[C@@H](CC(C)C)C(=O)N[C@@H](COC(C)(C)C)C(=O)N1C,9,Lariat,-4.49,,,,2.5888,O=C1CNC(=O)CNC(=O)CNC(=O)C(Cc2ccccc2)NC(=O)CNC(=O)CC(C(=O)N2CCCCC2)NC(=O)CNC(=O)CN1,0.7549999999999999,1,1.0
649,2013_CHUGAI,2013,DP-684,649,CC(C)C[C@H]1C(=O)N[C@H](C(=O)N2CCCCC2)CC(=O)N[C@H](C)C(=O)N(C)[C@@H](Cc2ccccc2)C(=O)N(C)[C@@H](CC(C)C)C(=O)N[C@@H]([C@@H](C)O)C(=O)N(C)[C@@H](CC(C)C)C(=O)N[C@@H](COC(C)(C)C)C(=O)N1C,9,Lariat,-4.64,,,,2.2466,O=C1CNC(=O)CNC(=O)CNC(=O)C(Cc2ccccc2)NC(=O)CNC(=O)CC(C(=O)N2CCCCC2)NC(=O)CNC(=O)CN1,0.6800000000000002,1,1.0
654,2013_CHUGAI,2013,DP-689,654,CC(C)C[C@H]1C(=O)N(C)[C@@H](Cc2ccccc2)C(=O)N(C)[C@@H](CC(C)C)C(=O)N[C@@H]([C@@H](C)O)C(=O)N(C)CC(=O)N[C@@H](COC(C)(C)C)C(=O)N(C)[C@@H](CC(C)C)C(=O)N[C@H](C(=O)N2CCCCC2)CC(=O)N1C,9,Lariat,-4.36,,,,2.2003,O=C1CNC(=O)CNC(=O)CNC(=O)C(Cc2ccccc2)NC(=O)CNC(=O)CC(C(=O)N2CCCCC2)NC(=O)CNC(=O)CN1,0.8199999999999998,1,1.0
655,2013_CHUGAI,2013,DP-690,655,CC(C)C[C@@H]1NC(=O)[C@H]([C@@H](C)O)NC(=O)[C@H](CC(C)C)N(C)C(=O)CN(C)C(=O)[C@H](Cc2ccccc2)N(C)C(=O)[C@H](C(C)C)NC(=O)C[C@@H](C(=O)N2CCCCC2)NC(=O)[C@H](CC(C)C)N(C)C1=O,9,Lariat,-4.48,,,,1.699,O=C1CNC(=O)CNC(=O)CNC(=O)C(Cc2ccccc2)NC(=O)CNC(=O)CC(C(=O)N2CCCCC2)NC(=O)CNC(=O)CN1,0.7599999999999998,1,1.0
656,2013_CHUGAI,2013,DP-691,656,CC(C)C[C@@H]1NC(=O)CN(C)C(=O)[C@H](CC(C)C)N(C)C(=O)[C@H]([C@@H](C)O)NC(=O)[C@H](CC(C)C)N(C)C(=O)[C@H](Cc2ccccc2)N(C)C(=O)[C@H](C(C)C)NC(=O)C[C@@H](C(=O)N2CCCCC2)NC1=O,9,Lariat,-4.48,,,,1.699,O=C1CNC(=O)CNC(=O)CNC(=O)C(Cc2ccccc2)NC(=O)CNC(=O)CC(C(=O)N2CCCCC2)NC(=O)CNC(=O)CN1,0.7599999999999998,1,1.0
657,2013_CHUGAI,2013,DP-692,657,CC(C)C[C@@H]1NC(=O)C[C@@H](C(=O)N2CCCCC2)NC(=O)[C@H](COC(C)(C)C)NC(=O)[C@H](CC(C)C)N(C)C(=O)CN(C)C(=O)[C@H]([C@@H](C)O)NC(=O)[C@H](CC(C)C)N(C)C(=O)[C@H](Cc2ccccc2)N(C)C1=O,9,Lariat,-4.54,,,,1.8581,O=C1CNC(=O)CNC(=O)CNC(=O)C(Cc2ccccc2)NC(=O)CNC(=O)CC(C(=O)N2CCCCC2)NC(=O)CNC(=O)CN1,0.73,1,1.0
658,2013_CHUGAI,2013,DP-693,658,CC(C)C[C@H]1C(=O)N(C)[C@@H](CC(C)C)C(=O)N[C@H](C(=O)N2CCCCC2)CC(=O)N[C@@H](C(C)C)C(=O)N(C)[C@@H](Cc2ccccc2)C(=O)N[C@@H]([C@@H](C)O)C(=O)N(C)CC(=O)N[C@@H](COC(C)(C)C)C(=O)N1C,9,Lariat,-4.46,,,,1.468,O=C1CNC(=O)CNC(=O)CNC(=O)C(Cc2ccccc2)NC(=O)CNC(=O)CC(C(=O)N2CCCCC2)NC(=O)CNC(=O)CN1,0.77,1,1.0
659,2013_CHUGAI,2013,DP-694,659,CC(C)C[C@H]1C(=O)N(C)[C@@H](CC(C)C)C(=O)N[C@@H](COC(C)(C)C)C(=O)N[C@H](C(=O)N2CCCCC2)CC(=O)N[C@@H](C(C)C)C(=O)N(C)[C@@H](Cc2ccccc2)C(=O)N(C)CC(=O)N[C@@H]([C@@H](C)O)C(=O)N1C,9,Lariat,-4.48,,,,1.468,O=C1CNC(=O)CNC(=O)CNC(=O)C(Cc2ccccc2)NC(=O)CNC(=O)CC(C(=O)N2CCCCC2)NC(=O)CNC(=O)CN1,0.7599999999999998,1,1.0
661,2013_CHUGAI,2013,DP-696,661,CC(C)C[C@@H]1NC(=O)[C@H]([C@@H](C)O)NC(=O)[C@H](CC(C)C)N(C)C(=O)[C@H](Cc2ccccc2)N(C)C(=O)[C@H](C)N(C)C(=O)C[C@@H](C(=O)N2CCCCC2)NC(=O)[C@H](COC(C)(C)C)NC(=O)[C@H](CC(C)C)N(C)C1=O,9,Lariat,-4.43,,,,2.2466,O=C1CNC(=O)CNC(=O)CNC(=O)C(Cc2ccccc2)NC(=O)CNC(=O)CC(C(=O)N2CCCCC2)NC(=O)CNC(=O)CN1,0.7850000000000001,1,1.0
662,2013_CHUGAI,2013,DP-697,662,CC(C)C[C@H]1C(=O)N[C@H](C(=O)N2CCCCC2)CC(=O)N(C)[C@@H](C)C(=O)N(C)[C@@H](Cc2ccccc2)C(=O)N(C)[C@@H](CC(C)C)C(=O)N[C@@H]([C@@H](C)O)C(=O)N(C)CC(=O)N[C@@H](COC(C)(C)C)C(=O)N1C,9,Lariat,-4.46,,,,1.1741,O=C1CNC(=O)CNC(=O)CNC(=O)C(Cc2ccccc2)NC(=O)CNC(=O)CC(C(=O)N2CCCCC2)NC(=O)CNC(=O)CN1,0.77,1,1.0
663,2013_CHUGAI,2013,DP-698,663,CC(C)C[C@@H]1NC(=O)[C@H](CC(C)C)N(C)C(=O)[C@H](COC(C)(C)C)NC(=O)[C@H](Cc2ccccc2)N(C)C(=O)[C@H](C)N(C)C(=O)C[C@@H](C(=O)N2CCCCC2)NC(=O)[C@H](CC(C)C)N(C)C(=O)[C@H]([C@@H](C)O)NC1=O,9,Lariat,-4.51,,,,2.2466,O=C1CNC(=O)CNC(=O)CNC(=O)C(Cc2ccccc2)NC(=O)CNC(=O)CC(C(=O)N2CCCCC2)NC(=O)CNC(=O)CN1,0.7450000000000001,1,1.0
672,2013_CHUGAI,2013,DP-707,672,CC(C)C[C@H]1C(=O)N[C@@H](COC(C)(C)C)C(=O)N[C@H](C(=O)N2CCCCC2)CC(=O)N(C)[C@@H](C)C(=O)N(C)[C@@H](Cc2ccccc2)C(=O)N(C)[C@@H](CC(C)C)C(=O)N[C@@H]([C@@H](C)O)C(=O)N(C)[C@@H](C)C(=O)N1C,9,Lariat,-4.54,,,,1.5626,O=C1CNC(=O)CNC(=O)CNC(=O)C(Cc2ccccc2)NC(=O)CNC(=O)CC(C(=O)N2CCCCC2)NC(=O)CNC(=O)CN1,0.73,1,1.0
673,2013_CHUGAI,2013,DP-708,673,CC(C)C[C@H]1C(=O)N[C@H](C(=O)N2CCCCC2)CC(=O)N[C@H](C)C(=O)N(C)[C@@H](Cc2ccccc2)C(=O)N(C)[C@@H](CC(C)C)C(=O)N[C@@H]([C@@H](C)O)C(=O)N(C)[C@@H](C)C(=O)N[C@@H](COC(C)(C)C)C(=O)N1C,9,Lariat,-4.8,,,,1.2204,O=C1CNC(=O)CNC(=O)CNC(=O)C(Cc2ccccc2)NC(=O)CNC(=O)CC(C(=O)N2CCCCC2)NC(=O)CNC(=O)CN1,0.6000000000000001,1,1.0
529,2013_CHUGAI,2013,DP-521,529,CC(C)C[C@H]1C(=O)N(C)[C@@H](Cc2ccccc2)C(=O)N[C@H](C(=O)N2CCCCC2)CC(=O)N(C)CC(=O)N[C@@H]([C@@H](C)O)C(=O)N(C)[C@@H](C)C(=O)N[C@@H](COC(C)(C)C)C(=O)N(C)[C@@H](Cc2ccccc2)C(=O)N1C,9,Lariat,-4.36,,,,1.3707,O=C1CNC(=O)CNC(=O)CC(C(=O)N2CCCCC2)NC(=O)C(Cc2ccccc2)NC(=O)CNC(=O)C(Cc2ccccc2)NC(=O)CNC(=O)CN1,0.8199999999999998,1,1.0
534,2013_CHUGAI,2013,DP-526,534,CC(C)C[C@H]1C(=O)N(C)[C@@H](Cc2ccccc2)C(=O)N[C@H](C(=O)N2CCCCC2)CC(=O)N[C@H](C(C)C)C(=O)N[C@@H](C)C(=O)N[C@@H]([C@@H](C)O)C(=O)N(C)[C@@H](C)C(=O)N[C@@H](Cc2ccccc2)C(=O)N1C,9,Lariat,-4.85,,,,0.9157,O=C1CNC(=O)CNC(=O)CC(C(=O)N2CCCCC2)NC(=O)C(Cc2ccccc2)NC(=O)CNC(=O)C(Cc2ccccc2)NC(=O)CNC(=O)CN1,0.5750000000000002,1,1.0
664,2013_CHUGAI,2013,DP-699,664,CC(C)C[C@H]1C(=O)N(C)[C@@H](Cc2ccccc2)C(=O)N[C@H](C(=O)N2CCCCC2)CC(=O)N(C)[C@@H](C)C(=O)N[C@@H](C)C(=O)N[C@@H]([C@@H](C)O)C(=O)N(C)[C@@H](CC(C)C)C(=O)N[C@@H](Cc2ccccc2)C(=O)N1C,9,Lariat,-4.54,,,,1.648,O=C1CNC(=O)CNC(=O)CC(C(=O)N2CCCCC2)NC(=O)C(Cc2ccccc2)NC(=O)CNC(=O)C(Cc2ccccc2)NC(=O)CNC(=O)CN1,0.73,1,1.0
666,2013_CHUGAI,2013,DP-701,666,CC(C)C[C@@H]1NC(=O)[C@@H](C(C)C)NC(=O)C[C@@H](C(=O)N2CCCCC2)NC(=O)[C@H](Cc2ccccc2)N(C)C(=O)[C@H](CC(C)C)N(C)C(=O)[C@H](Cc2ccccc2)NC(=O)[C@H](C)N(C)C(=O)[C@H]([C@@H](C)O)NC1=O,9,Lariat,-4.51,,,,1.9419,O=C1CNC(=O)CNC(=O)CC(C(=O)N2CCCCC2)NC(=O)C(Cc2ccccc2)NC(=O)CNC(=O)C(Cc2ccccc2)NC(=O)CNC(=O)CN1,0.7450000000000001,1,1.0
667,2013_CHUGAI,2013,DP-702,667,CC(C)C[C@@H]1NC(=O)[C@@H](C(C)C)NC(=O)C[C@@H](C(=O)N2CCCCC2)NC(=O)[C@H](Cc2ccccc2)NC(=O)[C@H](CC(C)C)N(C)C(=O)[C@H](Cc2ccccc2)N(C)C(=O)[C@H](C)N(C)C(=O)[C@H]([C@@H](C)O)NC1=O,9,Lariat,-4.6,,,,1.9419,O=C1CNC(=O)CNC(=O)CC(C(=O)N2CCCCC2)NC(=O)C(Cc2ccccc2)NC(=O)CNC(=O)C(Cc2ccccc2)NC(=O)CNC(=O)CN1,0.7000000000000002,1,1.0
675,2013_CHUGAI,2013,DP-710,675,CC(C)C[C@H]1C(=O)N(C)[C@@H](Cc2ccccc2)C(=O)N[C@H](C(=O)N2CCCCC2)CC(=O)N(C)[C@@H](C)C(=O)N[C@@H]([C@@H](C)O)C(=O)N(C)CC(=O)N[C@@H](COC(C)(C)C)C(=O)N(C)[C@@H](Cc2ccccc2)C(=O)N1C,9,Lariat,-4.36,,,,1.3707,O=C1CNC(=O)CNC(=O)CC(C(=O)N2CCCCC2)NC(=O)C(Cc2ccccc2)NC(=O)CNC(=O)C(Cc2ccccc2)NC(=O)CNC(=O)CN1,0.8199999999999998,1,1.0
7273,2022_Bhardwaj,2022,D9.14,7273,CC[C@H](C)[C@@H]1NC(=O)[C@@H](CC(C)C)NC(=O)[C@@H]2CCCN2C(=O)[C@@H]2CCCN2C(=O)[C@@H](CC(C)C)NC(=O)[C@@H]2CCCN2C(=O)[C@H]2CCCN2C(=O)[C@@H](C(C)C)NC(=O)[C@@H](C)N(C)C1=O,9,Circle,-6.23,,,,1.5444,O=C1CNC(=O)CNC(=O)C2CCCN2C(=O)C2CCCN2C(=O)CNC(=O)C2CCCN2C(=O)C2CCCN2C(=O)CNC(=O)CN1,-0.11500000000000021,0,0.4424999999999999
7280,2022_Bhardwaj,2022,D9.22,7280,CC(C)C[C@@H]1NC(=O)[C@@H]2CCCN2C(=O)[C@H]2CCCN2C(=O)[C@@H](C)N(C)C(=O)[C@@H](CC(C)C)N(C)C(=O)[C@H](C(C)C)NC(=O)[C@@H](C)N(C)C(=O)[C@H]2CCCN2C(=O)[C@@H]2CCCN2C1=O,9,Circle,-6.72,,,,1.2026,O=C1CNC(=O)CNC(=O)C2CCCN2C(=O)C2CCCN2C(=O)CNC(=O)C2CCCN2C(=O)C2CCCN2C(=O)CNC(=O)CN1,-0.3599999999999999,0,0.0
7282,2022_Bhardwaj,2022,D9.24,7282,CSCC[C@H]1C(=O)N(C)[C@H](C)C(=O)N[C@H](CC(C)C)C(=O)N2CCC[C@@H]2C(=O)N2CCC[C@H]2C(=O)N[C@@H](CC(C)C)C(=O)N2CCC[C@H]2C(=O)N2CCC[C@@H]2C(=O)N[C@H](C(C)C)C(=O)N1C,9,Circle,-7.06,,,,1.5936,O=C1CNC(=O)CNC(=O)C2CCCN2C(=O)C2CCCN2C(=O)CNC(=O)C2CCCN2C(=O)C2CCCN2C(=O)CNC(=O)CN1,-0.5299999999999998,0,0.0
7285,2022_Bhardwaj,2022,D9.27,7285,CC(C)C[C@@H]1NC(=O)[C@@H](C)N(C)C(=O)[C@@H](CC(C)C)N(C)C(=O)[C@@H]2CCCN2C(=O)[C@H]2CCCN2C(=O)[C@@H](C)NC(=O)[C@@H]2CCCN2C(=O)[C@H]2CCCN2C(=O)[C@@H](CC(C)C)NC1=O,9,Circle,-7.48,,,,1.2505,O=C1CNC(=O)CNC(=O)C2CCCN2C(=O)C2CCCN2C(=O)CNC(=O)C2CCCN2C(=O)C2CCCN2C(=O)CNC(=O)CN1,-0.7400000000000002,0,0.0
1878,2017_Pye,2017,cpd.9.1,1878,CCC[C@H]1C(=O)N(C)[C@H](CC)C(=O)N(C)[C@@H](C)C(=O)N(C)[C@H](CC)C(=O)N(C)[C@H](C)C(=O)N(C)[C@@H](C)C(=O)N(C)[C@H](CC)C(=O)N2CCC[C@@H]2C(=O)N(C)[C@@H](Cc2ccc(O)cc2)C(=O)N1C,9,Circle,-7.3,,,-6.89,1.6451,O=C1CNC(=O)CNC(=O)CNC(=O)CNC(=O)C(Cc2ccccc2)NC(=O)C2CCCN2C(=O)CNC(=O)CNC(=O)CN1,-0.6499999999999999,0,0.0
1879,2017_Pye,2017,cpd.9.2,1879,CCCC[C@H]1C(=O)N(C)[C@H](C)C(=O)N2CCC[C@@H]2C(=O)N(C)[C@@H](Cc2ccc(O)cc2)C(=O)N(C)[C@@H](CCC)C(=O)N(C)[C@H](CC)C(=O)N(C)[C@@H](C)C(=O)N(C)[C@H](CCCC)C(=O)N(C)[C@H](C)C(=O)N1C,9,Circle,-6.1,,,-6.21,3.2055,O=C1CNC(=O)CNC(=O)CNC(=O)CNC(=O)C(Cc2ccccc2)NC(=O)C2CCCN2C(=O)CNC(=O)CNC(=O)CN1,-0.04999999999999982,0,0.4750000000000001
1880,2017_Pye,2017,cpd.9.3,1880,CCC[C@H]1C(=O)N(C)[C@H](CC)C(=O)N(C)[C@@H](CCC)C(=O)N(C)[C@H](CCC)C(=O)N(C)[C@H](CCC)C(=O)N(C)[C@@H](CC)C(=O)N(C)[C@H](CCC)C(=O)N2CCC[C@@H]2C(=O)N(C)[C@@H](Cc2ccc(O)cc2)C(=O)N1C,9,Circle,-5.35,,,-5.45,4.3758,O=C1CNC(=O)CNC(=O)CNC(=O)CNC(=O)C(Cc2ccccc2)NC(=O)C2CCCN2C(=O)CNC(=O)CNC(=O)CN1,0.3250000000000002,1,1.0
1881,2017_Pye,2017,cpd.9.4,1881,CCCC[C@H]1C(=O)N(C)[C@H](CCCC)C(=O)N(C)[C@H](CCCC)C(=O)N(C)[C@@H](CCCC)C(=O)N(C)[C@H](CCCC)C(=O)N2CCC[C@@H]2C(=O)N(C)[C@@H](Cc2ccc(O)cc2)C(=O)N(C)[C@@H](CCC)C(=O)N(C)[C@H](CC)C(=O)N1C,9,Circle,-8.0,,,-7.0,6.7164,O=C1CNC(=O)CNC(=O)CNC(=O)CNC(=O)C(Cc2ccccc2)NC(=O)C2CCCN2C(=O)CNC(=O)CNC(=O)CN1,-1.0,0,0.0
533,2013_CHUGAI,2013,DP-525,533,CC(C)C[C@H]1C(=O)N(C)[C@@H](CC(C)C)C(=O)N[C@H](C(=O)N2CCCCC2)CC(=O)N(C)CCCC(=O)N(C)[C@@H](Cc2ccccc2)C(=O)N[C@@H]([C@@H](C)O)C(=O)N(C)CC(=O)N[C@@H](COC(C)(C)C)C(=O)N1C,9,Lariat,-4.66,,,,1.5658,O=C1CNC(=O)CNC(=O)CNC(=O)C(Cc2ccccc2)NC(=O)CCCNC(=O)CC(C(=O)N2CCCCC2)NC(=O)CNC(=O)CN1,0.6699999999999999,1,1.0
650,2013_CHUGAI,2013,DP-685,650,CC(C)C[C@H]1C(=O)N(C)[C@@H](CC(C)C)C(=O)N[C@H](C(=O)N2CCCCC2)CC(=O)N(C)CCCC(=O)N(C)[C@@H](Cc2ccccc2)C(=O)N[C@@H]([C@@H](C)O)C(=O)N(C)[C@@H](C)C(=O)N[C@@H](COC(C)(C)C)C(=O)N1C,9,Lariat,-4.55,,,,1.9543,O=C1CNC(=O)CNC(=O)CNC(=O)C(Cc2ccccc2)NC(=O)CCCNC(=O)CC(C(=O)N2CCCCC2)NC(=O)CNC(=O)CN1,0.7250000000000001,1,1.0
651,2013_CHUGAI,2013,DP-686,651,CC(C)C[C@H]1C(=O)N(C)[C@@H](CC(C)C)C(=O)N[C@H](C(=O)N2CCCCC2)CC(=O)N(C)CCCC(=O)N(C)[C@@H](Cc2ccccc2)C(=O)N[C@@H]([C@@H](C)O)C(=O)N(C)[C@@H](CC(C)C)C(=O)N[C@@H](COC(C)(C)C)C(=O)N1C,9,Lariat,-4.44,,,,2.9805,O=C1CNC(=O)CNC(=O)CNC(=O)C(Cc2ccccc2)NC(=O)CCCNC(=O)CC(C(=O)N2CCCCC2)NC(=O)CNC(=O)CN1,0.7799999999999998,1,1.0
660,2013_CHUGAI,2013,DP-695,660,CC(C)C[C@H]1C(=O)N(C)[C@@H](CC(C)C)C(=O)N[C@@H](COC(C)(C)C)C(=O)N[C@H](C(=O)N2CCCCC2)CC(=O)N(C)CCCC(=O)N(C)[C@@H](Cc2ccccc2)C(=O)N[C@@H]([C@@H](C)O)C(=O)N(C)CC(=O)N1C,9,Lariat,-4.82,,,,1.5658,O=C1CNC(=O)CNC(=O)CNC(=O)C(Cc2ccccc2)NC(=O)CCCNC(=O)CC(C(=O)N2CCCCC2)NC(=O)CNC(=O)CN1,0.5899999999999999,1,1.0
7263,2022_Bhardwaj,2022,D9.1,7263,CC[C@H](C)[C@@H]1NC(=O)[C@@H](CC(C)C)N(C)C(=O)[C@@H]2CCCN2C(=O)[C@H](C(C)C)NC(=O)C(C)(C)NC(=O)[C@H](CC(C)C)NC(=O)C(C)(C)NC(=O)[C@@H]2CCCN2C(=O)[C@H]2CCCN2C1=O,9,Circle,-5.8,-6.05,,,1.8383,O=C1CNC(=O)CNC(=O)C2CCCN2C(=O)C2CCCN2C(=O)CNC(=O)CNC(=O)C2CCCN2C(=O)CNC(=O)CN1,0.10000000000000009,1,0.55
7281,2022_Bhardwaj,2022,D9.23,7281,CC[C@@H](C)[C@H]1NC(=O)[C@@H](C)N(C)C(=O)[C@@H]([C@H](C)CC)NC(=O)[C@@H](CC(C)C)NC(=O)[C@@H]2CCCN2C(=O)[C@H]2CCCN2C(=O)[C@@H](C(C)C)NC(=O)[C@H](C)NC(=O)[C@@H]2CCCN2C1=O,9,Circle,-6.85,,,,1.0581,O=C1CNC(=O)CNC(=O)C2CCCN2C(=O)C2CCCN2C(=O)CNC(=O)CNC(=O)C2CCCN2C(=O)CNC(=O)CN1,-0.4249999999999998,0,0.0
7291,2022_Bhardwaj,2022,D9.33,7291,CC[C@H](C)[C@@H]1NC(=O)CNC(=O)[C@@H]2CCCN2C(=O)[C@H]2CCCN2C(=O)[C@H]([C@@H](C)CC)NC(=O)[C@@H](C)N(C)C(=O)[C@@H]2CCCN2C(=O)[C@H](C(C)C)NC(=O)[C@@H](CC(C)C)NC1=O,9,Circle,-6.5,,,,0.6696,O=C1CNC(=O)CNC(=O)C2CCCN2C(=O)C2CCCN2C(=O)CNC(=O)CNC(=O)C2CCCN2C(=O)CNC(=O)CN1,-0.25,0,0.375
754,2013_CHUGAI,2013,DP-789,754,CC[C@H](C)[C@H]1C(=O)N[C@@H](C)CC(=O)N(C)[C@H](C)C(=O)N(C)[C@@H](Cc2ccccc2)C(=O)N(C)[C@@H](CC(C)C)C(=O)N[C@@H]([C@@H](C)O)C(=O)N(C)CC(=O)N[C@@H](COC(C)(C)C)C(=O)N(C)[C@@H](CC(C)C)C(=O)N1C,9,Circle,-4.46,,,,2.0546,O=C1CCNC(=O)CNC(=O)CNC(=O)CNC(=O)CNC(=O)CNC(=O)CNC(=O)C(Cc2ccccc2)NC(=O)CN1,0.77,1,1.0
764,2013_CHUGAI,2013,DP-799,764,CC[C@H](C)[C@H]1C(=O)N[C@@H](C)CC(=O)N(C)[C@H](C)C(=O)N(C)[C@@H](Cc2cccc(Cl)c2)C(=O)N(C)[C@@H](CC(C)C)C(=O)N[C@@H]([C@@H](C)O)C(=O)N(C)CC(=O)N[C@@H](COC(C)(C)C)C(=O)N(C)[C@@H](CC(C)C)C(=O)N1C,9,Circle,-4.49,,,,2.708,O=C1CCNC(=O)CNC(=O)CNC(=O)CNC(=O)CNC(=O)CNC(=O)CNC(=O)C(Cc2ccccc2)NC(=O)CN1,0.7549999999999999,1,1.0
766,2013_CHUGAI,2013,DP-801,766,CC(C)C[C@H]1C(=O)N[C@@H](COC(C)(C)C)C(=O)N[C@@H](C)CC(=O)N[C@H](C(C)C)C(=O)N(C)[C@@H](Cc2cccc(Cl)c2)C(=O)N(C)[C@@H](C)C(=O)N(C)[C@@H](CC(C)C)C(=O)N[C@@H]([C@@H](C)O)C(=O)N(C)[C@@H](C)C(=O)N1C,9,Circle,-4.22,,,,2.3642,O=C1CCNC(=O)CNC(=O)CNC(=O)CNC(=O)CNC(=O)CNC(=O)CNC(=O)C(Cc2ccccc2)NC(=O)CN1,0.8900000000000001,1,1.0
753,2013_CHUGAI,2013,DP-788,753,CC(C)C[C@H]1C(=O)N(C)[C@@H](Cc2ccccc2)C(=O)N(C)[C@@H](CC(C)C)C(=O)N[C@@H](C)CC(=O)N[C@H](C(C)C)C(=O)N[C@@H](C)C(=O)N[C@@H]([C@@H](C)O)C(=O)N(C)[C@@H](C)C(=O)N[C@@H](Cc2ccccc2)C(=O)N1C,9,Circle,-4.31,,,,1.7962,O=C1CCNC(=O)CNC(=O)C(Cc2ccccc2)NC(=O)CNC(=O)C(Cc2ccccc2)NC(=O)CNC(=O)CNC(=O)CNC(=O)CN1,0.8450000000000002,1,1.0
755,2013_CHUGAI,2013,DP-790,755,CC(C)C[C@@H]1NC(=O)[C@@H](C(C)C)NC(=O)C[C@H](C)NC(=O)[C@H](CC(C)C)N(C)C(=O)[C@H](Cc2ccccc2)N(C)C(=O)[C@H](CC(C)C)N(C)C(=O)[C@H](Cc2ccc(C(F)(F)F)cc2)NC(=O)[C@H](C)N(C)C(=O)[C@H]([C@@H](C)O)NC1=O,9,Circle,-4.25,,,,3.8412,O=C1CCNC(=O)CNC(=O)C(Cc2ccccc2)NC(=O)CNC(=O)C(Cc2ccccc2)NC(=O)CNC(=O)CNC(=O)CNC(=O)CN1,0.875,1,1.0
757,2013_CHUGAI,2013,DP-792,757,CC(C)C[C@@H]1NC(=O)[C@@H](C(C)C)NC(=O)C[C@H](C)NC(=O)[C@H](CC(C)C)N(C)C(=O)[C@H](Cc2cccc(Cl)c2)N(C)C(=O)[C@H](CC(C)C)N(C)C(=O)[C@H](Cc2ccc(C(F)(F)F)cc2)NC(=O)[C@H](C)N(C)C(=O)[C@H]([C@@H](C)O)NC1=O,9,Circle,-4.48,,,,4.4946,O=C1CCNC(=O)CNC(=O)C(Cc2ccccc2)NC(=O)CNC(=O)C(Cc2ccccc2)NC(=O)CNC(=O)CNC(=O)CNC(=O)CN1,0.7599999999999998,1,1.0
538,2013_CHUGAI,2013,DP-530,538,CC(C)C[C@@H]1NC(=O)[C@H](Cc2ccccc2)N(C)C(=O)[C@H]([C@@H](C)O)NC(=O)[C@H](Cc2ccccc2)N(C)C(=O)[C@H](C)N(C)C(=O)[C@H](C)NC(=O)C[C@@H](C(=O)N2CCCCC2)NC(=O)[C@@H]2CCCN2C1=O,9,Lariat,-4.96,,,,0.7659,O=C1CNC(=O)CC(C(=O)N2CCCCC2)NC(=O)C2CCCN2C(=O)CNC(=O)C(Cc2ccccc2)NC(=O)CNC(=O)C(Cc2ccccc2)NC(=O)CN1,0.52,1,1.0
652,2013_CHUGAI,2013,DP-687,652,CC(C)C[C@@H]1NC(=O)[C@H](Cc2ccccc2)N(C)C(=O)[C@H]([C@@H](C)O)NC(=O)[C@H](Cc2ccccc2)N(C)C(=O)[C@H](C)N(C)C(=O)[C@H](C)N(C)C(=O)C[C@@H](C(=O)N2CCCCC2)NC(=O)[C@@H]2CCCN2C1=O,9,Lariat,-5.0,,,,1.1081,O=C1CNC(=O)CC(C(=O)N2CCCCC2)NC(=O)C2CCCN2C(=O)CNC(=O)C(Cc2ccccc2)NC(=O)CNC(=O)C(Cc2ccccc2)NC(=O)CN1,0.5,1,1.0
653,2013_CHUGAI,2013,DP-688,653,CC(C)C[C@@H]1NC(=O)[C@H](Cc2ccccc2)N(C)C(=O)[C@H]([C@@H](C)O)NC(=O)[C@H](Cc2ccccc2)N(C)C(=O)[C@H](C)N(C)C(=O)[C@H](CC(C)C)N(C)C(=O)C[C@@H](C(=O)N2CCCCC2)NC(=O)[C@@H]2CCCN2C1=O,9,Lariat,-4.77,,,,2.1343,O=C1CNC(=O)CC(C(=O)N2CCCCC2)NC(=O)C2CCCN2C(=O)CNC(=O)C(Cc2ccccc2)NC(=O)CNC(=O)C(Cc2ccccc2)NC(=O)CN1,0.6150000000000002,1,1.0
530,2013_CHUGAI,2013,DP-522,530,CC(C)C[C@H]1C(=O)NCC(=O)N[C@H](C(=O)N2CCCCC2)CC(=O)N(C)CCC(=O)N[C@@H]([C@@H](C)O)C(=O)N(C)[C@@H](C)C(=O)N[C@@H](COC(C)(C)C)C(=O)N(C)[C@@H](Cc2ccccc2)C(=O)N1C,9,Lariat,-5.28,,,,-0.1927,O=C1CCNC(=O)CC(C(=O)N2CCCCC2)NC(=O)CNC(=O)CNC(=O)C(Cc2ccccc2)NC(=O)CNC(=O)CNC(=O)CN1,0.3599999999999999,1,1.0
669,2013_CHUGAI,2013,DP-704,669,CC(C)C[C@H]1C(=O)N[C@H](C(=O)N2CCCCC2)CC(=O)N(C)CCC(=O)N[C@@H]([C@@H](C)O)C(=O)N(C)[C@@H](C)C(=O)N[C@@H](COC(C)(C)C)C(=O)N(C)[C@@H](Cc2ccccc2)C(=O)N(C)[C@@H](CC(C)C)C(=O)N1C,9,Lariat,-4.54,,,,1.5642,O=C1CCNC(=O)CC(C(=O)N2CCCCC2)NC(=O)CNC(=O)CNC(=O)C(Cc2ccccc2)NC(=O)CNC(=O)CNC(=O)CN1,0.73,1,1.0
670,2013_CHUGAI,2013,DP-705,670,CC(C)C[C@H]1C(=O)N(C)[C@@H](CC(C)C)C(=O)N[C@@H]([C@@H](C)O)C(=O)N(C)[C@@H](Cc2ccccc2)C(=O)N[C@@H](COC(C)(C)C)C(=O)N(C)[C@@H](CC(C)C)C(=O)N[C@H](C(=O)N2CCCCC2)CC(=O)N(C)CCC(=O)N1C,9,Lariat,-4.31,,,,2.5904,O=C1CCNC(=O)CC(C(=O)N2CCCCC2)NC(=O)CNC(=O)CNC(=O)C(Cc2ccccc2)NC(=O)CNC(=O)CNC(=O)CN1,0.8450000000000002,1,1.0
7290,2022_Bhardwaj,2022,D9.32,7290,CC(C)C[C@@H]1NC(=O)[C@H](Cc2ccccc2)N(C)C(=O)[C@H]2CCCN2C(=O)[C@@H](CC(C)C)NC(=O)[C@@H](CC(C)C)NC(=O)[C@H](C)NC(=O)[C@H]2CCCN2C(=O)[C@@H]2CCCN2C(=O)[C@@H](C(C)C)NC1=O,9,Circle,-6.62,,,,2.2809,O=C1CNC(=O)CNC(=O)C2CCCN2C(=O)C2CCCN2C(=O)CNC(=O)CNC(=O)C(Cc2ccccc2)NC(=O)C2CCCN2C(=O)CN1,-0.31000000000000005,0,0.0
7295,2022_Bhardwaj,2022,D9.42,7295,CC[C@H](C)[C@@H]1NC(=O)[C@H]2CCCN2C(=O)[C@@H]2CCCN2C(=O)[C@H](C(C)C)NC(=O)[C@@H](C(C)C)NC(=O)[C@H](Cc2ccccc2)N(C)C(=O)[C@H]2CCCN2C(=O)[C@@H](CC(C)C)N(C)C(=O)[C@@H](CC(C)C)NC1=O,9,Circle,-5.95,,,,3.2592,O=C1CNC(=O)CNC(=O)C2CCCN2C(=O)C2CCCN2C(=O)CNC(=O)CNC(=O)C(Cc2ccccc2)NC(=O)C2CCCN2C(=O)CN1,0.02499999999999991,1,0.5125
7286,2022_Bhardwaj,2022,D9.28,7286,CSCC[C@@H]1NC(=O)[C@@H](C)N(C)C(=O)[C@@H]2CCCN2C(=O)[C@@H](CC(C)C)NC(=O)[C@H](CC(C)C)N(C)C(=O)[C@H]2CCCN2C(=O)[C@H](CC(C)C)NC(=O)[C@@H](CC(C)C)NC(=O)[C@@H](C)NC1=O,9,Circle,-5.8,,,,2.0373,O=C1CNC(=O)CNC(=O)CNC(=O)C2CCCN2C(=O)CNC(=O)CNC(=O)C2CCCN2C(=O)CNC(=O)CN1,0.10000000000000009,1,0.55
7288,2022_Bhardwaj,2022,D9.30,7288,CC[C@@H](C)[C@H]1NC(=O)[C@H](CC(C)C)NC(=O)[C@@H](C)N(C)C(=O)[C@@H]2CCCN2C(=O)[C@H](C)NC(=O)[C@@H](CC(C)C)NC(=O)[C@H]2CCCN2C(=O)[C@H](C(C)C)NC(=O)[C@@H](CC(C)C)N(C)C1=O,9,Circle,-5.8,-5.64,,,1.9402,O=C1CNC(=O)CNC(=O)CNC(=O)C2CCCN2C(=O)CNC(=O)CNC(=O)C2CCCN2C(=O)CNC(=O)CN1,0.10000000000000009,1,0.55
7284,2022_Bhardwaj,2022,D9.26,7284,CC[C@H](C)[C@@H]1NC(=O)[C@@H](C(C)C)NC(=O)[C@@H](CC(C)C)N(C)C(=O)[C@@H]2CCCN2C(=O)[C@@H]2CCCN2C(=O)[C@@H]([C@H](C)CC)NC(=O)[C@H]2CCCN2C(=O)[C@@H](C)NC(=O)[C@@H](CC(C)C)N(C)C1=O,9,Circle,-5.63,,,,2.4265,O=C1CNC(=O)CNC(=O)CNC(=O)C2CCCN2C(=O)C2CCCN2C(=O)CNC(=O)C2CCCN2C(=O)CNC(=O)CN1,0.18500000000000005,1,0.5925
7287,2022_Bhardwaj,2022,D9.29,7287,CC(C)C[C@@H]1C(=O)N(C)[C@H](CC(C)C)C(=O)N[C@H](C)C(=O)N[C@@H](C(C)C)C(=O)N2CCC[C@@H]2C(=O)N[C@H](C(C)C)C(=O)N2CCC[C@@H]2C(=O)N2CCC[C@H]2C(=O)N[C@H](C)C(=O)N1C,9,Circle,-5.82,,,,1.0102,O=C1CNC(=O)CNC(=O)CNC(=O)C2CCCN2C(=O)C2CCCN2C(=O)CNC(=O)C2CCCN2C(=O)CNC(=O)CN1,0.08999999999999986,1,0.5449999999999999
7268,2022_Bhardwaj,2022,D9.8,7268,CC(C)C[C@@H]1NC(=O)[C@@H](C(C)C)NC(=O)[C@H](CC(C)C)N(C)C(=O)[C@H]2CCCN2C(=O)[C@@H](C(C)C)NC(=O)[C@H]2CCCN2C(=O)[C@@H](C(C)C)NC(=O)[C@@H](Cc2ccccc2)N(C)C(=O)[C@H](CC(C)C)N(C)C1=O,9,Circle,-5.48,,,,3.7512,O=C1CNC(=O)CNC(=O)C2CCCN2C(=O)CNC(=O)C2CCCN2C(=O)CNC(=O)C(Cc2ccccc2)NC(=O)CNC(=O)CN1,0.2599999999999998,1,1.0
7296,2022_Bhardwaj,2022,D9.43,7296,CC(C)C[C@H]1NC(=O)[C@H](C(C)C)NC(=O)[C@@H](CC(C)C)N(C)C(=O)[C@@H]2CCCN2C(=O)CNC(=O)[C@@H]2CCCN2C(=O)[C@H](C(C)C)NC(=O)[C@H](Cc2ccccc2)N(C)C(=O)[C@@H](CC(C)C)N(C)C1=O,9,Circle,-5.67,,,,2.7266,O=C1CNC(=O)CNC(=O)C2CCCN2C(=O)CNC(=O)C2CCCN2C(=O)CNC(=O)C(Cc2ccccc2)NC(=O)CNC(=O)CN1,0.16500000000000004,1,0.5825
765,2013_CHUGAI,2013,DP-800,765,CC[C@H](C)[C@H]1C(=O)N[C@@H](C)CC(=O)N(C)[C@H](C)C(=O)N(C)[C@@H](CC(C)C)C(=O)N(C)[C@@H](CC(C)C)C(=O)N[C@@H]([C@@H](C)O)C(=O)N(C)CC(=O)N[C@@H](COC(C)(C)C)C(=O)N(C)[C@@H](CC(C)C)C(=O)N1C,9,Circle,-4.6,,,,1.858,O=C1CCNC(=O)CNC(=O)CNC(=O)CNC(=O)CNC(=O)CNC(=O)CNC(=O)CNC(=O)CN1,0.7000000000000002,1,1.0
767,2013_CHUGAI,2013,DP-802,767,CC(C)C[C@H]1C(=O)N[C@@H](COC(C)(C)C)C(=O)N[C@@H](C)CC(=O)N[C@H](C(C)C)C(=O)N(C)[C@@H](CC(C)C)C(=O)N(C)[C@@H](C)C(=O)N(C)[C@@H](CC(C)C)C(=O)N[C@@H]([C@@H](C)O)C(=O)N(C)[C@@H](C)C(=O)N1C,9,Circle,-4.54,,,,1.5142,O=C1CCNC(=O)CNC(=O)CNC(=O)CNC(=O)CNC(=O)CNC(=O)CNC(=O)CNC(=O)CN1,0.73,1,1.0
751,2013_CHUGAI,2013,DP-786,751,CC(C)C[C@H]1C(=O)N[C@@H](COC(C)(C)C)C(=O)N[C@@H](C)CC(=O)N[C@H](C)C(=O)N(C)[C@@H](C)C(=O)N(C)[C@@H](Cc2ccccc2)C(=O)N(C)[C@@H](C)C(=O)N[C@@H]([C@@H](C)O)C(=O)N(C)[C@@H](C)C(=O)N1C,9,Circle,-5.23,,,,0.0485,O=C1CCNC(=O)CNC(=O)CNC(=O)CNC(=O)CNC(=O)CNC(=O)C(Cc2ccccc2)NC(=O)CNC(=O)CN1,0.3849999999999998,1,1.0
752,2013_CHUGAI,2013,DP-787,752,CC(C)C[C@H]1C(=O)N[C@@H](COC(C)(C)C)C(=O)N[C@@H](C)CC(=O)N[C@H](C)C(=O)N(C)[C@@H](C)C(=O)N(C)[C@@H](Cc2ccccc2)C(=O)N(C)[C@@H](CC(C)C)C(=O)N[C@@H]([C@@H](C)O)C(=O)N(C)[C@@H](C)C(=O)N1C,9,Circle,-4.54,,,,1.0747,O=C1CCNC(=O)CNC(=O)CNC(=O)CNC(=O)CNC(=O)CNC(=O)C(Cc2ccccc2)NC(=O)CNC(=O)CN1,0.73,1,1.0
532,2013_CHUGAI,2013,DP-524,532,CC(C)C[C@H]1C(=O)N[C@@H]([C@@H](C)O)C(=O)N(C)[C@@H](C)C(=O)N(C)[C@@H](CC(C)C)C(=O)N(C)[C@@H](Cc2ccccc2)C(=O)N[C@H](C(=O)N2CCCCC2)CC(=O)N(C)CCCC(=O)N(C)[C@@H](C)C(=O)N1C,9,Lariat,-4.8,,,,1.5013,O=C1CCCNC(=O)CC(C(=O)N2CCCCC2)NC(=O)C(Cc2ccccc2)NC(=O)CNC(=O)CNC(=O)CNC(=O)CNC(=O)CN1,0.6000000000000001,1,1.0
677,2013_CHUGAI,2013,DP-712,677,CC(C)C[C@H]1C(=O)N(C)[C@@H](Cc2ccccc2)C(=O)N[C@H](C(=O)N2CCCCC2)CC(=O)N(C)CCCC(=O)N(C)[C@@H](C)C(=O)N(C)[C@@H](CC(C)C)C(=O)N[C@@H]([C@@H](C)O)C(=O)N(C)CC(=O)N1C,9,Lariat,-4.92,,,,1.1128,O=C1CCCNC(=O)CC(C(=O)N2CCCCC2)NC(=O)C(Cc2ccccc2)NC(=O)CNC(=O)CNC(=O)CNC(=O)CNC(=O)CN1,0.54,1,1.0
7294,2022_Bhardwaj,2022,D9.41,7294,CC[C@@H](C)[C@H]1NC(=O)[C@H](Cc2ccccc2)NC(=O)[C@@H](C)NC(=O)[C@@H](CC(C)C)N(C)C(=O)[C@@H]2CCCN2C(=O)[C@H](C)NC(=O)[C@H]2CCCN2C(=O)[C@@H]2CCCN2C(=O)[C@@H](Cc2ccccc2)NC1=O,9,Circle,-5.46,,,,1.8414,O=C1CNC(=O)C2CCCN2C(=O)CNC(=O)C2CCCN2C(=O)C2CCCN2C(=O)C(Cc2ccccc2)NC(=O)CNC(=O)C(Cc2ccccc2)NC(=O)CN1,0.27,1,1.0
7293,2022_Bhardwaj,2022,D9.40,7293,CSCC[C@@H]1NC(=O)[C@H]2CCCN2C(=O)[C@H](C(C)C)NC(=O)[C@@H](CC(C)C)N(C)C(=O)[C@H](Cc2ccccc2)NC(=O)[C@H](CC(C)C)NC(=O)[C@@H](CC(C)C)N(C)C(=O)[C@@H]2CCCN2C(=O)[C@@H](CC(C)C)NC1=O,9,Circle,-6.62,,,,3.8962,O=C1CNC(=O)C(Cc2ccccc2)NC(=O)CNC(=O)CNC(=O)C2CCCN2C(=O)CNC(=O)CNC(=O)C2CCCN2C(=O)CN1,-0.31000000000000005,0,0.0
7292,2022_Bhardwaj,2022,D9.39,7292,CC[C@H](C)[C@@H]1NC(=O)[C@H]2CCCN2C(=O)[C@H](CC(C)C)N(C)C(=O)[C@H](CC(C)C)NC(=O)[C@H](C(C)C)NC(=O)[C@@H]2CCCN2C(=O)[C@H](CC(C)C)N(C)C(=O)[C@H](C(C)C)NC(=O)[C@@H](C(C)C)NC1=O,9,Circle,-6.33,,,,3.2124,O=C1CNC(=O)CNC(=O)C2CCCN2C(=O)CNC(=O)CNC(=O)CNC(=O)C2CCCN2C(=O)CNC(=O)CN1,-0.16500000000000004,0,0.4175
7289,2022_Bhardwaj,2022,D9.31,7289,CSCC[C@@H]1NC(=O)[C@H]2CCCN2C(=O)[C@@H]2CCCN2C(=O)[C@@H](C)NC(=O)[C@H]2CCCN2C(=O)[C@@H](C(C)C)NC(=O)[C@H](C(C)C)NC(=O)[C@@H](Cc2ccccc2)N(C)C(=O)[C@H](C)N(C)C1=O,9,Circle,-7.16,,,,0.9138,O=C1CNC(=O)C(Cc2ccccc2)NC(=O)CNC(=O)CNC(=O)C2CCCN2C(=O)C2CCCN2C(=O)CNC(=O)C2CCCN2C(=O)CN1,-0.5800000000000001,0,0.0
7283,2022_Bhardwaj,2022,D9.25,7283,CC(C)C[C@@H]1C(=O)N(C)[C@H](CC(C)C)C(=O)N[C@H](Cc2ccccc2)C(=O)N2CCC[C@@H]2C(=O)N2CCC[C@@H]2C(=O)N2CCC[C@H]2C(=O)N[C@H](C(C)C)C(=O)N(C)[C@@H](C)C(=O)N(C)[C@@H](C)C(=O)N1C,9,Circle,-5.66,,,,2.2813,O=C1CNC(=O)CNC(=O)CNC(=O)C2CCCN2C(=O)C2CCCN2C(=O)C2CCCN2C(=O)C(Cc2ccccc2)NC(=O)CNC(=O)CN1,0.16999999999999993,1,0.585
7279,2022_Bhardwaj,2022,D9.21,7279,CSCC[C@@H]1NC(=O)[C@H](C(C)C)NC(=O)[C@H]2CCCN2C(=O)[C@@H]2CCCN2C(=O)[C@H](C)NC(=O)[C@@H](C)N(C)C(=O)[C@@H](CC(C)C)N(C)C(=O)[C@@H](C(C)C)NC(=O)[C@@H]2CCCN2C1=O,9,Circle,-6.53,,,,0.7172,O=C1CNC(=O)CNC(=O)C2CCCN2C(=O)CNC(=O)CNC(=O)C2CCCN2C(=O)C2CCCN2C(=O)CNC(=O)CN1,-0.2650000000000001,0,0.0
7278,2022_Bhardwaj,2022,D9.19,7278,CC(C)C[C@@H]1NC(=O)[C@@H](CC(C)C)NC(=O)[C@@H](CC(C)C)N(C)C(=O)[C@@H](CC(C)C)N(C)C(=O)[C@H](C(C)C)NC(=O)[C@@H](C)N(C)C(=O)[C@@H]2CCCN2C(=O)[C@@H]2CCCN2C(=O)[C@@H](C)N(C)C1=O,9,Circle,-5.89,,,,2.6246,O=C1CNC(=O)CNC(=O)CNC(=O)CNC(=O)C2CCCN2C(=O)C2CCCN2C(=O)CNC(=O)CNC(=O)CN1,0.05500000000000016,1,0.5275000000000001
7277,2022_Bhardwaj,2022,D9.18,7277,CC(C)C[C@H]1NC(=O)[C@@H]2CCCN2C(=O)[C@@H](CC(C)C)N(C)C(=O)[C@@H](CC(C)C)N(C)C(=O)[C@H](C)NC(=O)[C@@H](Cc2ccccc2)NC(=O)[C@@H](CC(C)C)N(C)C(=O)[C@H]2CCCN2C(=O)[C@H]2CCCN2C1=O,9,Circle,-5.75,,,,3.3554,O=C1CNC(=O)CNC(=O)C(Cc2ccccc2)NC(=O)CNC(=O)C2CCCN2C(=O)C2CCCN2C(=O)CNC(=O)C2CCCN2C(=O)CN1,0.125,1,0.5625
7276,2022_Bhardwaj,2022,D9.17,7276,CC(C)C[C@@H]1C(=O)N[C@H](C)C(=O)N(C)[C@H](CC(C)C)C(=O)N[C@H](C(C)C)C(=O)N(C)[C@@H](C(C)C)C(=O)N2CCC[C@H]2C(=O)N2CCC[C@@H]2C(=O)N[C@@H](C)C(=O)N(C)[C@@H](Cc2ccccc2)C(=O)N1C,9,Circle,-5.76,,,,2.4311,O=C1CNC(=O)CNC(=O)CNC(=O)C(Cc2ccccc2)NC(=O)CNC(=O)C2CCCN2C(=O)C2CCCN2C(=O)CNC(=O)CN1,0.1200000000000001,1,0.56
7275,2022_Bhardwaj,2022,D9.16,7275,CC(C)C[C@@H]1NC(=O)[C@H]2CCCN2C(=O)[C@@H](CC(C)C)NC(=O)[C@@H](CC(C)C)NC(=O)[C@@H](CC(C)C)N(C)C(=O)[C@H](C(C)C)NC(=O)[C@@H](C)NC(=O)[C@@H](C)N(C)C(=O)[C@@H]2CCCN2C1=O,9,Circle,-5.49,-5.61,,,1.9402,O=C1CNC(=O)CNC(=O)CNC(=O)C2CCCN2C(=O)CNC(=O)C2CCCN2C(=O)CNC(=O)CNC(=O)CN1,0.2549999999999999,1,1.0
7274,2022_Bhardwaj,2022,D9.15,7274,CC[C@H](C)[C@@H]1NC(=O)[C@@H](C)NC(=O)[C@@H]2CCCN2C(=O)[C@H]2CCCN2C(=O)[C@@H]2CCCN2C(=O)[C@@H](C)NC(=O)[C@@H](Cc2ccccc2)NC(=O)[C@@H](CC(C)C)N(C)C(=O)[C@@H](CC(C)C)N(C)C1=O,9,Circle,-6.07,,,,1.987,O=C1CNC(=O)CNC(=O)C2CCCN2C(=O)C2CCCN2C(=O)C2CCCN2C(=O)CNC(=O)C(Cc2ccccc2)NC(=O)CNC(=O)CN1,-0.03500000000000014,0,0.48249999999999993
7272,2022_Bhardwaj,2022,D9.13,7272,CC[C@H](C)[C@@H]1NC(=O)[C@@H]([C@H](C)CC)NC(=O)[C@H]2CCCN2C(=O)[C@H]([C@@H](C)CC)NC(=O)[C@H](CC(C)C)N(C)C(=O)[C@H]2CCCN2C(=O)[C@@H]2CCCN2C(=O)[C@H](Cc2ccccc2)N(C)C(=O)[C@H](Cc2ccccc2)NC1=O,9,Circle,-5.47,,,,4.236,O=C1CNC(=O)C2CCCN2C(=O)CNC(=O)CNC(=O)C2CCCN2C(=O)C2CCCN2C(=O)C(Cc2ccccc2)NC(=O)C(Cc2ccccc2)NC(=O)CN1,0.2650000000000001,1,1.0
7271,2022_Bhardwaj,2022,D9.11,7271,CC[C@H](C)[C@@H]1NC(=O)[C@@H](C)N(C)C(=O)[C@@H](C)N(C)C(=O)[C@@H]2CCCN2C(=O)[C@H](CC(C)C)NC(=O)[C@H](CC(C)C)NC(=O)[C@@H](CC(C)C)NC(=O)[C@@H]2CCCN2C(=O)[C@H]2CCCN2C1=O,9,Circle,-6.65,,,,1.7904,O=C1CNC(=O)CNC(=O)C2CCCN2C(=O)C2CCCN2C(=O)CNC(=O)CNC(=O)CNC(=O)C2CCCN2C(=O)CN1,-0.3250000000000002,0,0.0
7270,2022_Bhardwaj,2022,D9.10,7270,CC[C@H](C)[C@@H]1NC(=O)[C@@H](CC(C)C)N(C)C(=O)[C@H](CC(C)C)N(C)C(=O)[C@@H](C)N(C)C(=O)[C@@H](Cc2ccccc2)NC(=O)[C@H](C(C)C)NC(=O)[C@@H](C)NC(=O)[C@@H]2CCCN2C(=O)[C@H]2CCCN2C1=O,9,Circle,-6.08,,,,2.479,O=C1CNC(=O)CNC(=O)C(Cc2ccccc2)NC(=O)CNC(=O)CNC(=O)C2CCCN2C(=O)C2CCCN2C(=O)CNC(=O)CN1,-0.040000000000000036,0,0.48
7269,2022_Bhardwaj,2022,D9.9,7269,CC[C@@H](C)[C@H]1NC(=O)[C@H](CC(C)C)N(C)C(=O)[C@H]2CCCN2C(=O)[C@@H](Cc2ccccc2)N(C)C(=O)[C@@H](Cc2ccccc2)N(C)C(=O)[C@H](CC(C)C)N(C)C(=O)[C@@H](C(C)C)NC(=O)[C@@H]2CCCN2C(=O)[C@H](C)NC1=O,9,Circle,-6.24,,,,4.044,O=C1CNC(=O)CNC(=O)C2CCCN2C(=O)C(Cc2ccccc2)NC(=O)C(Cc2ccccc2)NC(=O)CNC(=O)CNC(=O)C2CCCN2C(=O)CN1,-0.1200000000000001,0,0.43999999999999995
7267,2022_Bhardwaj,2022,D9.6,7267,CC[C@H](C)[C@@H]1NC(=O)[C@H](Cc2ccccc2)N(C)C(=O)[C@H](CC(C)C)N(C)C(=O)[C@@H](C(C)C)NC(=O)[C@@H](C)NC(=O)[C@@H]2CCCN2C(=O)[C@@H](CC(C)C)NC(=O)[C@@H]2CCCN2C(=O)[C@H](C)NC1=O,9,Circle,-5.79,-5.32,,,2.1368,O=C1CNC(=O)CNC(=O)C2CCCN2C(=O)CNC(=O)C2CCCN2C(=O)CNC(=O)CNC(=O)C(Cc2ccccc2)NC(=O)CN1,0.10499999999999998,1,0.5525
7266,2022_Bhardwaj,2022,D9.5,7266,CC(C)C[C@H]1C(=O)N[C@H](Cc2ccccc2)C(=O)N2CCC[C@H]2C(=O)N[C@H](C(C)C)C(=O)N(C)[C@H](C)C(=O)N[C@H](C(C)C)C(=O)N2CCC[C@H]2C(=O)N[C@H](CC(C)C)C(=O)N[C@H](C(C)C)C(=O)N1C,9,Circle,-5.45,,,,2.3828,O=C1CNC(=O)CNC(=O)C2CCCN2C(=O)CNC(=O)CNC(=O)CNC(=O)C2CCCN2C(=O)C(Cc2ccccc2)NC(=O)CN1,0.2749999999999999,1,1.0
7264,2022_Bhardwaj,2022,D9.3,7264,CC[C@@H](C)[C@H]1NC(=O)[C@H](CC(C)C)NC(=O)[C@@H](CC(C)C)NC(=O)[C@H](C(C)C)NC(=O)[C@@H](Cc2ccccc2)N(C)C(=O)[C@@H]2CCCN2C(=O)[C@@H](CC(C)C)NC(=O)[C@H](CC(C)C)N(C)C(=O)[C@H]2CCCN2C1=O,9,Circle,-5.63,-5.45,,,4.1892,O=C1CNC(=O)CNC(=O)C(Cc2ccccc2)NC(=O)C2CCCN2C(=O)CNC(=O)CNC(=O)C2CCCN2C(=O)CNC(=O)CN1,0.18500000000000005,1,0.5925
828,2013_CHUGAI,2013,DP-863,828,CCN1C(=O)CCCCc2cccc(c2)C[C@@H](C(=O)N2CCCCC2)NC(=O)[C@H](CC(C)C)N(C)C(=O)CN(C)C(=O)[C@H]([C@@H](C)O)NC(=O)[C@H](CC(C)C)N(C)C(=O)[C@H](Cc2ccccc2)N(C)C(=O)[C@H](C)NC(=O)[C@@H]1Cc1ccccc1,9,Lariat,-4.46,,,,4.5572,O=C1CNC(=O)CNC(=O)C(Cc2ccccc2)NC(=O)CNC(=O)C(Cc2ccccc2)NC(=O)CCCCc2cccc(c2)CC(C(=O)N2CCCCC2)NC(=O)CNC(=O)CN1,0.77,1,1.0
793,2013_CHUGAI,2013,DP-828,793,CC[C@H](C)[C@@H]1NC(=O)[C@H](CC(C)C)N(C)C(=O)[C@@H](C(C)C)NC(=O)C[C@H](C)NC(=O)[C@H](CC(C)C)N(C)C(=O)[C@H](C)N(C)C(=O)[C@H]([C@@H](C)O)NC(=O)[C@H](Cc2cccc(Cl)c2)N(C)C(=O)[C@H](C)N(C)C1=O,9,Circle,-4.38,,,,2.5952,O=C1CCNC(=O)CNC(=O)CNC(=O)CNC(=O)C(Cc2ccccc2)NC(=O)CNC(=O)CNC(=O)CNC(=O)CN1,0.81,1,1.0
789,2013_CHUGAI,2013,DP-824,789,CC[C@H](C)[C@@H]1NC(=O)[C@H](CC(C)C)N(C)C(=O)[C@H](C)NC(=O)CCCN(C)C(=O)C[C@H](C)NC(=O)[C@H]([C@@H](C)O)NC(=O)[C@H](Cc2ccccc2)NC(=O)[C@H](C(C)C)N(C)C(=O)[C@H](Cc2ccccc2)N(C)C1=O,9,Circle,-4.54,,,,2.1879,O=C1CCNC(=O)CNC(=O)C(Cc2ccccc2)NC(=O)CNC(=O)C(Cc2ccccc2)NC(=O)CNC(=O)CNC(=O)CNC(=O)CCCN1,0.73,1,1.0
788,2013_CHUGAI,2013,DP-823,788,CC[C@H](C)[C@@H]1NC(=O)[C@H](CC(C)C)N(C)C(=O)[C@H](C)NC(=O)CCCN(C)C(=O)C[C@H](C)NC(=O)[C@H]([C@@H](C)O)NC(=O)[C@H](Cc2ccccc2)NC(=O)[C@H](C(C)C)N(C)C(=O)[C@H](CC(C)C)N(C)C1=O,9,Circle,-4.51,,,,1.9913,O=C1CCNC(=O)CNC(=O)C(Cc2ccccc2)NC(=O)CNC(=O)CNC(=O)CNC(=O)CNC(=O)CNC(=O)CCCN1,0.7450000000000001,1,1.0
784,2013_CHUGAI,2013,DP-819,784,CC[C@H](C)[C@@H]1NC(=O)[C@H](C)N(C)C(=O)[C@H]([C@@H](C)O)NC(=O)[C@H](C(C)C)N(C)C(=O)[C@@H](C)N(C)C(=O)C[C@H](C)NC(=O)[C@H](Cc2ccccc2)NC(=O)[C@H](C)NC(=O)[C@H](Cc2ccccc2)N(C)C1=O,9,Circle,-4.52,,,,0.77,O=C1CCNC(=O)C(Cc2ccccc2)NC(=O)CNC(=O)C(Cc2ccccc2)NC(=O)CNC(=O)CNC(=O)CNC(=O)CNC(=O)CN1,0.7400000000000002,1,1.0
758,2013_CHUGAI,2013,DP-793,758,CC(C)C[C@@H]1NC(=O)[C@H](Cc2ccccc2)N(C)C(=O)[C@H](CC(C)C)N(C)C(=O)[C@@H](C)N(C)C(=O)C[C@H](C)NC(=O)[C@H](CC(C)C)N(C)C(=O)[C@H](Cc2ccccc2)N(C)C(=O)[C@H]([C@@H](C)O)NC(=O)[C@H](Cc2ccccc2)N(C)C1=O,9,Circle,-4.28,,,,4.0935,O=C1CCNC(=O)CNC(=O)C(Cc2ccccc2)NC(=O)CNC(=O)C(Cc2ccccc2)NC(=O)CNC(=O)C(Cc2ccccc2)NC(=O)CNC(=O)CN1,0.8599999999999999,1,1.0
756,2013_CHUGAI,2013,DP-791,756,CC(C)C[C@@H]1NC(=O)[C@H](Cc2ccccc2)N(C)C(=O)[C@H](C)N(C)C(=O)C[C@H](C)NC(=O)[C@H]([C@@H](C)O)NC(=O)[C@H](CC(C)C)N(C)C(=O)[C@H](Cc2ccccc2)NC(=O)[C@H](CC(C)C)N(C)C(=O)[C@H](CC(C)C)N(C)C1=O,9,Circle,-4.39,,,,3.5547,O=C1CCNC(=O)CNC(=O)CNC(=O)C(Cc2ccccc2)NC(=O)CNC(=O)CNC(=O)CNC(=O)C(Cc2ccccc2)NC(=O)CN1,0.8050000000000002,1,1.0
750,2013_CHUGAI,2013,DP-785,750,CC(C)C[C@H]1C(=O)N(C)[C@@H](Cc2ccccc2)C(=O)NCC(=O)N[C@@H](C)CC(=O)N(C)CCCC(=O)N[C@@H]([C@@H](C)O)C(=O)N(C)[C@@H](C)C(=O)N(C)[C@@H](Cc2ccccc2)C(=O)N[C@@H](COC(C)(C)C)C(=O)N1C,9,Circle,-4.54,,,,1.2745,O=C1CCNC(=O)CNC(=O)C(Cc2ccccc2)NC(=O)CNC(=O)CNC(=O)C(Cc2ccccc2)NC(=O)CNC(=O)CNC(=O)CCCN1,0.73,1,1.0
679,2013_CHUGAI,2013,DP-714,679,CC(C)C[C@@H]1NC(=O)[C@H](CC(C)C)N(C)C(=O)[C@H]([C@@H](C)O)NC(=O)[C@H](Cc2ccccc2)N(C)C(=O)CN(C)C(=O)[C@H](CC(C)C)N(C)C(=O)[C@@H](C(C)C)NC(=O)C[C@@H](C(=O)N2CCCCC2)NC1=O,9,Lariat,-4.51,,,,1.699,O=C1CNC(=O)CC(C(=O)N2CCCCC2)NC(=O)CNC(=O)CNC(=O)CNC(=O)C(Cc2ccccc2)NC(=O)CNC(=O)CN1,0.7450000000000001,1,1.0
678,2013_CHUGAI,2013,DP-713,678,CC(C)C[C@@H]1NC(=O)[C@H](CC(C)C)N(C)C(=O)[C@H](Cc2ccccc2)N(C)C(=O)[C@H]([C@@H](C)O)NC(=O)[C@H](CC(C)C)N(C)C(=O)CN(C)C(=O)CCCN(C)C(=O)C[C@@H](C(=O)N2CCCCC2)NC1=O,9,Lariat,-4.57,,,,1.7968,O=C1CCCNC(=O)CC(C(=O)N2CCCCC2)NC(=O)CNC(=O)CNC(=O)C(Cc2ccccc2)NC(=O)CNC(=O)CNC(=O)CN1,0.7149999999999999,1,1.0
676,2013_CHUGAI,2013,DP-711,676,CC(C)C[C@H]1C(=O)N[C@@H](COC(C)(C)C)C(=O)N[C@H](C(=O)N2CCCCC2)CC(=O)N[C@@H](C)C(=O)N(C)[C@@H](Cc2ccccc2)C(=O)N(C)CC(=O)N(C)[C@@H](Cc2ccccc2)C(=O)N[C@@H]([C@@H](C)O)C(=O)N1C,9,Lariat,-4.54,,,,1.0285,O=C1CNC(=O)CNC(=O)C(Cc2ccccc2)NC(=O)CNC(=O)C(Cc2ccccc2)NC(=O)CNC(=O)CC(C(=O)N2CCCCC2)NC(=O)CN1,0.73,1,1.0
674,2013_CHUGAI,2013,DP-709,674,CC(C)C[C@H]1C(=O)N[C@@H](COC(C)(C)C)C(=O)N[C@H](C(=O)N2CCCCC2)CC(=O)N(C)CC(=O)N[C@@H]([C@@H](C)O)C(=O)N(C)[C@@H](C)C(=O)N(C)[C@@H](Cc2ccccc2)C(=O)N(C)[C@@H](Cc2ccccc2)C(=O)N1C,9,Lariat,-4.46,,,,1.3707,O=C1CNC(=O)CC(C(=O)N2CCCCC2)NC(=O)CNC(=O)CNC(=O)C(Cc2ccccc2)NC(=O)C(Cc2ccccc2)NC(=O)CNC(=O)CN1,0.77,1,1.0
671,2013_CHUGAI,2013,DP-706,671,CC(C)C[C@@H]1NC(=O)[C@H](CC(C)C)N(C)C(=O)[C@H](CC(C)C)N(C)C(=O)C[C@@H](C(=O)N2CCCCC2)NC(=O)[C@H](Cc2ccccc2)N(C)C(=O)[C@@H]2CCCN2C(=O)[C@H]([C@@H](C)O)NC(=O)[C@H](Cc2ccccc2)N(C)C1=O,9,Lariat,-4.32,,,,3.1605,O=C1CNC(=O)CC(C(=O)N2CCCCC2)NC(=O)C(Cc2ccccc2)NC(=O)C2CCCN2C(=O)CNC(=O)C(Cc2ccccc2)NC(=O)CNC(=O)CN1,0.8399999999999999,1,1.0
668,2013_CHUGAI,2013,DP-703,668,CC(C)C[C@@H]1NC(=O)[C@H](Cc2ccccc2)N(C)C(=O)[C@@H](C(C)C)NC(=O)C[C@@H](C(=O)N2CCCCC2)NC(=O)[C@H](Cc2ccccc2)NC(=O)[C@H](CC(C)C)N(C)C(=O)[C@H]([C@@H](C)O)NC(=O)[C@H](CC(C)C)N(C)C1=O,9,Lariat,-4.47,,,,2.9681,O=C1CNC(=O)CNC(=O)C(Cc2ccccc2)NC(=O)CNC(=O)CC(C(=O)N2CCCCC2)NC(=O)C(Cc2ccccc2)NC(=O)CNC(=O)CN1,0.7650000000000001,1,1.0
665,2013_CHUGAI,2013,DP-700,665,CC(C)C[C@H]1C(=O)N[C@@H]([C@@H](C)O)C(=O)N[C@@H](C)C(=O)N(C)[C@@H](Cc2ccccc2)C(=O)N[C@H](C(=O)N2CCCCC2)CC(=O)N(C)[C@@H](C)C(=O)N(C)[C@@H](CC(C)C)C(=O)N[C@@H](Cc2ccccc2)C(=O)N1C,9,Lariat,-4.31,,,,1.648,O=C1CNC(=O)CC(C(=O)N2CCCCC2)NC(=O)C(Cc2ccccc2)NC(=O)CNC(=O)CNC(=O)CNC(=O)C(Cc2ccccc2)NC(=O)CN1,0.8450000000000002,1,1.0
641,2013_CHUGAI,2013,DP-673,641,CC(C)C[C@@H]1NC(=O)[C@H](C)NC(=O)C[C@@H](C(=O)N2CCCCC2)NC(=O)[C@H](Cc2ccccc2)N(C)C(=O)[C@H](CC(C)C)N(C)C(=O)[C@H](C)NC(=O)[C@H](Cc2ccccc2)N(C)C(=O)[C@H](CC(C)C)N(C)C1=O,9,Lariat,-4.52,,,,3.3133,O=C1CNC(=O)CC(C(=O)N2CCCCC2)NC(=O)C(Cc2ccccc2)NC(=O)CNC(=O)CNC(=O)C(Cc2ccccc2)NC(=O)CNC(=O)CN1,0.7400000000000002,1,1.0
