,Compound ID,ESOL predicted log solubility in mols per litre,Minimum Degree,Molecular Weight,Number of H-Bond Donors,Number of Rings,Number of Rotatable Bonds,Polar Surface Area,measured log solubility in mols per litre,SMILES,normalized_solubility
876,"3,5-Dimethylphenol",-2.652,1,122.167,1,1,0,20.23,-1.4,Cc1cc(C)cc(O)c1,0.773899848
712,Methyl propyl ether ,-0.718,1,74.123,0,0,2,9.23,-0.39,CCCOC,0.850531108
554,2-Bromonapthalene,-4.434,1,207.07,0,2,0,0,-4.4,Brc1ccc2ccccc2c1,0.546282246
688,Simetryn,-2.689,1,213.31,0,1,3,45.15,-2.676,CSc1nc(nc(n1)N(C)C)N(C)C,0.677086495
780,Benzo(j)fluoranthene,-6.007,2,252.316,0,5,0,0,-8,c1ccc2c3c(ccc2c1)c4cccc5cccc3c45,0.273141123
184,Trichloronate,-5.225,1,333.604,0,1,5,18.46,-5.752,CCOP(=S)(CC)Oc1cc(Cl)c(Cl)cc1Cl,0.44370258
504,pyracarbolid,-2.83,1,217.268,1,2,2,38.33,-2.56,CC1=C(CCCO1)C(=O)Nc2ccccc2 ,0.685887709
970,"2,2',6,6'-PCB",-5.915,1,291.992,0,2,1,0,-7.39,Clc1cccc(Cl)c1c2c(Cl)cccc2Cl ,0.319423369
568,p-benzidine,-2.613,1,184.242,2,2,1,52.04,-2.7,Nc1ccc(cc1)c2ccc(N)cc2,0.675265554
1116,Abate,-6.678,1,466.479,0,2,10,55.38,-6.237,COP(=S)(OC)Oc1ccc(Sc2ccc(OP(=S)(OC)OC)cc2)cc1,0.406904401
451,testosterone acetate,-4.449,1,330.468,0,4,1,43.37,-5.184,CC(=O)OC3CCC4C2CCC1=CC(=O)CCC1(C)C2CCC34C ,0.486798179
1085,Ditalimfos,-3.992,1,299.288,0,2,5,55.84,-3.35,CCOP(=S)(OCC)N2C(=O)c1ccccc1C2=O,0.625948407
533,sulfaguanidine,-0.706,1,214.25,4,1,2,122.06,-1.99,NC(=N)NS(=O)(=O)c1ccc(N)cc1 ,0.729135053
1076,4-Heptanol,-1.678,1,116.204,1,0,4,20.23,-1.4,CCCC(O)CCC,0.773899848
1033,oryzalin,-3.784,1,346.365,1,1,8,149.68,-5.16,CCCN(CCC)c1c(cc(cc1N(=O)=O)S(N)(=O)=O)N(=O)=O,0.48861912
839,Styrene,-2.85,1,104.152,0,1,1,0,-2.82,C=Cc1ccccc1,0.66616085
1105,"2,2-Dimethylpropanol",-1.011,1,88.15,1,0,0,20.23,-0.4,CC(C)(C)CO,0.849772382
754,Trimazosin,-3.958,1,435.481,2,3,6,132.5,-3.638,COc2cc1c(N)nc(nc1c(OC)c2OC)N3CCN(CC3)C(=O)OCC(C)(C)O ,0.604097117
668,"2,2',3,4,5,5'-PCB",-7.343,1,360.882,0,2,1,0,-7.68,Clc1ccc(Cl)c(c1)c2cc(Cl)c(Cl)c(Cl)c2Cl,0.297420334
275,1-Iodonapthalene,-4.889,1,254.07,0,2,0,0,-4.55,Ic1cccc2ccccc12,0.534901366
273,Talbutal,-2.06,1,224.26,2,1,4,75.27,-2.016,CCC(C)C1(CC=C)C(=O)NC(=O)NC1=O,0.727162367
237,4-Heptanone,-1.62,1,114.188,0,0,4,17.07,-1.3,CCCC(=O)CCC,0.781487102
331,Cycloheptane,-2.916,2,98.189,0,1,0,0,-3.51,C1CCCCCC1,0.613808801
309,Cyclooctanol,-2.14,1,128.215,1,1,0,20.23,-1.29,OC1CCCCCCC1,0.782245827
2,citral,-2.579,1,152.237,0,0,4,17.07,-2.06,CC(C)=CCCC(C)=CC(=O),0.723823976
6,"2,2,4,6,6'-PCB",-6.545,1,326.437,0,2,1,0,-7.32,Clc1cc(Cl)c(c(Cl)c1)c2c(Cl)cccc2Cl,0.324734446
708,Norea,-2.47,1,222.332,1,3,1,32.34,-3.171,CN(C)C(=O)NC1CC2CC1C3CCCC23,0.63952959
864,Cyanazine,-2.49,1,240.698,2,1,4,86.52,-3.15,CCNc1nc(Cl)nc(NC(C)(C)C#N)n1,0.641122914
1018,Quinonamid,-3.988,1,332.57,1,2,3,63.24,-5.03,ClC(Cl)CC(=O)NC2=C(Cl)C(=O)c1ccccc1C2=O,0.498482549
260,Dialifor,-5.026,1,393.854,0,2,8,55.84,-6.34,CCOP(=S)(OCC)SC(CCl)N1C(=O)c2ccccc2C1=O,0.39908953
359,Methyl hexanoate,-1.899,1,130.187,0,0,4,26.3,-1.87,CCCCCC(=O)OC,0.738239757
215,"4,4'-PCB",-5.299,1,223.102,0,2,1,0,-6.56,Clc1ccc(cc1)c2ccc(Cl)cc2 ,0.382397572
539,Ametryn,-3.43,1,227.337,2,1,5,62.73,-3.04,CCNc1nc(NC(C)C)nc(SC)n1,0.649468892
439,1-Chloro-2-bromoethane,-1.738,1,143.411,0,0,1,0,-1.32,ClCCBr,0.779969651
1122,m-Nitrotoluene,-2.64,1,137.138,0,1,1,43.14,-2.44,Cc1cccc(c1)N(=O)=O,0.694992413
631,Aniline ,-1.632,1,93.129,1,1,0,26.02,-0.41,Nc1ccccc1,0.849013657
274,Fenitrothion,-3.845,1,277.238,0,1,5,70.83,-4.04,COP(=S)(OC)Oc1ccc(N(=O)=O)c(C)c1,0.573596358
824,"2,2',3,5,5',6-PCB",-7.261,1,360.882,0,2,1,0,-7.42,Clc1ccc(Cl)c(c1)c2c(Cl)c(Cl)cc(Cl)c2Cl ,0.317147193
344,Lovastatin,-4.731,1,404.547,1,3,6,72.83,-6.005,CCC(C)C(=O)OC2CC(C)C=C3C=CC(C)C(CCC1CC(O)CC(=O)O1)C23 ,0.424506829
745,Apazone,-2.9,1,300.362,0,3,2,56.22,-3.538,CCCC1C(=O)N3N(C1=O)c2cc(C)ccc2N=C3N(C)C ,0.61168437
814,Ethyl benzoate ,-2.775,1,150.177,0,1,2,26.3,-2.32,CCOC(=O)c1ccccc1,0.704097117
1039,Spironolactone,-3.842,1,416.583,0,5,1,60.44,-4.173,CC(=O)SC4CC1=CC(=O)CCC1(C)C5CCC2(C)C(CCC23CCC(=O)O3)C45,0.563505311
467,Benzotriazole,-2.21,2,119.127,1,2,0,41.57,-0.78,c2ccc1[nH]nnc1c2,0.820940819
256,Napthalene,-3.468,2,128.174,0,2,0,0,-3.6,c1ccc2ccccc2c1,0.606980273
25,1-Heptanol,-1.751,1,116.204,1,0,5,20.23,-1.81,CCCCCCCO,0.742792109
296,1-Chlorohexane,-2.648,1,120.623,0,0,4,0,-3.12,CCCCCCCl,0.64339909
47,brompyrazone,-3.005,1,266.098,1,2,1,60.91,-3.127,c1ccccc1n2ncc(N)c(Br)c2(=O),0.642867982
106,o-Nitrophenol,-2.318,1,139.11,1,1,1,63.37,-1.74,Oc1ccccc1N(=O)=O,0.748103187
55,2-Methylphenol,-2.281,1,108.14,1,1,0,20.23,-0.62,Cc1ccccc1O,0.833080425
723,RTI 22,-4.408,1,296.374,1,3,2,48.47,-4.871,CCN2c1cc(N(C)C)cc(C)c1NC(=O)c3cccnc23 ,0.510546282
213,eucalyptol,-2.579,1,154.253,0,3,0,9.23,-1.64,CC12CCC(CC1)C(C)(C)O2 ,0.75569044
120,2-Methyl-1-Pentene,-2.348,1,84.162,0,0,2,0,-3.03,CCCC(=C)C,0.650227618
1115,parabanic acid,1.091,1,114.06,2,1,0,75.27,-0.4,O=C1NC(=O)C(=O)N1 ,0.849772382
308,"3,4-Dichloronitrobenzene",-3.448,1,192.001,0,1,1,43.14,-3.2,O=N(=O)c1cc(Cl)c(Cl)cc1,0.637329287
72,Camphor,-2.158,1,152.237,0,2,0,17.07,-1.96,CC1(C)C2CCC1(C)C(=O)C2,0.731411229
650,Pyrene,-4.957,2,202.256,0,4,0,0,-6.176,c1cc2ccc3cccc4ccc(c1)c2c34,0.411532625
449,Glafenine,-5.052,1,372.808,3,3,6,91.68,-4.571,OCC(O)COC(=O)c1ccccc1Nc2ccnc3cc(Cl)ccc23,0.533308042
958,"1,2-Dichloropropane",-1.794,1,112.987,0,0,1,0,-1.6,CC(Cl)CCl,0.758725341
424,Oxazepam,-3.517,1,286.718,2,3,1,61.69,-3.952,OC3N=C(c1ccccc1)c2cc(Cl)ccc2NC3=O ,0.580273141
594,Cyclopentane ,-2.038,2,70.135,0,1,0,0,-2.64,C1CCCC1,0.679817906
981,Thalidomide,-1.944,1,258.233,1,3,1,83.55,-2.676,O=C1N(C2CCC(=O)NC2=O)C(=O)c3ccccc13,0.677086495
323,phenobarbital,-2.272,1,232.239,2,2,2,75.27,-2.322,CCC1(C(=O)NC(=O)NC1=O)c2ccccc2 ,0.703945372
597,karbutilate,-2.655,1,279.34,2,1,2,70.67,-2.93,CN(C)C(=O)Nc1cccc(OC(=O)NC(C)(C)C)c1 ,0.657814871
803,Risocaine,-2.709,1,179.219,1,1,3,52.32,-2.452,CCCOC(=O)c1ccc(N)cc1,0.694081942
1001,"N,N-Dimethylaniline",-2.542,1,121.183,0,1,1,3.24,-1.92,CN(C)c1ccccc1,0.734446131
721,diphenamid,-3.147,1,239.318,0,2,3,20.31,-2.98,CN(C)C(=O)C(c1ccccc1)c2ccccc2 ,0.654021244
912,p-Methoxybenzaldehyde,-2.252,1,136.15,0,1,2,26.3,-1.49,COc1ccc(C=O)cc1,0.76707132
596,Estragole,-3.074,1,148.205,0,1,3,9.23,-2.92,c1(OC)ccc(CC=C)cc1,0.658573596
890,2-Phenoxyethanol,-1.761,1,138.166,1,1,3,29.46,-0.7,OCCOc1ccccc1,0.827010622
447,Pentylbenzene,-3.899,1,148.249,0,1,4,0,-4.64,CCCCCc1ccccc1,0.528072838
60,"2,2',3,3',5,5',6,6'-PCB",-8.304,1,429.772,0,2,1,0,-9.15,Clc1cc(Cl)c(Cl)c(c1Cl)c2c(Cl)c(Cl)cc(Cl)c2Cl ,0.185887709
486,Phosalone,-5.024,1,367.816,0,2,7,53.6,-5.233,CCOP(=S)(OCC)SCn1c(=O)oc2cc(Cl)ccc12,0.483080425
92,Fluoranthene,-4.957,2,202.256,0,4,0,0,-6,c1ccc2c(c1)c3cccc4cccc2c34,0.424886191
771,Cyclooctane,-3.355,2,112.216,0,1,0,0,-4.15,C1CCCCCCC1,0.565250379
1127,Stirofos,-4.32,1,365.964,0,1,5,44.76,-4.522,COP(=O)(OC)OC(=CCl)c1cc(Cl)c(Cl)cc1Cl,0.537025797
811,1-Heptyne,-2.155,1,96.173,0,0,3,0,-3.01,CCCCCC#C,0.651745068
280,o-Hydroxybenzamide,-1.942,1,137.138,2,1,1,63.32,-1.82,NC(=O)c1ccccc1O,0.742033384
727,1-methyluracil,-0.375,1,126.115,1,1,0,54.86,-0.807,Cn1ccc(=O)[nH]c1=O,0.818892261
448,allantoin,0.652,1,158.117,4,1,1,113.32,-1.6,NC(=O)NC1NC(=O)NC1=O ,0.758725341
362,alachlor,-3.319,1,269.772,0,1,6,29.54,-3.26,CCc1cccc(CC)c1N(COC)C(=O)CCl ,0.632776935
182,Methaqualone,-3.881,1,250.301,0,3,1,34.89,-2.925,Cc1ccccc1n3c(C)nc2ccccc2c3=O,0.658194234
560,"2,2',3,3',4,4'-PCB",-7.192,1,360.882,0,2,1,0,-8.01,Clc1ccc(c(Cl)c1Cl)c2ccc(Cl)c(Cl)c2Cl ,0.272382398
979,Methyl nonanoate,-2.962,1,172.268,0,0,7,26.3,-3.38,CCCCCCCCC(=O)OC,0.623672231
110,Ioxynil,-4.615,1,370.915,1,1,0,44.02,-3.61,Oc1c(I)cc(C#N)cc1I,0.606221548
427,rhodanine,-0.396,1,133.197,1,1,0,29.1,-1.77,C1SC(=S)NC1(=O),0.745827011
618,nitroglycerin,-2.029,1,227.085,0,0,8,157.11,-2.22,O=N(=O)OCC(CON(=O)=O)ON(=O)=O ,0.71168437
549,Terbutryn,-3.75,1,241.364,2,1,4,62.73,-4,CCNc1nc(NC(C)(C)C)nc(SC)n1,0.576631259
726,Methyl benzoate ,-2.462,1,136.15,0,1,1,26.3,-1.85,COC(=O)c1ccccc1,0.739757208
367,Methyl propionate,-0.836,1,88.106,0,0,1,26.3,-0.14,CCC(=O)OC,0.869499241
1046,Chlordane,-6.039,1,409.782,0,3,0,0,-6.86,ClC1CC2C(C1Cl)C3(Cl)C(=C(Cl)C2(Cl)C3(Cl)Cl)Cl,0.359635812
261,Methoxychlor,-5.538,1,345.653,0,2,4,18.46,-6.89,COc1ccc(cc1)C(c2ccc(OC)cc2)C(Cl)(Cl)Cl,0.357359636
409,Cycloheptanol,-1.7,1,114.188,1,1,0,20.23,-0.88,OC1CCCCCC1,0.813353566
566,"1,2-Diethoxyethane ",-0.833,1,118.176,0,0,5,18.46,-0.77,CCOCCOCC,0.821699545
583,Coumachlor,-4.554,1,342.778,1,3,4,67.51,-5.839,CC(=O)CC(c1ccc(Cl)cc1)c2c(O)c3ccccc3oc2=O,0.437101669
907,"2,4',5-PCB",-5.762,1,257.547,0,2,1,0,-6.25,Clc1ccc(cc1)c2cc(Cl)ccc2Cl ,0.405918058
137,Cyclopropyl-5-spirobarbituric acid,-0.088,1,154.125,2,2,0,75.27,-1.886,O=C2NC(=O)C1(CC1)C(=O)N2 ,0.737025797
616,"2,6-Dimethylnaphthalene ",-4.147,1,156.228,0,2,0,0,-4.89,Cc1ccc2cc(C)ccc2c1,0.509104704
711,prednisolone acetate,-3.507,1,402.487,2,4,3,100.9,-4.37,CC(=O)OCC(=O)C3(O)CCC4C2CCC1=CC(=O)C=CC1(C)C2C(O)CC34C ,0.548558422
931,Thymol,-3.129,1,150.221,1,1,1,20.23,-2.22,CC(C)c1ccc(C)cc1O,0.71168437
692,"2,3,4-Trichlorophenol",-3.705,1,197.448,1,1,0,20.23,-2.67,Oc1ccc(Cl)c(Cl)c1Cl,0.67754173
1065,"2,3,4,5-Tetrachlorophenol",-4.335,1,231.893,1,1,0,20.23,-3.15,Oc1cc(Cl)c(Cl)c(Cl)c1Cl,0.641122914
988,Mirex,-6.155,1,545.546,0,6,0,0,-6.8,ClC1(C2(Cl)C3(Cl)C4(Cl)C5(Cl)C1(Cl)C3(Cl)Cl)C5(Cl)C(Cl)(Cl)C24Cl,0.364188164
29,Methyl octanoate,-2.608,1,158.241,0,0,6,26.3,-3.17,CCCCCCCC(=O)OC,0.639605463
165,Nerol,-2.603,1,154.253,1,0,4,20.23,-2.46,CC(C)=CCC/C(C)=C\CO,0.693474962
248,Triazolam,-3.948,1,343.217,0,4,1,43.07,-4.09,Cc3nnc4CN=C(c1ccccc1Cl)c2cc(Cl)ccc2n34,0.569802731
307,Tetrachloromethane,-2.607,1,153.823,0,0,0,0,-2.31,ClC(Cl)(Cl)Cl,0.704855842
837,Metoxuron,-2.683,1,228.679,1,1,2,41.57,-2.564,COc1ccc(NC(=O)N(C)C)cc1Cl,0.685584219
390,2-Methylanthracene,-4.87,1,192.261,0,3,0,0,-6.96,Cc1ccc2cc3ccccc3cc2c1,0.352048558
354,Malathion,-3.391,1,330.364,0,0,9,71.06,-3.37,CCOC(=O)CC(SP(=S)(OC)OC)C(=O)OCC,0.624430956
903,Ethyl propionate,-1.191,1,102.133,0,0,2,26.3,-0.66,CCOC(=O)CC,0.830045524
792,hydroxychlordene,-4.156,1,354.875,1,3,0,20.23,-5.46,OC1C=CC2C1C3(Cl)C(=C(Cl)C2(Cl)C3(Cl)Cl)Cl ,0.46585736
477,1-Bromohexane,-3.012,1,165.074,0,0,4,0,-3.81,CCCCCCBr,0.591047041
886,3-Chlorophenol,-2.761,1,128.558,1,1,0,20.23,-0.7,Oc1cccc(Cl)c1,0.827010622
930,Hexamethylbenzene,-4.361,1,162.276,0,1,0,0,-5.23,Cc1c(C)c(C)c(C)c(C)c1C,0.483308042
670,"1,1,2-Trichlorotrifluoroethane",-3.077,1,187.375,0,0,1,0,-3.04,FC(F)(Cl)C(F)(Cl)Cl,0.649468892
65,"Atovaquone(0,430mg/ml) - neutral",-6.269,1,366.844,1,4,2,54.37,-5.931,OC4=C(C1CCC(CC1)c2ccc(Cl)cc2)C(=O)c3ccccc3C4=O,0.430121396
398,Mefenacet,-4.504,1,298.367,0,3,4,42.43,-4.873,CN(C(=O)COc1nc2ccccc2s1)c3ccccc3,0.510394537
736,5-Methylchrysene,-5.931,1,242.321,0,4,0,0,-6.59,c1cccc2c3c(C)cc4ccccc4c3ccc12,0.380121396
1022,Azobenzene,-4.034,2,182.226,0,2,2,24.72,-4.45,N(=Nc1ccccc1)c2ccccc2,0.542488619
430,Disulfiram,-3.862,1,296.552,0,0,4,6.48,-4.86,CCN(CC)C(=S)SSC(=S)N(CC)CC,0.51138088
254,megestrol acetate,-4.417,1,384.516,0,4,2,60.44,-5.35,CC(=O)OC3(CCC4C2C=C(C)C1=CC(=O)CCC1(C)C2CCC34C)C(C)=O ,0.474203338
1096,Benzophenone,-3.612,1,182.222,0,2,2,17.07,-3.12,O=C(c1ccccc1)c2ccccc2,0.64339909
312,"trans-1,4-Dimethylcyclohexane",-3.305,1,112.216,0,1,0,0,-4.47,C/C1CCC(\C)CC1,0.540971168
433,chlordimeform,-3.164,1,196.681,0,1,2,15.6,-2.86,CN(C)C=Nc1ccc(Cl)cc1C,0.663125948
221,"2,4-Dinitrotoluene",-2.604,1,182.135,0,1,2,86.28,-2.82,Cc1ccc(cc1N(=O)=O)N(=O)=O,0.66616085
235,Atrazine,-3.069,1,215.688,2,1,4,62.73,-3.85,CCNc1nc(Cl)nc(NC(C)C)n1,0.58801214
461,"N,N-Diethylaniline",-3.16,1,149.237,0,1,3,3.24,-3.03,CCN(CC)c1ccccc1,0.650227618
622,Fluridone,-4.249,1,329.321,0,3,2,22,-4.445,Cn2cc(c1ccccc1)c(=O)c(c2)c3cccc(c3)C(F)(F)F,0.542867982
305,Isofenphos,-4.538,1,345.401,1,1,8,56.79,-4.194,CCOP(=S)(NC(C)C)Oc1ccccc1C(=O)OC(C)C,0.561911988
380,Ethyl hexanoate,-2.254,1,144.214,0,0,5,26.3,-2.35,CCCCCC(=O)OCC,0.701820941
1093,Cyclooctyl-5-spirobarbituric acid,-2.284,1,224.26,2,2,0,75.27,-2.982,O=C2NC(=O)C1(CCCCCCC1)C(=O)N2,0.653869499
1071,Pentachloroethane,-3.382,1,202.295,0,0,0,0,-2.6,ClC(Cl)C(Cl)(Cl)Cl,0.682852807
249,"1,2-Benzenediol",-1.635,1,110.112,2,1,0,40.46,0.62,Oc1ccccc1O,0.927162367
661,"2,2',3,4,4',5',6-PCB",-7.898,1,395.327,0,2,1,0,-7.92,Clc1ccc(c(Cl)c1)c2c(Cl)c(Cl)c(Cl)c(Cl)c2Cl,0.279210926
753,"cis-1,2-Dimethylcyclohexane",-3.305,1,112.216,0,1,0,0,-4.3,C/C1CCCCC1\C,0.553869499
71,Nitrofen,-5.361,1,284.098,0,2,3,52.37,-5.46,Clc2ccc(Oc1ccc(cc1)N(=O)=O)c(Cl)c2,0.46585736
94,"1,3-Dimethylnaphthalene",-4.147,1,156.228,0,2,0,0,-4.29,Cc1cc(C)c2ccccc2c1,0.554628225
665,p-Chlorobromobenzene,-3.928,1,191.455,0,1,0,0,-3.63,Clc1ccc(Br)cc1,0.604704097
33,"1,1-Dichloroethylene",-1.939,1,96.944,0,0,0,0,-1.64,ClC(=C)Cl,0.75569044
1108,Propylene,-1.235,1,42.081,0,0,0,0,-1.08,CC=C,0.798179059
259,"7,12-Dimethylbenz(a)anthracene",-6.297,1,256.348,0,4,0,0,-7.02,Cc1c2ccccc2c(C)c3ccc4ccccc4c13,0.347496206
204,Propetamphos,-2.826,1,281.314,1,0,7,56.79,-3.408,CCNP(=S)(OC)OC(=CC(=O)OC(C)C)C,0.6215478
485,Trichlorfon,-1.866,1,257.437,1,0,3,55.76,-0.22,COP(=O)(OC)C(O)C(Cl)(Cl)Cl,0.863429439
822,Metranidazole,-0.859,1,171.156,1,1,3,81.19,-1.26,Cc1ncc(N(=O)=O)n1CCO ,0.784522003
889,5-Methyl-5-ethylbarbituric acid,-0.911,1,170.168,2,1,1,75.27,-1.228,O=C1NC(=O)NC(=O)C1(C)CC,0.786949924
365,Pyrimidine,-0.884,2,80.09,0,1,0,25.78,1.1,c1cncnc1,0.963581184
77,"2,3',5-PCB",-5.762,1,257.547,0,2,1,0,-6.01,Clc1cccc(c1)c2cc(Cl)ccc2Cl ,0.424127466
84,"1,2-Diethylbenzene",-3.601,1,134.222,0,1,2,0,-3.28,CCc1ccccc1CC,0.631259484
432,Dienochlor,-7.848,1,474.64,0,2,1,0,-7.278,ClC1=C(Cl)C(Cl)(C(=C1Cl)Cl)C2(Cl)C(=C(Cl)C(=C2Cl)Cl)Cl,0.327921093
82,Thiourea,0.329,1,76.124,2,0,0,52.04,0.32,NC(=S)N,0.904400607
1070,Fluoromethalone,-3.507,1,376.468,2,4,1,74.6,-4.099,CC1CC2C3CCC(O)(C(=O)C)C3(C)CC(O)C2(F)C4(C)C=CC(=O)C=C14,0.569119879
535,2-Methyltetrahydrofurane,-1.034,1,86.134,0,1,0,9.23,0.11,CC1CCCO1,0.888467375
1074,Isobutylbenzene,-3.57,1,134.222,0,1,2,0,-4.12,CC(C)Cc1ccccc1,0.567526555
927,Flucytosine,-0.132,1,129.094,2,1,0,71.77,-0.972,Nc1nc(=O)[nH]cc1F,0.806373293
937,3-Methyl-2-pentanone,-1.266,1,100.161,0,0,2,17.07,-0.67,CCC(C)C(=O)C,0.829286798
652,Clomazone,-3.077,1,239.702,0,2,2,29.54,-2.338,CC1(C)CON(Cc2ccccc2Cl)C1=O,0.702731411
552,Danazol,-4.557,1,337.463,1,5,0,46.26,-5.507,CC23Cc1cnoc1C=C2CCC4C3CCC5(C)C4CCC5(O)C#C,0.462291351
350,2-Propanol,-0.261,1,60.096,1,0,0,20.23,0.43,CC(C)O,0.912746586
605,Acetamide,0.494,1,59.068,1,0,0,43.09,1.58,CC(=O)N,1
5,benzothiazole,-2.733,2,135.191,0,2,0,12.89,-1.5,c2ccc1scnc1c2 ,0.766312595
310,17a-Methyltestosterone,-4.073,1,302.458,1,4,0,37.3,-3.999,CC1(O)CCC2C3CCC4=CC(=O)CCC4(C)C3CCC21C,0.576707132
921,1-Hexene-3-ol,-1.199,1,100.161,1,0,3,20.23,-0.59,CCCC(O)C=C,0.835356601
752,1-Napthol,-3.08,1,144.173,1,2,0,20.23,-2.22,Oc1cccc2ccccc12,0.71168437
104,1-Ethylnaphthalene ,-4.1,1,156.228,0,2,1,0,-4.17,CCc1cccc2ccccc12,0.563732929
97,"2,3',4',5-PCB",-6.312,1,291.992,0,2,1,0,-7.25,Clc1ccc(Cl)c(c1)c2ccc(Cl)c(Cl)c2,0.330045524
810,Tetrahydropyran ,-0.978,2,86.134,0,1,0,9.23,-0.03,C1CCOCC1,0.87784522
1024,"2,6-Dichlorophenol",-3.012,1,163.003,1,1,0,20.23,-1.79,Oc1c(Cl)cccc1Cl,0.74430956
314,Methyl t-butyl ether ,-0.984,1,88.15,0,0,0,9.23,-0.24,COC(C)(C)C,0.861911988
530,RTI 10,-2.771,1,226.235,0,3,0,42.43,-3.672,O2c1ccccc1N(C)C(=O)c3cccnc23 ,0.601517451
526,2-Methylpropene,-1.573,1,56.108,0,0,0,0,-2.33,CC(=C)C,0.703338392
62,Triamcinolone,-2.734,1,394.439,4,4,2,115.06,-3.68,CC34CC(O)C1(F)C(CCC2=CC(=O)C=CC12C)C3CC(O)C4(O)C(=O)CO,0.60091047
281,o-Nitrotoluene,-2.589,1,137.138,0,1,1,43.14,-2.33,Cc1ccccc1N(=O)=O,0.703338392
1051,3-Heptanol ,-1.678,1,116.204,1,0,4,20.23,-1.47,CCCCC(O)CC,0.768588771
266,triamcinolone diacetate,-3.876,1,478.513,2,4,4,127.2,-4.13,CC(=O)OCC(=O)C3(O)C(CC4C2CCC1=CC(=O)C=CC1(C)C2(F)C(O)CC34C)OC(C)=O ,0.56676783
578,adrenosterone,-2.99,1,300.398,0,4,0,51.21,-3.48,CC34CC(=O)C1C(CCC2=CC(=O)CCC12C)C3CCC4(=O) ,0.616084977
238,"3,3-Dimethyl-2-butanone",-1.25,1,100.161,0,0,0,17.07,-0.72,CC(=O)C(C)(C)C,0.825493171
572,o-Chloroaniline,-2.392,1,127.574,1,1,0,26.02,-1.52,Nc1ccccc1Cl,0.764795144
145,2-hydroxypteridine,-1.404,1,148.125,1,2,0,71.79,-1.947,Oc2ncc1nccnc1n2,0.732397572
1053,"3,5-Dichlorophenol",-3.428,1,163.003,1,1,0,20.23,-1.34,Oc1cc(Cl)cc(Cl)c1,0.7784522
602,mercaptobenzothiazole,-3.411,1,167.258,1,2,0,12.89,-3.18,Sc2nc1ccccc1s2 ,0.638846737
644,phenolphthalein,-4.59,1,318.328,2,4,2,66.76,-2.9,Oc1ccc(cc1)C2(OC(=O)c3ccccc23)c4ccc(O)cc4 ,0.660091047
118,Hexylbenzene ,-4.22,1,162.276,0,1,5,0,-5.21,CCCCCCc1ccccc1,0.484825493
762,2-Methy-2-Butene,-1.994,1,70.135,0,0,0,0,-2.56,CC=C(C)C,0.685887709
531,Fluorene ,-4.125,2,166.223,0,3,0,0,-5,C1c2ccccc2c3ccccc13,0.500758725
250,Reverse Transcriptase inhibitor 1,-2.794,1,254.293,0,3,1,49.33,-2.62,CCN2c1ncccc1N(C)C(=O)c3cccnc23 ,0.681335357
1087,Sulfallate,-3.254,1,223.794,0,0,4,3.24,-3.39,CCN(CC)C(=S)SCC(Cl)=C,0.622913505
285,Barbital,-1.265,1,184.195,2,1,2,75.27,-2.4,O=C1NC(=O)NC(=O)C1(CC)CC,0.698027314
494,Propane,-1.553,1,44.097,0,0,0,0,-1.94,CCC,0.73292868
9,Rotenone,-5.246,1,394.423,0,5,3,63.22,-4.42,COc5cc4OCC3Oc2c1CC(Oc1ccc2C(=O)C3c4cc5OC)C(C)=C ,0.544764795
532,Methylcyclohexane ,-2.891,1,98.189,0,1,0,0,-3.85,CC1CCCCC1,0.58801214
561,Warfarin,-3.913,1,308.333,1,3,4,67.51,-3.893,CC(=O)CC(c1ccccc1)c3c(O)c2ccccc2oc3=O ,0.584749621
196,1-Hexyne ,-1.801,1,82.146,0,0,2,0,-2.36,CCCCC#C,0.701062215
757,2-Heptanone,-1.554,1,114.188,0,0,4,17.07,-1.45,CCCCCC(=O)C,0.770106222
370,Buthidazole,-2.398,1,256.331,1,2,1,69.56,-1.877,CN1CC(O)N(C1=O)c2nnc(s2)C(C)(C)C,0.737708649
81,4-methylpteridine,-1.24,1,146.153,0,2,0,51.56,-0.466,Cc1ncnc2nccnc12,0.844764795
389,9-anthrol,-4.148,1,194.233,1,3,0,20.23,-4.73,c3ccc2c(O)c1ccccc1cc2c3 ,0.52124431
545,m-Chloronitrobenzene ,-2.901,1,157.556,0,1,1,43.14,-2.77,Clc1cccc(c1)N(=O)=O,0.669954476
1009,2-Hexanone,-1.2,1,100.161,0,0,3,17.07,-0.8,CCCCC(=O)C,0.819423369
986,phenothrin,-6.763,1,350.458,0,3,6,35.53,-5.24,CC(C)=CC3C(C(=O)OCc2cccc(Oc1ccccc1)c2)C3(C)C ,0.482549317
718,Coronene,-6.885,2,300.36,0,7,0,0,-9.332,c1cc2ccc3ccc4ccc5ccc6ccc1c7c2c3c4c5c67,0.172078907
599,2-Hydroxypyridine,-1.655,1,95.101,1,1,0,33.12,1.02,Oc1ccccn1,0.957511381
239,4-Chlorophenol ,-2.761,1,128.558,1,1,0,20.23,-0.7,Oc1ccc(Cl)cc1,0.827010622
909,2-cyanoguanidine,0.361,1,84.082,2,0,0,88.19,-0.31,NC(N)=NC#N ,0.85660091
211,"2,2-Dimethylpentane",-2.938,1,100.205,0,0,1,0,-4.36,CCCC(C)(C)C,0.549317147
493,Nimetazepam,-3.557,1,295.298,0,3,2,75.81,-3.796,CN2C(=O)CN=C(c1ccccc1)c3cc(ccc23)N(=O)=O,0.592109256
893,Flumetralin,-6.584,1,421.734,0,2,6,89.52,-6.78,CCN(Cc1c(F)cccc1Cl)c2c(cc(cc2N(=O)=O)C(F)(F)F)N(=O)=O,0.365705615
144,m-Xylene ,-3.035,1,106.168,0,1,0,0,-2.82,Cc1cccc(C)c1,0.66616085
1032,"2,4,6-Trichlorophenol",-3.648,1,197.448,1,1,0,20.23,-2.34,Oc1c(Cl)cc(Cl)cc1Cl,0.702579666
593,3-Propanoyloxymethylphenytoin,-3.128,1,338.363,1,3,5,75.71,-4.907,O=C1N(COC(=O)CC)C(=O)C(N1)(c2ccccc2)c3ccccc3,0.507814871
227,"2-Methyl-1,3-Butadiene ",-1.714,1,68.119,0,0,1,0,-2.03,CC(=C)C=C,0.726100152
1043,nicotinamide,-0.964,1,122.127,1,1,1,55.98,0.61,NC(=O)c1cccnc1 ,0.926403642
1030,Epitostanol,-4.545,1,306.515,1,5,0,20.23,-5.41,CC45CCC2C(CCC3CC1SC1CC23C)C4CCC5O,0.469650986
675,Procymidone,-3.464,1,284.142,0,3,1,37.38,-4.8,CC12CC2(C)C(=O)N(C1=O)c3cc(Cl)cc(Cl)c3,0.515933232
985,Carbetamide,-2.29,1,236.271,2,1,4,67.43,-1.83,c1c(NC(=O)OC(C)C(=O)NCC)cccc1,0.741274659
177,Butabarbital,-1.958,1,212.249,2,1,3,75.27,-2.39,O=C1NC(=O)NC(=O)C1(CC)C(C)CC,0.698786039
1089,Mefluidide,-3.165,1,310.297,2,1,3,75.27,-3.24,CC(=O)Nc1cc(NS(=O)(=O)C(F)(F)F)c(C)cc1C,0.634294385
617,Butylate,-3.453,1,217.378,0,0,5,20.31,-3.68,CCSC(=O)N(CC(C)C)CC(C)C,0.60091047
135,Indan,-3.057,2,118.179,0,2,0,0,-3.04,C1Cc2ccccc2C1,0.649468892
790,hematein,-1.795,1,300.266,4,4,0,107.22,-2.7,c1cc(O)c(O)c2OCC3(O)CC4=CC(=O)C(O)=CC4=C3c21,0.675265554
1081,2-butenal,-0.604,1,70.091,0,0,1,17.07,0.32,CC=CC=O,0.904400607
529,Benfuracarb,-5.133,1,410.536,0,2,8,68.31,-4.71,CCOC(=O)CCN(SN(C)C(=O)Oc1cccc2CC(C)(C)Oc21)C(C)C,0.52276176
1123,halothane,-2.608,1,197.381,0,0,0,0,-1.71,FC(F)(F)C(Cl)Br ,0.750379363
7,Estradiol,-4.138,1,272.388,2,4,0,40.46,-5.03,CC12CCC3C(CCc4cc(O)ccc34)C2CCC1O,0.498482549
462,"1,3-Difluorobenzene",-2.636,1,114.094,0,1,0,0,-2,Fc1cccc(F)c1,0.728376328
155,Propyl acetate,-1.125,1,102.133,0,0,2,26.3,-0.72,CCCOC(=O)C,0.825493171
1008,Flumethasone,-3.539,1,410.457,3,4,2,94.83,-5.613,CC1CC2C3CC(F)C4=CC(=O)C=CC4(C)C3(F)C(O)CC2(C)C1(O)C(=O)CO,0.454248862
357,Chlorbromuron,-3.938,1,293.548,1,1,2,41.57,-3.924,CON(C)C(=O)Nc1ccc(Br)c(Cl)c1,0.582397572
667,1-Butene,-1.655,1,56.108,0,0,1,0,-1.94,CCC=C,0.73292868
223,Formetanate,-1.846,1,221.26,1,1,3,53.93,-2.34,CNC(=O)Oc1cccc(N=CN(C)C)c1,0.702579666
329,"2,4,6-Trinitrotoluene",-2.606,1,227.132,0,1,3,129.42,-3.22,Cc1c(cc(cc1N(=O)=O)N(=O)=O)N(=O)=O,0.635811836
614,Dibromomethane,-1.883,1,173.835,0,0,0,0,-1.17,BrCBr,0.791350531
947,Ethylcyclohexane,-3.245,1,112.216,0,1,1,0,-4.25,CCC1CCCCC1,0.557663126
914,Ethyl heptanoate,-2.608,1,158.241,0,0,6,26.3,-2.74,CCCCCCC(=O)OCC,0.672230653
964,Triclosan,-5.645,1,289.545,1,2,2,29.46,-4.46,Oc1cc(Cl)ccc1Oc2ccc(Cl)cc2Cl,0.541729894
788,1-Octadecanol,-5.649,1,270.501,1,0,16,20.23,-8.4,CCCCCCCCCCCCCCCCCCO,0.242792109
706,Furane,-1.837,2,68.075,0,1,0,13.14,-0.82,c1ccoc1,0.817905918
774,thiouracil,-0.992,1,128.156,2,1,0,45.75,-2.273,Sc1nccc(=O)[nH]1 ,0.707663126
1029,3-Ethyl-3-pentanol,-1.663,1,116.204,1,0,3,20.23,-0.85,CCC(O)(CC)CC,0.815629742
678,meconin,-0.825,1,196.202,0,2,2,44.76,-1.899,c1c(OC)c(OC)C2C(=O)OCC2c1,0.736039454
722,Tetrabromomethane,-4.063,1,331.627,0,0,0,0,-3.14,BrC(Br)(Br)Br,0.641881639
1088,Chloroethane,-1.165,1,64.515,0,0,0,0,-1.06,ClCC,0.79969651
913,4-Nitroacetanilide,-2.219,1,180.163,1,1,2,72.24,-2.692,CC(=O)Nc1ccc(cc1)N(=O)=O,0.675872534
575,Butyl acetate,-1.111,1,102.133,0,0,4,26.3,-1.37,CCCCOC=O,0.776176024
1003,Butanethiol ,-1.676,1,90.191,1,0,2,0,-2.18,CCCCS,0.714719272
1073,2-Methylpropan-1-ol,-0.672,1,74.123,1,0,1,20.23,0.1,CC(C)CO,0.887708649
440,p-Nitroaniline,-1.936,1,138.126,1,1,1,69.16,-2.37,Nc1ccc(cc1)N(=O)=O,0.70030349
728,oxyphenbutazone,-3.739,1,324.38,1,3,5,60.85,-3.73,CCCCC1C(=O)N(N(C1=O)c2ccc(O)cc2)c3ccccc3 ,0.597116844
881,N-Methylaniline ,-2.097,1,107.156,1,1,1,12.03,-1.28,CNc1ccccc1,0.783004552
832,Rovral,-4.004,1,330.171,1,2,2,69.72,-4.376,CC(C)NC(=O)N1CC(=O)N(C1=O)c2cc(Cl)cc(Cl)c2,0.548103187
163,Butamben,-3.039,1,193.246,1,1,4,52.32,-3.082,CCCCOC(=O)c1ccc(N)cc1,0.646282246
228,linalool,-2.399,1,154.253,1,0,4,20.23,-1.99,CC(C)=CCCC(O)(C)C=C,0.729135053
522,"1,3,5-Trichlorobenzene",-4.159,1,181.449,0,1,0,0,-4.48,Clc1cc(Cl)cc(Cl)c1,0.540212443
908,"2,3',4,4',5-PCB",-7.343,1,360.882,0,2,1,0,-7.39,Clc1ccc(c(Cl)c1)c2cc(Cl)c(Cl)c(Cl)c2Cl ,0.319423369
212,Pentamethylbenzene,-3.993,1,148.249,0,1,0,0,-4,Cc1cc(C)c(C)c(C)c1C,0.576631259
950,Chloropham,-3.544,1,213.664,1,1,2,38.33,-3.38,CC(C)OC(=O)Nc1cccc(Cl)c1,0.623672231
79,Propiconazole,-4.603,1,342.226,0,3,5,49.17,-3.493,CCCC1COC(Cn2cncn2)(O1)c3ccc(Cl)cc3Cl,0.615098634
148,2-Butanone,-0.491,1,72.107,0,0,1,17.07,0.52,CCC(=O)C,0.919575114
302,Sulfanilamide,-0.954,1,172.209,2,1,1,86.18,-1.34,Nc1ccc(cc1)S(N)(=O)=O,0.7784522
506,1-Butyne,-1.092,1,54.092,0,0,0,0,-1.24,CCC#C,0.786039454
689,Ethylene,-0.815,1,28.054,0,0,0,0,-0.4,C=C,0.849772382
628,"1,3-diethylthiourea",-1.028,1,132.232,2,0,2,24.06,-1.46,CCNC(=S)NCC,0.769347496
513,2-methoxypteridine,-1.589,1,162.152,0,2,1,60.79,-1.11,COc2ncc1nccnc1n2,0.795902883
43,menthol,-2.782,1,156.269,1,1,1,20.23,-2.53,CC(C)C1CCC(C)CC1O ,0.688163885
528,"2,3-Dimethyl-1,3-Butadiene",-2.052,1,82.146,0,0,1,0,-2.4,CC(=C)C(=C)C,0.698027314
133,Malonic acid diethylester,-1.413,1,160.169,0,0,4,52.6,-0.82,CCOC(=O)CC(=O)OCC,0.817905918
707,Methoproptryne,-3.259,1,271.39,2,1,8,71.96,-2.928,COCCCNc1nc(NC(C)C)nc(SC)n1,0.657966616
534,Methylparaben,-2.441,1,152.149,1,1,1,46.53,-1.827,COC(=O)c1ccc(O)cc1,0.741502276
620,1-Chlorobutane,-1.94,1,92.569,0,0,2,0,-2.03,CCCCCl,0.726100152
311,Dulcin,-2.167,1,180.207,2,1,3,64.35,-2.17,CCOc1ccc(NC(N)=O)cc1,0.715477997
408,Linuron,-3.581,1,249.097,1,1,2,41.57,-3.592,CON(C)C(=O)Nc1ccc(Cl)c(Cl)c1,0.607587253
587,benodanil,-4.245,1,323.133,1,2,2,29.1,-4.21,c1c(NC(=O)c2ccccc2(I))cccc1,0.560698027
760,phthalamide,-0.636,1,149.149,1,2,0,46.17,-2.932,c1cC2C(=O)NC(=O)C2cc1,0.657663126
589,o-Fluorobromobenzene,-3.467,1,175,0,1,0,0,-2.7,Fc1ccccc1Br,0.675265554
976,"1,8-Cineole",-2.579,1,154.253,0,3,0,9.23,-1.74,CC12CCC(CC1)C(C)(C)O2,0.748103187
1124,Oxamyl,-0.908,1,219.266,1,0,1,71,0.106,CNC(=O)ON=C(SC)C(=O)N(C)C,0.888163885
935,indoline,-2.195,2,119.167,1,2,0,12.03,-1.04,c2ccc1NCCc1c2 ,0.801213961
0,Amigdalin,-0.974,1,457.432,7,3,7,202.32,-0.77,OCC3OC(OCC2OC(OC(C#N)c1ccccc1)C(O)C(O)C2O)C(O)C(O)C3O ,0.821699545
422,captafol,-4.365,1,349.066,0,2,3,37.38,-5.4,ClC(Cl)C(Cl)(Cl)SN2C(=O)C1CC=CCC1C2=O ,0.470409712
360,Dimefuron,-3.831,1,338.795,1,2,2,80.37,-4.328,CN(C)C(=O)Nc1ccc(c(Cl)c1)n2nc(oc2=O)C(C)(C)C,0.551745068
382,Amitraz,-5.533,1,293.414,0,2,4,27.96,-5.47,CN(C=Nc1ccc(C)cc1C)C=Nc2ccc(C)cc2C,0.465098634
316,1-Hexadecanol,-4.94,1,242.447,1,0,14,20.23,-7,CCCCCCCCCCCCCCCCO,0.349013657
961,methyltestosterone acetate,-4.863,1,344.495,0,4,1,43.37,-5.284,CC(=O)OC3(C)CCC4C2CCC1=CC(=O)CCC1(C)C2CCC34C ,0.479210926
475,Iodoethane,-2.066,1,155.966,0,0,0,0,-1.6,CCI,0.758725341
880,"2,2-Dimethylbutane",-2.584,1,86.178,0,0,0,0,-3.55,CCC(C)(C)C,0.6107739
677,Dinoseb,-3.715,1,240.215,1,1,4,106.51,-3.38,CCC(C)c1cc(cc(N(=O)=O)c1O)N(=O)=O ,0.623672231
968,dioctyl phthalate,-7.148,1,390.564,0,1,16,52.6,-5.115,CCCCCCCCOC(=O)c1ccccc1C(=O)OCCCCCCCC ,0.492033384
807,bupirimate,-3.493,1,316.427,1,1,8,84.42,-4.16,CCCCc1c(C)nc(NCC)nc1OS(=O)(=O)N(C)C ,0.564491654
172,pregnenolone,-4.342,1,316.485,1,4,1,37.3,-4.65,CC(=O)C3CCC4C2CC=C1CC(O)CCC1(C)C2CCC34C ,0.527314112
450,DDD,-6.008,1,320.046,0,2,3,0,-7.2,ClC(Cl)C(c1ccc(Cl)cc1)c2ccc(Cl)cc2,0.33383915
125,Glyceryl triacetate,-1.285,1,218.205,0,0,5,78.9,-0.6,CC(=O)OCC(COC(=O)C)OC(=O)C,0.834597876
558,Dibenzothiophene,-4.597,2,184.263,0,3,0,0,-4.38,c1ccc2c(c1)sc3ccccc23,0.547799697
90,"2,3-Dichloronitrobenzene",-3.322,1,192.001,0,1,1,43.14,-3.48,O=N(=O)c1c(Cl)c(Cl)ccc1,0.616084977
1092,thiofanox,-2.7,1,218.322,1,0,3,50.69,-1.62,CNC(=O)ON=C(CSC)C(C)(C)C ,0.757207891
181,Etofenprox,-6.896,1,376.496,0,3,9,27.69,-8.6,CCOc1ccc(cc1)C(C)(C)COCc3cccc(Oc2ccccc2)c3,0.227617602
621,triforine,-3.715,1,430.934,2,1,6,64.68,-4.19,ClC(Cl)(Cl)C(NC=O)N1C=CN(C=C1)C(NC=O)C(Cl)(Cl)Cl ,0.562215478
867,Di(2-ethylhexyl)-phthalate,-7.117,1,390.564,0,1,14,52.6,-6.96,CCCCC(CC)COC(=O)c1ccccc1C(=O)OCC(CC)CCCC,0.352048558
251,Dimethyl sulfide,-0.758,1,62.137,0,0,0,0,-0.45,CSC,0.845978756
69,"2,2'-PCB",-4.984,1,223.102,0,2,1,0,-5.27,Clc1ccccc1c2ccccc2Cl ,0.480273141
131,Fludrocortisone,-3.172,1,380.456,3,4,2,94.83,-3.43,CC34CC(O)C1(F)C(CCC2=CC(=O)CCC12C)C3CCC4(O)C(=O)CO ,0.619878604
300,RTI 5,-3.471,1,253.305,0,3,1,36.44,-3.324,CCN2c1ccccc1N(C)C(=O)c3cccnc23 ,0.627921093
584,2-Ethylnaphthalene,-4.1,1,156.228,0,2,1,0,-4.29,CCc1ccc2ccccc2c1,0.554628225
326,Azintamide,-2.231,1,259.762,0,1,5,46.09,-1.716,CCN(CC)C(=O)CSc1ccc(Cl)nn1,0.749924127
882,"1,4-Pentadiene ",-1.758,1,68.119,0,0,2,0,-2.09,C=CCC=C,0.7215478
499,Acenapthene,-3.792,2,154.212,0,3,0,0,-4.63,C1Cc2cccc3cccc1c23,0.528831563
581,Bromomethane,-1.109,1,94.939,0,0,0,0,-0.79,CBr,0.820182094
798,7-methoxypteridine,-1.589,1,162.152,0,2,1,60.79,-0.91,COc2cnc1cncnc1n2,0.81107739
495,Minoxidil,-1.809,1,209.253,2,2,1,95.11,-1.989,Nc1cc(nc(N)n1=O)N2CCCCC2 ,0.729210926
338,Fluometuron,-3.065,1,232.205,1,1,1,32.34,-3.43,CN(C)C(=O)Nc1cccc(c1)C(F)(F)F,0.619878604
910,Chloropicrin,-1.866,1,164.375,0,0,0,43.14,-2,ClC(Cl)(Cl)N(=O)=O,0.728376328
164,RTI 3,-3.049,1,255.277,1,3,0,68.45,-3.043,O2c1cc(C)ccc1N(C)C(=O)c3cc(N)cnc23 ,0.649241275
28,"P,P'-DDE",-6.553,1,318.03,0,2,2,0,-6.9,ClC(Cl)=C(c1ccc(Cl)cc1)c2ccc(Cl)cc2,0.35660091
516,Acetonitrile,0.152,1,41.053,0,0,0,23.79,0.26,CC#N,0.899848255
193,2-Chlorobutane,-1.94,1,92.569,0,0,1,0,-1.96,CCC(C)Cl,0.731411229
679,Glycerol,0.688,1,92.094,3,0,2,60.69,1.12,OCC(O)CO,0.965098634
169,Ethalfluralin,-5.063,1,333.266,0,1,6,89.52,-6.124,CCN(CC(C)=C)c1c(cc(cc1N(=O)=O)C(F)(F)F)N(=O)=O,0.415477997
700,Ethion,-5.471,1,384.487,0,0,12,36.92,-5.54,CCOP(=S)(OCC)SCSP(=S)(OCC)OCC,0.459787557
173,Iodomethane,-1.646,1,141.939,0,0,0,0,-1,CI,0.804248862
518,acetyl sulfisoxazole,-2.024,1,293.348,1,2,3,89.43,-3.59,CC(=O)N(S(=O)c1ccc(N)cc1)c2onc(C)c2C ,0.607738998
799,Chlordene,-5.152,1,338.876,0,3,0,0,-5.64,ClC2=C(Cl)C3(Cl)C1C=CCC1C2(Cl)C3(Cl)Cl ,0.452200303
987,Cycluron,-2.629,1,198.31,1,1,1,32.34,-2.218,CN(C)C(=O)NC1CCCCCCC1,0.711836115
491,"2,2,4-Trimethylpentane",-3.276,1,114.232,0,0,1,0,-4.74,CC(C)CC(C)(C)C,0.520485584
73,5-Allyl-5-phenylbarbital,-2.36,1,244.25,2,2,3,75.27,-2.369,O=C1NC(=O)NC(=O)C1(CC=C)c1ccccc1,0.700379363
851,Betamethasone-17-valerate,-5.062,1,476.585,2,4,6,100.9,-4.71,CCCCC(=O)OC3(C(C)CC4C2CCC1=CC(=O)C=CC1(C)C2(F)C(O)CC34C)C(=O)CO,0.52276176
234,4-Methylbiphenyl,-4.424,1,168.239,0,2,1,0,-4.62,Cc1ccc(cc1)c2ccccc2,0.529590288
214,dibutyl sebacate,-4.726,1,314.466,0,0,15,52.6,-3.896,CCCCOC(=O)CCCCCCCCC(=O)OCCCC,0.584522003
823,Pentylcyclopentane,-3.869,1,140.27,0,1,4,0,-6.08,CCCCCC1CCCC1,0.418816388
132,ethiofencarb,-2.855,1,225.313,1,1,4,38.33,-2.09,CCSCc1ccccc1OC(=O)NC ,0.7215478
673,o-Nitroanisole,-2.346,1,153.137,0,1,2,52.37,-1.96,COc1ccccc1N(=O)=O,0.731411229
817,methyl laurate,-4.025,1,214.349,0,0,10,26.3,-4.69,CCCCCCCCCCCC(=O)OC,0.524279211
185,Ethisterone,-3.858,1,312.453,1,4,0,37.3,-5.66,CC12CCC(=O)C=C1CCC3C2CCC4(C)C3CCC4(O)C#C ,0.450682853
41,4-Pentene-1-ol,-0.791,1,86.134,1,0,3,20.23,-0.15,OCCCC=C,0.868740516
108,2-Methylpropane,-1.891,1,58.124,0,0,0,0,-2.55,CC(C)C,0.686646434
737,Phenetole,-2.66,1,122.167,0,1,2,9.23,-2.33,CCOc1ccccc1,0.703338392
567,"1,2,4,5-Tetrachlorobenzene",-4.621,1,215.894,0,1,0,0,-5.56,Clc1cc(Cl)c(Cl)cc1Cl,0.458270106
868,2-Ethyl pyridine,-2.051,1,107.156,0,1,1,12.89,0.51,CCc1ccccn1,0.918816388
483,Amitrole,-0.674,1,84.082,2,1,0,67.59,0.522,Nc1nc[nH]n1,0.919726859
468,Carbofuran,-3.05,1,221.256,1,2,1,47.56,-2.8,CNC(=O)Oc1cccc2CC(C)(C)Oc12,0.6676783
24,Dinitramine,-4.479,1,322.243,1,1,5,115.54,-5.47,CCN(CC)c1c(cc(c(N)c1N(=O)=O)C(F)(F)F)N(=O)=O,0.465098634
992,3-Pentanol,-0.97,1,88.15,1,0,2,20.23,-0.24,CCC(O)CC,0.861911988
1050,Monotropitoside,-1.493,1,446.405,6,3,6,184.6,-0.742,COC(=O)c1ccccc1OC2OC(COC3OCC(O)C(O)C3O)C(O)C(O)C2O,0.823823976
660,Chlorzoxazone,-2.679,1,169.567,1,2,0,46,-2.831,Clc2ccc1oc(=O)[nH]c1c2,0.665326252
862,"2,3,3',4,4',5-PCB",-7.425,1,360.882,0,2,1,0,-7.82,Clc1ccc(cc1Cl)c2cc(Cl)c(Cl)c(Cl)c2Cl ,0.286798179
366,p-Chloronitrobenzene,-2.901,1,157.556,0,1,1,43.14,-2.92,Clc1ccc(cc1)N(=O)=O,0.658573596
731,Diuron,-3.301,1,233.098,1,1,1,32.34,-3.8,CN(C)C(=O)Nc1ccc(Cl)c(Cl)c1,0.591805766
940,Nitromethane,-0.042,1,61.04,0,0,0,43.14,0.26,CN(=O)=O,0.899848255
383,Prometon,-3.448,1,225.296,2,1,5,71.96,-2.478,COc1nc(NC(C)C)nc(NC(C)C)n1,0.692109256
454,2-Hexanol,-1.324,1,102.177,1,0,3,20.23,-0.89,CCCCC(C)O,0.812594841
264,Monuron,-2.671,1,198.653,1,1,1,32.34,-2.89,CN(C)C(=O)Nc1ccc(Cl)cc1,0.660849772
746,Diazepam,-4.05,1,284.746,0,3,1,32.67,-3.754,CN2C(=O)CN=C(c1ccccc1)c3cc(Cl)ccc23,0.595295903
850,"5,6-Dimethylchrysene",-6.265,1,256.348,0,4,0,0,-7.01,Cc1c(C)c2c3ccccc3ccc2c4ccccc14,0.348254932
444,1-Nonene ,-3.427,1,126.243,0,0,6,0,-5.05,CCCCCCCC=C,0.496965099
395,3-Hexanone,-1.266,1,100.161,0,0,3,17.07,-0.83,CCCC(=O)CC,0.817147193
176,isophorone,-2.015,1,138.21,0,1,0,17.07,-1.06,CC1=CC(=O)CC(C)(C)C1 ,0.79969651
18,Diazinon,-3.989,1,304.352,0,1,7,53.47,-3.64,CCOP(=S)(OCC)Oc1cc(C)nc(n1)C(C)C,0.603945372
615,Dexamethasone,-3.4,1,392.467,3,4,2,94.83,-3.59,CC1CC2C3CCC4=CC(=O)C=CC4(C)C3(F)C(O)CC2(C)C1(O)C(=O)CO,0.607738998
1061,Griseofulvin,-3.328,1,352.77,0,3,3,71.06,-3.246,COC1=CC(=O)CC(C)C13Oc2c(Cl)c(OC)cc(OC)c2C3=O,0.63383915
61,Methyl butyrate,-1.545,1,116.16,0,0,3,26.3,-0.82,CCCOC(=O)CC,0.817905918
272,Deltamethrin,-7.44,1,505.206,0,3,6,59.32,-8.402,CC1(C)C(C=C(Br)Br)C1C(=O)OC(C#N)c2cccc(Oc3ccccc3)c2,0.242640364
1059,Cycloheptene,-2.599,2,96.173,0,1,0,0,-3.18,C1CCC=CCC1,0.638846737
278,"1,1,2-Trichloroethane",-1.961,1,133.405,0,0,1,0,-1.48,ClCC(Cl)Cl,0.767830046
732,Cyclopentene ,-1.72,2,68.119,0,1,0,0,-2.1,C1CC=CC1,0.720789074
368,o-Chloronitrobenzene,-2.775,1,157.556,0,1,1,43.14,-2.55,Clc1ccccc1N(=O)=O,0.686646434
887,m-Chlorobromobenzene,-3.928,1,191.455,0,1,0,0,-3.21,Clc1cccc(Br)c1,0.636570561
715,Ethyl-p-hydroxybenzoate ,-2.761,1,166.176,1,1,2,46.53,-2.35,CCOC(=O)c1ccc(O)cc1,0.701820941
674,Prasterone,-3.564,1,288.431,1,4,0,37.3,-4.12,CC34CCC1C(CC=C2CC(O)CCC12C)C3CCC4=O,0.567526555
547,"2,2',4,5'-PCB",-6.23,1,291.992,0,2,1,0,-6.57,Clc1ccc(c(Cl)c1)c2cc(Cl)ccc2Cl ,0.381638847
879,"2,2',3,4,5,5',6-PCB",-7.898,1,395.327,0,2,1,0,-8.94,Clc1ccc(Cl)c(c1)c2c(Cl)c(Cl)c(Cl)c(Cl)c2Cl,0.201820941
783,1-Tetradecanol,-4.231,1,214.393,1,0,12,20.23,-5.84,CCCCCCCCCCCCCCO,0.437025797
456,Etomidate,-3.359,1,244.294,0,2,4,44.12,-4.735,CCOC(=O)c1cncn1C(C)c2ccccc2,0.520864947
393,2-Nonanol,-2.387,1,144.258,1,0,6,20.23,-2.74,CCCCCCCC(C)O,0.672230653
1060,Thiram,-2.444,1,240.444,0,0,0,6.48,-3.9,CN(C)C(=S)SSC(=S)N(C)C ,0.584218513
901,Fenpropathrin,-6.15,1,349.43,0,3,5,59.32,-6.025,CC1(C)C(C(=O)OC(C#N)c2cccc(Oc3ccccc3)c2)C1(C)C,0.422989378
375,butachlor,-4.347,1,311.853,0,1,9,29.54,-4.19,CCCCOCN(C(=O)CCl)c1c(CC)cccc1CC ,0.562215478
412,acetazolamide,-0.793,1,222.251,2,1,2,115.04,-2.36,CC(=O)Nc1nnc(s1)S(N)(=O)=O ,0.701062215
74,Pentyl propanoate,-1.899,1,130.187,0,0,4,26.3,-2.25,CCCCC(=O)OCC,0.709408194
1055,2-Ethyl-1-hexanol,-2.089,1,130.231,1,0,5,20.23,-2.11,CCCCC(CC)CO,0.720030349
500,Dialifos,-5.026,1,393.854,0,2,8,55.84,-6.34,CCOP(=S)(OCC)SC(CCl)N2C(=O)c1ccccc1C2=O,0.39908953
717,testosterone propionate,-4.87,1,344.495,0,4,2,43.37,-5.37,CCC(=O)OC3CCC4C2CCC1=CC(=O)CCC1(C)C2CCC34C ,0.472685888
114,2-aminoanthracene,-3.789,1,193.249,1,3,0,26.02,-5.17,Nc3ccc2cc1ccccc1cc2c3 ,0.487860395
417,"2,2',3,3'-PCB",-6.079,1,291.992,0,2,1,0,-7.28,Clc1cccc(c1Cl)c2cccc(Cl)c2Cl,0.327769347
601,"1,2-Dichlorobenzene",-3.482,1,147.004,0,1,0,0,-3.05,Clc1ccccc1Cl,0.648710167
604,Methoxsalen,-3.25,1,216.192,0,3,1,52.58,-3.664,COc2c1occc1cc3ccc(=O)oc23 ,0.602124431
89,RTI 24,-4.423,1,273.723,1,3,1,45.23,-5.36,CCN2c1cc(Cl)ccc1NC(=O)c3cccnc23 ,0.473444613
1079,Propylbenzene ,-3.281,1,120.195,0,1,2,0,-3.37,CCCc1ccccc1,0.624430956
498,Dicofol,-6.268,1,370.49,1,2,2,20.23,-5.666,OC(c1ccc(Cl)cc1)(c2ccc(Cl)cc2)C(Cl)(Cl)Cl,0.450227618
759,DEF,-4.074,1,314.522,0,0,12,17.07,-5.14,CCCCSP(=O)(SCCCC)SCCCC,0.490136571
904,Prometryn,-3.693,1,241.364,2,1,5,62.73,-4.1,CSc1nc(NC(C)C)nc(NC(C)C)n1,0.569044006
764,"2,4,5-Trichlorophenol ",-3.78,1,197.448,1,1,0,20.23,-2.21,Oc1cc(Cl)c(Cl)cc1Cl,0.712443096
11,2-Chloronapthalene,-4.063,1,162.619,0,2,0,0,-4.14,Clc1ccc2ccccc2c1,0.566009105
396,bromoxynil,-3.793,1,276.915,1,1,0,44.02,-3.33,Oc1c(Br)cc(C#N)cc1Br ,0.627465857
657,Quinoline,-2.663,2,129.162,0,2,0,12.89,-1.3,c1ccc2ncccc2c1,0.781487102
983,Ethanol,0.02,1,46.069,1,0,0,20.23,1.1,CCO,0.963581184
42,Cyclobutyl-5-spirobarbituric acid,-0.527,1,168.152,2,2,0,75.27,-1.655,O=C2NC(=O)C1(CCC1)C(=O)N2,0.754552352
167,3-Octanoyloxymethylphenytoin,-4.84,1,408.498,1,3,10,75.71,-6.523,O=C1N(COC(=O)CCCCCCC)C(=O)C(N1)(c2ccccc2)c3ccccc3,0.385204856
416,o-Nitroaniline,-2.277,1,138.126,1,1,1,69.16,-1.96,Nc1ccccc1N(=O)=O,0.731411229
576,Prednisolone,-2.974,1,360.45,3,4,2,94.83,-3.18,CC12CC(O)C3C(CCC4=CC(=O)C=CC34C)C2CCC1(O)C(=O)CO,0.638846737
939,bromadiolone,-7.877,1,527.414,2,5,6,70.67,-4.445,OC(CC(c1ccccc1)c3c(O)c2ccccc2oc3=O)c4ccc(cc4)c5ccc(Br)cc5 ,0.542867982
704,p-Chloroaniline,-2.392,1,127.574,1,1,0,26.02,-1.66,Nc1ccc(Cl)cc1,0.754172989
426,Carvacrol,-3.224,1,150.221,1,1,1,20.23,-2.08,c1(O)c(C)ccc(C(C)C)c1,0.722306525
544,"2,4-Dimethylphenol",-2.621,1,122.167,1,1,0,20.23,-1.19,Cc1ccc(O)c(C)c1,0.78983308
1056,Diallate,-3.827,1,270.225,0,0,4,20.31,-4.286,CC(C)N(C(C)C)C(=O)SCC(=CCl)Cl,0.554931715
1106,Triadimefon,-4.132,1,293.754,0,2,4,57.01,-3.61,CC(C)(C)C(=O)C(Oc1ccc(Cl)cc1)n2cncn2,0.606221548
852,uric acid,-0.541,1,168.112,4,2,0,114.37,-3.93,O=c2[nH]c(=O)c1[nH]c(=O)[nH]c1[nH]2 ,0.581942337
767,Octane,-3.324,1,114.232,0,0,5,0,-5.24,CCCCCCCC,0.482549317
257,N-Ethylaniline,-2.389,1,121.183,1,1,2,12.03,-1.7,CCNc1ccccc1,0.751138088
335,"2,4-Dimethylpentane",-2.938,1,100.205,0,0,2,0,-4.26,CC(C)CC(C)C,0.556904401
15,2-Chloropropane,-1.585,1,78.542,0,0,0,0,-1.41,CC(C)Cl,0.773141123
785,Urea,0.832,1,60.056,2,0,0,69.11,0.96,NC(=O)N,0.952959029
324,"2',3,4-PCB",-5.686,1,257.547,0,2,1,0,-6.29,Clc1ccc(cc1)c2cccc(Cl)c2Cl ,0.402883156
948,2-Nonanone,-2.263,1,142.242,0,0,6,17.07,-2.58,CCCCCCCC(=O)C,0.684370258
941,Triallate,-4.578,1,304.67,0,0,4,20.31,-4.88,CC(C)N(C(C)C)C(=O)SCC(Cl)=C(Cl)Cl,0.509863429
222,2-bromonaphthalene,-4.434,1,207.07,0,2,0,0,-4.4,c1c(Br)ccc2ccccc12 ,0.546282246
179,Glutethimide,-2.591,1,217.268,1,2,2,46.17,-2.337,CCC1(CCC(=O)NC1=O)c2ccccc2 ,0.702807284
99,Isopropylbenzene ,-3.265,1,120.195,0,1,1,0,-3.27,CC(C)c1ccccc1,0.632018209
521,Siduron,-3.779,1,232.327,2,2,2,41.13,-4.11,CC1CCCCC1NC(=O)Nc2ccccc2,0.568285281
22,Phorate,-3.747,1,260.386,0,0,8,18.46,-4.11,CCOP(=S)(OCC)SCSCC,0.568285281
356,t-Crotonaldehyde,-0.604,1,70.091,0,0,1,17.07,0.32,C/C=C/C=O,0.904400607
833,Benfluralin,-5.205,1,335.282,0,1,7,89.52,-5.53,CCCCN(CC)c1c(cc(cc1N(=O)=O)C(F)(F)F)N(=O)=O,0.460546282
1047,Dimethyldisulfide,-1.524,1,94.204,0,0,1,0,-1.44,CSSC,0.770864947
611,Phenanthrene,-4.518,2,178.234,0,3,0,0,-5.26,c1ccc2c(c1)ccc3ccccc32,0.481031866
874,Cycloheptyl-5-spirobarbituric acid,-1.844,1,210.233,2,2,0,75.27,-3.168,O=C2NC(=O)C1(CCCCCC1)C(=O)N2 ,0.639757208
340,Cortisone,-2.893,1,360.45,2,4,2,91.67,-3.11,CC12CC(=O)C3C(CCC4=CC(=O)CCC34C)C2CCC1(O)C(=O)CO,0.644157815
431,Cyclohexane,-2.477,2,84.162,0,1,0,0,-3.1,C1CCCCC1,0.64491654
682,9-Methylanthracene,-4.87,1,192.261,0,3,0,0,-5.89,Cc1c2ccccc2cc3ccccc13,0.43323217
217,Carvone,-2.042,1,150.221,0,1,1,17.07,-2.06,CC(=C)C1CC=C(C)C(=O)C1,0.723823976
203,Phoxim,-4.557,1,298.304,0,1,7,63.84,-4.862,CCOP(=S)(OCC)ON=C(C#N)c1ccccc1,0.511229135
787,"1,3-Dibromobenzene",-4.298,1,235.906,0,1,0,0,-3.54,Brc1cccc(Br)c1,0.611532625
93,Propylisopropylether,-1.354,1,102.177,0,0,3,9.23,-1.34,CCCOC(C)C,0.7784522
695,aldosterone,-3.066,1,360.45,2,4,3,91.67,-3.85,CC13CCC(=O)C=C1CCC4C2CCC(C(=O)CO)C2(CC(O)C34)C=O ,0.58801214
68,Carbromal,-2.198,1,237.097,2,0,3,72.19,-2.68,CCC(Br)(CC)C(=O)NC(N)=O,0.676783005
1077,Pentyl acetate,-1.833,1,130.187,0,0,4,26.3,-1.89,CCCCCOC(=O)C,0.736722307
284,1-Chloroheptane,-3.003,1,134.65,0,0,5,0,-4,CCCCCCCCl,0.576631259
994,4-Methylpentanol,-1.381,1,102.177,1,0,3,20.23,-1.14,CC(C)CCCO,0.793626707
434,Equilenin,-3.927,1,266.34,1,4,0,37.3,-5.24,CC34CCc1c(ccc2cc(O)ccc12)C3CCC4=O,0.482549317
694,chloropropylate,-5.093,1,339.218,1,2,4,46.53,-4.53,c1ccc(Cl)cc1C(c2ccc(Cl)cc2)(O)C(=O)OC(C)C,0.536418816
153,1-Chloropentane,-2.294,1,106.596,0,0,3,0,-2.73,CCCCCCl,0.672989378
75,Isopentyl acetate,-1.817,1,130.187,0,0,3,26.3,-1.92,CC(C)CCOC(=O)C,0.734446131
911,"2,6-PCB",-4.984,1,223.102,0,2,1,0,-5.21,Clc1cccc(Cl)c1c2ccccc2 ,0.484825493
580,p-Hydroxybenzaldehyde ,-2.003,1,122.123,1,1,1,37.3,-0.96,Oc1ccc(C=O)cc1,0.807283763
446,3-Methyl-3-pentanol,-1.308,1,102.177,1,0,2,20.23,-0.36,CCC(C)(O)CC,0.852807284
188,Diosgenin,-5.681,1,414.63,1,6,0,38.69,-7.32,C1C(O)CCC2(C)CC3CCC4(C)C5(C)CC6OCC(C)CC6OC5CC4C3C=C21,0.324734446
271,4-Chloroanisole,-3.057,1,142.585,0,1,1,9.23,-2.78,COc1ccc(Cl)cc1,0.669195751
236,Phenylthiourea,-1.701,1,152.222,2,1,1,38.05,-1.77,NC(=S)Nc1ccccc1,0.745827011
487,Phenylmethanol,-1.699,1,108.14,1,1,1,20.23,-0.4,OCc1ccccc1,0.849772382
1090,Piperine,-3.659,1,285.343,0,3,3,38.77,-3.46,O=C(C=CC=Cc2ccc1OCOc1c2)N3CCCCC3,0.617602428
559,"2,3',4,4'-PCB",-6.709,1,326.437,0,2,1,0,-7.8,Clc1ccc(c(Cl)c1)c2ccc(Cl)c(Cl)c2Cl ,0.28831563
117,Anilofos,-5.106,1,367.86,0,1,7,38.77,-4.432,COP(=S)(OC)SCC(=O)N(C(C)C)c1ccc(Cl)cc1,0.543854325
919,Methyl acetate,-0.416,1,74.079,0,0,0,26.3,0.46,COC(=O)C,0.915022762
1010,Terbumeton,-3.505,1,225.296,2,1,4,71.96,-3.239,CCNc1nc(NC(C)(C)C)nc(OC)n1,0.634370258
512,3-methylindole,-2.981,1,131.178,1,2,0,15.79,-2.42,Cc1c[nH]c2ccccc12 ,0.696509863
633,hydrochlorothiazide,-1.72,1,297.745,3,2,1,118.36,-2.63,NS(=O)(=O)c2cc1c(NCNS1(=O)=O)cc2Cl ,0.680576631
915,p-Hydroxyacetanilide,-1.495,1,151.165,2,1,1,49.33,-1.03,CC(=O)Nc1ccc(O)cc1,0.801972686
872,Altretamine,-2.492,1,210.285,0,1,3,48.39,-3.364,CN(C)c1nc(nc(n1)N(C)C)N(C)C,0.624886191
740,Clonazepam,-3.707,1,315.716,1,3,2,84.6,-3.499,Clc1ccccc1C2=NCC(=O)Nc3ccc(cc23)N(=O)=O,0.614643399
126,dimethirimol,-3.57,1,209.293,1,1,4,49.25,-2.24,CCCCc1c(C)nc(nc1O)N(C)C ,0.71016692
116,Isoquinoline,-2.531,2,129.162,0,2,0,12.89,-1.45,c1ccc2cnccc2c1,0.770106222
473,Dicapthon,-4.188,1,297.656,0,1,5,70.83,-4.31,COP(=S)(OC)Oc1ccc(cc1Cl)N(=O)=O,0.553110774
861,Bendroflumethiazide,-3.741,1,421.422,3,3,3,118.36,-3.59,NS(=O)(=O)c3cc2c(NC(Cc1ccccc1)NS2(=O)=O)cc3C(F)(F)F,0.607738998
57,"1,4-Dimethylnaphthalene ",-4.147,1,156.228,0,2,0,0,-4.14,Cc1ccc(C)c2ccccc12,0.566009105
603,"2,2',3,3',4,4',5,5',6,6'-PCB",-9.589,1,498.662,0,2,1,0,-11.6,Clc1c(Cl)c(Cl)c(c(Cl)c1Cl)c2c(Cl)c(Cl)c(Cl)c(Cl)c2Cl ,0
841,o-Xylene ,-3.004,1,106.168,0,1,0,0,-2.8,Cc1ccccc1C,0.6676783
656,Flurochloridone,-4.749,1,312.118,0,2,2,20.31,-4.047,FC(F)(F)c1cccc(c1)N2CC(CCl)C(Cl)C2=O,0.57306525
786,1-Pentyne,-1.446,1,68.119,0,0,1,0,-1.64,CCCC#C,0.75569044
801,Carbazole,-3.836,2,167.211,1,3,0,15.79,-5.27,c1ccc2c(c1)[nH]c3ccccc32,0.480273141
105,Methyl formate,-0.048,1,60.052,0,0,1,26.3,0.58,COC=O,0.924127466
635,Ethyl butyrate,-2.254,1,144.214,0,0,5,26.3,-1.28,CCCCCOC(=O)CC,0.783004552
369,Neburon,-4.157,1,275.179,1,1,4,32.34,-4.77,CCCCN(C)C(=O)Nc1ccc(Cl)c(Cl)c1,0.518209408
268,"1,2,4,5-Tetrabromobenzene",-6.001,1,393.698,0,1,0,0,-6.98,Brc1cc(Br)c(Br)cc1Br,0.350531108
655,Androsterone,-3.882,1,290.447,1,4,0,37.3,-4.402,CC12CCC(O)CC1CCC3C2CCC4(C)C3CCC4=O,0.546130501
46,p-Bromoacetanilide,-3.012,1,214.062,1,1,1,29.1,-3.083,CC(=O)Nc1ccc(Br)cc1,0.646206373
349,Ethyl propyl ether,-1.072,1,88.15,0,0,3,9.23,-0.66,CCCOCC,0.830045524
195,Oxadiazon,-5.265,1,345.226,0,2,3,57.26,-5.696,CC(C)Oc1cc(c(Cl)cc1Cl)n2nc(oc2=O)C(C)(C)C,0.447951442
102,L-arabinose,0.601,1,150.13,4,1,0,90.15,0.39,C1OC(O)C(O)C(O)C1O,0.909711684
4,Thiophene,-2.232,2,84.143,0,1,0,0,-1.33,c1ccsc1,0.779210926
984,Cyclopentyl-5-spirobarbituric acid,-0.966,1,182.179,2,2,0,75.27,-2.349,O=C2NC(=O)C1(CCCC1)C(=O)N2,0.701896813
859,Hexane ,-2.615,1,86.178,0,0,3,0,-3.84,CCCCCC,0.588770865
917,triamcinolone acetonide,-3.928,1,434.504,2,5,2,93.06,-4.31,CC5(C)OC4CC3C2CCC1=CC(=O)C=CC1(C)C2(F)C(O)CC3(C)C4(O5)C(=O)CO ,0.553110774
263,3-Pentanoyloxymethylphenytoin,-3.81,1,366.417,1,3,7,75.71,-4.678,O=C1N(COC(=O)CCCC)C(=O)C(N1)(c2ccccc2)c3ccccc3,0.525189681
933,Parathion,-3.949,1,291.265,0,1,7,70.83,-4.66,CCOP(=S)(OCC)Oc1ccc(cc1)N(=O)=O,0.526555387
443,Chlorobenzene,-2.975,1,112.559,0,1,0,0,-2.38,Clc1ccccc1,0.699544765
842,Butan-2-ol,-0.616,1,74.123,1,0,1,20.23,0.47,CCC(C)O,0.915781487
923,Dibutyl ether ,-2.135,1,130.231,0,0,6,9.23,-1.85,CCCCOCCCC,0.739757208
945,1-Hexene,-2.364,1,84.162,0,0,3,0,-3.23,CCCCC=C,0.635053111
304,Lindane,-4.009,1,290.832,0,1,0,0,-4.64,ClC1C(Cl)C(Cl)C(Cl)C(Cl)C1Cl,0.528072838
341,glucose,0.501,1,180.156,5,1,1,110.38,0.74,OCC1OC(O)C(O)C(O)C1O,0.936267071
896,2-Methyl-2-hexanol,-1.663,1,116.204,1,0,3,20.23,-1.08,CCCCC(C)(C)O,0.798179059
313,"1,7-phenantroline",-2.994,2,180.21,0,3,0,25.78,-2.68,c1cnc2c(c1)ccc3ncccc23,0.676783005
149,5-fluorouracil,-0.792,1,130.078,2,1,0,65.72,-1.077,Fc1c[nH]c(=O)[nH]c1=O ,0.798406677
124,1-Decene,-3.781,1,140.27,0,0,7,0,-5.51,CCCCCCCCC=C,0.462063733
973,"1,2-Dinitrobenzene",-2.281,1,168.108,0,1,2,86.28,-3.1,O=N(=O)c1ccccc1N(=O)=O,0.64491654
1015,Benzo(a)fluorene,-5.189,2,216.283,0,4,0,0,-6.68,C1c2ccccc2c3ccc4ccccc4c13,0.373292868
697,4-Ethyltoluene,-3.328,1,120.195,0,1,1,0,-3.11,CCc1ccc(C)cc1,0.644157815
664,m-Fluorobromobenzene,-3.467,1,175,0,1,0,0,-2.67,Fc1cccc(Br)c1,0.67754173
50,1-Octyne ,-2.509,1,110.2,0,0,4,0,-3.66,CCCCCCC#C,0.602427921
353,Hexestrol,-4.854,1,270.372,2,2,5,40.46,-4.43,CCC(C(CC)c1ccc(O)cc1)c2ccc(O)cc2,0.54400607
1083,"1,2,4,5-Tetramethylbenzene",-3.664,1,134.222,0,1,0,0,-4.59,Cc1cc(C)c(C)cc1C,0.531866464
142,Trichloroethylene,-2.312,1,131.389,0,0,0,0,-1.96,ClC=C(Cl)Cl,0.731411229
470,3-Methyl-2-butanol,-0.954,1,88.15,1,0,1,20.23,-0.18,CC(C)C(C)O,0.86646434
653,2-Butoxyethanol,-0.775,1,118.176,1,0,5,29.46,-0.42,CCCCOCCO,0.848254932
399,5-hydroxyquinoline,-2.725,1,145.161,1,2,0,33.12,-2.54,Oc1cccc2ncccc12 ,0.687405159
781,2-Ethylbutanal,-1.523,1,100.161,0,0,3,17.07,-1.52,CCC(CC)C=O,0.764795144
320,Ancymidol,-2.181,1,256.305,1,3,4,55.24,-2.596,COc1ccc(cc1)C(O)(C2CC2)c3cncnc3 ,0.683156297
19,2-Undecanol,-3.096,1,172.312,1,0,8,20.23,-2.94,CCCCCCCCCC(C)O,0.657056146
684,Methyl butyl ether ,-1.072,1,88.15,0,0,3,9.23,-0.99,CCCCOC,0.805007587
1000,Ethyl formate,-0.402,1,74.079,0,0,2,26.3,0.15,CCOC=O,0.891502276
977,Tricyclazole,-2.868,1,189.243,0,3,0,30.19,-2.07,Cc2cccc3sc1nncn1c23 ,0.72306525
999,p-Cresol,-2.313,1,108.14,1,1,0,20.23,-0.73,Cc1ccc(O)cc1,0.824734446
407,Chlortoluron,-3.048,1,212.68,1,1,1,32.34,-3.483,CN(C)C(=O)Nc1ccc(C)c(Cl)c1,0.61585736
537,Salicin,-0.975,1,286.28,5,2,4,119.61,-0.85,OCC2OC(Oc1ccccc1CO)C(O)C(O)C2O,0.815629742
991,aminopyrine,-2.129,1,231.299,0,2,2,30.17,-0.364,CN(C)c2c(C)n(C)n(c1ccccc1)c2=O ,0.852503794
1086,salicylanilide,-3.782,1,213.236,2,2,2,49.33,-3.59,c1ccccc1NC(=O)c2c(O)cccc2,0.607738998
38,Piperophos,-4.637,1,353.49,0,1,9,38.77,-4.15,CCCOP(=S)(OCCC)SCC(=O)N1CCCCC1C,0.565250379
175,3-Heptanoyloxymethylphenytoin,-4.496,1,394.471,1,3,9,75.71,-6.301,O=C1N(COC(=O)CCCCCC)C(=O)C(N1)(c2ccccc2)c3ccccc3,0.402048558
245,Ipazine,-3.497,1,243.742,1,1,5,53.94,-3.785,CCN(CC)c1nc(Cl)nc(NC(C)C)n1,0.592943854
1023,4-Isopropyltoluene,-3.617,1,134.222,0,1,1,0,-3.77,CC(C)c1ccc(C)cc1,0.594081942
834,"2,4,6-Trimethylphenol",-2.941,1,136.194,1,1,0,20.23,-2.05,Cc1cc(C)c(O)c(C)c1,0.724582701
936,1-Nitronapthalene,-3.414,1,173.171,0,2,1,43.14,-3.54,O=N(=O)c1cccc2ccccc12,0.611532625
489,4-Bromophenol,-3.132,1,173.009,1,1,0,20.23,-1.09,Oc1ccc(Br)cc1,0.797420334
154,"1,3-Butadiene",-1.376,1,54.092,0,0,1,0,-1.87,C=CC=C,0.738239757
638,Bromoethane,-1.529,1,108.966,0,0,0,0,-1.09,CCBr,0.797420334
662,alloxan,0.436,1,142.07,2,1,0,92.34,-1.25,O=C1NC(=O)C(=O)C(=O)N1 ,0.785280728
287,"1,1,2,2-Tetrachloroethane",-2.549,1,167.85,0,0,1,0,-1.74,ClC(Cl)C(Cl)Cl,0.748103187
625,RTI 17,-4.227,1,269.373,0,3,1,19.37,-4.706,CCN2c1ccccc1N(C)C(=S)c3cccnc23 ,0.52306525
685,7-methylpteridine,-1.24,1,146.153,0,2,0,51.56,-0.854,Cc2cnc1cncnc1n2,0.815326252
756,Medrogestone,-4.593,1,340.507,0,4,1,34.14,-5.27,CC(=O)C3(C)CCC4C2C=C(C)C1=CC(=O)CCC1(C)C2CCC34C,0.480273141
569,1-Heptene,-2.718,1,98.189,0,0,4,0,-3.73,CCCCCC=C,0.597116844
925,RTI 6,-3.335,1,313.361,2,3,4,81.59,-3.36,CCN2c1nc(N(C)(CCO))ccc1NC(=O)c3cccnc23 ,0.625189681
734,Nonane,-3.678,1,128.259,0,0,6,0,-5.88,CCCCCCCCC,0.433990895
17,Benzonitrile,-2.03,1,103.124,0,1,0,23.79,-1,N#Cc1ccccc1,0.804248862
127,Cyfluthrin,-6.84,1,434.294,0,3,6,59.32,-7.337,CC1(C)C(C=C(Cl)Cl)C1C(=O)OC(C#N)c2ccc(F)c(Oc3ccccc3)c2,0.323444613
322,Carbanilide,-3.611,1,212.252,2,2,2,41.13,-3.15,O=C(Nc1ccccc1)Nc2ccccc2,0.641122914
255,"2,4-Dimethyl-3-pentanol",-1.647,1,116.204,1,0,2,20.23,-1.22,CC(C)C(O)C(C)C,0.787556904
820,1-Bromopentane,-2.658,1,151.047,0,0,3,0,-3.08,CCCCCBr,0.646433991
1109,Dichlorophen,-4.924,1,269.127,2,2,2,40.46,-3.953,Oc1ccc(Cl)cc1Cc2cc(Cl)ccc2O,0.580197269
190,Ethyl nonanoate,-3.316,1,186.295,0,0,8,26.3,-3.8,CCCCCCCCC(=O)OCC,0.591805766
115,theobromine,-1.05,1,180.167,1,2,0,72.68,-2.523,Cn1cnc2n(C)c(=O)[nH]c(=O)c12 ,0.688694992
1103,4-Methyl-2-pentanol,-1.308,1,102.177,1,0,2,20.23,-0.8,CC(C)CC(C)O,0.819423369
772,"5,5-Diallylbarbital",-1.471,1,208.217,2,1,4,75.27,-2.077,O=C1NC(=O)NC(=O)C1(CC=C)CC=C,0.722534143
606,1-Methylnaphthalene,-3.802,1,142.201,0,2,0,0,-3.7,Cc1cccc2ccccc12,0.59939302
180,3-Methylpentane,-2.6,1,86.178,0,0,2,0,-3.68,CCC(C)CC,0.60091047
301,"1,1-Dichloroethane",-1.576,1,98.96,0,0,0,0,-1.29,CC(Cl)Cl,0.782245827
942,"1,5-Hexadiene ",-2.112,1,82.146,0,0,3,0,-2.68,C=CCCC=C,0.676783005
888,chlorothiazide,-1.752,1,295.729,2,2,1,118.69,-3.05,NS(=O)(=O)c2cc1c(N=CNS1(=O)=O)cc2Cl ,0.648710167
902,Methoprene,-4.795,1,310.478,0,0,10,35.53,-5.19,COC(C)(C)CCCC(C)CC=CC(C)=CC(=O)OC(C)C,0.486342944
853,"2,3,4,6-Tetrachlorophenol",-4.203,1,231.893,1,1,0,20.23,-3.1,Oc1c(Cl)cc(Cl)c(Cl)c1Cl,0.64491654
965,diisooctyl phthalate,-7.117,1,390.564,0,1,14,52.6,-6.637,c1(C(=O)OCCCCCC(C)(C))c(C(=O)OCCCCCC(C)(C))cccc1,0.376555387
828,Cyclohexyl-5-spirobarbituric acid,-1.405,1,196.206,2,2,0,75.27,-3.06,O=C2NC(=O)C1(CCCCC1)C(=O)N2,0.647951442
517,Fenoxycarb,-4.662,1,301.342,1,2,7,56.79,-4.7,CCOC(=O)NCCOc2ccc(Oc1ccccc1)cc2,0.523520486
372,Iodobenzene,-3.8,1,204.01,0,1,0,0,-3.01,Ic1ccccc1,0.651745068
45,2-Heptanol ,-1.678,1,116.204,1,0,4,20.23,-1.55,CCCCCC(C)O,0.762518968
476,Pirimicarb,-2.34,1,238.291,0,1,2,58.56,-1.95,CN(C)C(=O)Oc1nc(nc(C)c1C)N(C)C,0.732169954
157,chloroacetamide,-0.106,1,93.513,1,0,1,43.09,-0.02,NC(=O)CCl ,0.878603945
926,2-Methyl-2-pentanol,-1.308,1,102.177,1,0,2,20.23,-0.49,CCCC(C)(C)O,0.842943854
171,Meprobamate,-1.376,1,218.253,2,0,6,104.64,-1.807,CCCC(C)(COC(N)=O)COC(N)=O ,0.743019727
16,2-Methylbutanol,-1.027,1,88.15,1,0,2,20.23,-0.47,CCC(C)CO,0.844461305
511,"Sparsomycin (3,8mg/ml)",-1.57,1,361.445,4,1,8,132.12,-1.981,CSCS(=O)CC(CO)NC(=O)C=Cc1c(C)[nH]c(=O)[nH]c1=O,0.729817906
48,nifedipine,-4.248,1,346.339,1,2,4,107.77,-4.76,COC(=O)C1=C(C)NC(=C(C1c2ccccc2N(=O)=O)C(=O)OC)C ,0.518968134
191,metalaxyl,-2.87,1,279.336,0,1,5,55.84,-1.601,COCC(=O)N(C(C)C(=O)OC)c1c(C)cccc1C ,0.758649469
546,ampyrone,-1.192,1,203.245,1,2,1,52.95,-0.624,Cc2c(N)c(=O)n(c1ccccc1)n2C,0.832776935
515,isocarbamid,-1.508,1,185.227,2,1,2,61.44,-2.15,C1N(C(=O)NCC(C)C)C(=O)NC1,0.716995448
848,allicin,-2.045,1,162.279,0,0,5,17.07,-0.83,C=CCS(=O)SCC=C,0.817147193
924,1-Dodecanol,-3.523,1,186.339,1,0,10,20.23,-4.8,CCCCCCCCCCCCO,0.515933232
480,Metolachlor,-3.431,1,283.799,0,1,6,29.54,-2.73,CCc1cccc(C)c1N(C(C)COC)C(=O)CCl ,0.672989378
283,2-Ethyltoluene,-3.296,1,120.195,0,1,1,0,-3.21,CCc1ccccc1C,0.636570561
894,Propazine,-3.329,1,229.715,2,1,4,62.73,-4.43,CC(C)Nc1nc(Cl)nc(NC(C)C)n1,0.54400607
816,Ethinyl estradiol,-4.317,1,296.41,2,4,0,40.46,-4.3,CC34CCC1C(CCc2cc(O)ccc12)C3CCC4(O)C#C ,0.553869499
225,nevirapine,-3.397,1,266.304,1,4,1,58.12,-3.19,Cc3ccnc4N(C1CC1)c2ncccc2C(=O)Nc34 ,0.638088012
26,Theophylline,-1.452,1,180.167,1,2,0,72.68,-1.39,Cn1c(=O)n(C)c2nc[nH]c2c1=O,0.774658574
969,1-Pentadecanol,-4.586,1,228.42,1,0,13,20.23,-6.35,CCCCCCCCCCCCCCCO,0.398330804
1080,"1,2-Dichlorotetrafluoroethane",-2.697,1,170.92,0,0,1,0,-2.74,FC(F)(Cl)C(F)(F)Cl,0.672230653
437,"1,2-Dichloroethane",-1.374,1,98.96,0,0,1,0,-1.06,ClCCCl,0.79969651
1097,Eicosane,-7.576,1,282.556,0,0,17,0,-8.172,CCCCCCCCCCCCCCCCCCCC,0.260091047
364,Hydrocortisone ,-3.159,1,362.466,3,4,2,94.83,-3.09,CC12CC(O)C3C(CCC4=CC(=O)CCC34C)C2CCC1(O)C(=O)CO,0.645675266
229,Fenthion,-4.265,1,278.335,0,1,5,27.69,-4.57,COP(=S)(OC)Oc1ccc(SC)c(C)c1,0.533383915
37,Fenothiocarb,-3.297,1,253.367,0,1,6,29.54,-3.927,CN(C)C(=O)SCCCCOc1ccccc1,0.582169954
669,cytosine,0.051,1,111.104,2,1,0,71.77,-1.155,Nc1cc[nH]c(=O)n1 ,0.792488619
749,borneol,-2.423,1,154.253,1,2,0,20.23,-2.32,CC1(C)C2CCC1(C)C(O)C2,0.704097117
1110,Desmedipham,-4.182,1,300.314,2,2,4,76.66,-4.632,CCOC(=O)Nc2cccc(OC(=O)Nc1ccccc1)c2 ,0.528679818
374,Methocarbamol,-1.428,1,241.243,2,1,6,91.01,-0.985,COc1ccccc1OCC(O)COC(N)=O,0.80538695
469,"2,6-Dimethylphenol",-2.589,1,122.167,1,1,0,20.23,-1.29,Cc1cccc(C)c1O,0.782245827
1111,Anthraquinone,-3.34,1,208.216,0,3,0,34.14,-5.19,O=C1c2ccccc2C(=O)c3ccccc13,0.486342944
687,"N,N-Dimethylacetamide",0.123,1,87.122,0,0,0,20.31,1.11,CN(C)C(=O)C,0.964339909
32,Phenmedipham,-4.229,1,300.314,2,2,3,76.66,-4.805,COC(=O)Nc1cccc(OC(=O)Nc2cccc(C)c2)c1,0.515553869
875,Fructose,0.471,1,180.156,5,1,2,110.38,0.64,OCC1OC(O)(CO)C(O)C1O,0.928679818
905,Buturon,-3.199,1,236.702,1,1,2,32.34,-3.9,CC(C#C)N(C)C(=O)Nc1ccc(Cl)cc1,0.584218513
194,2-Napthol,-3.08,1,144.173,1,2,0,20.23,-2.28,Oc1ccc2ccccc2c1,0.707132018
1042,"2,2',4,4',5,5'-PCB",-7.343,1,360.882,0,2,1,0,-8.56,Clc1cc(Cl)c(cc1Cl)c2cc(Cl)c(Cl)cc2Cl ,0.230652504
1049,o-Chlorobromobenzene,-3.84,1,191.455,0,1,0,0,-3.19,Clc1ccccc1Br,0.638088012
503,p-Phenylphenol,-3.701,1,170.211,1,2,1,20.23,-3.48,Oc1ccc(cc1)c2ccccc2,0.616084977
847,4-hexylresorcinol,-3.493,1,194.274,2,1,5,40.46,-2.59,c1(O)cc(O)ccc1CCCCCC,0.683611533
1112,2-Octanol,-2.033,1,130.231,1,0,5,20.23,-2.09,CCCCCCC(C)O,0.7215478
1026,d-inositol,-0.887,1,180.156,6,1,0,121.38,0.35,OC1C(O)C(O)C(O)C(O)C1O,0.906676783
800,2-Nitropropane,-0.743,1,89.094,0,0,1,43.14,-0.62,CC(C)N(=O)=O,0.833080425
579,p-terphenyl,-5.741,2,230.31,0,3,2,0,-7.11,c1ccc(cc1)c2ccc(cc2)c3ccccc3,0.340667678
160,Metribuzin,-2.324,1,214.294,1,1,1,73.8,-2.253,CSc1nnc(c(=O)n1N)C(C)(C)C,0.709180577
680,Guaiacol,-1.941,1,124.139,1,1,1,29.46,-1.96,COc1ccccc1O ,0.731411229
1063,"3,3-Dimethylpentane",-2.938,1,100.205,0,0,2,0,-4.23,CCC(C)(C)CC,0.559180577
162,Caproaldehyde,-1.457,1,100.161,0,0,4,17.07,-1.3,CCCCCC=O,0.781487102
821,trans-2-Heptene ,-2.784,1,98.189,0,0,3,0,-3.82,CCCC/C=C/C,0.590288316
705,"2,2-Dimethylpentanol",-1.719,1,116.204,1,0,3,20.23,-1.52,CCCC(C)(C)CO,0.764795144
873,"2,4-Dimethyl-2-pentanol ",-1.647,1,116.204,1,0,2,20.23,-0.92,CC(C)CC(C)(C)O,0.810318665
152,1-Hexanol,-1.397,1,102.177,1,0,4,20.23,-1.24,CCCCCCO,0.786039454
849,Coumaphos,-5.04,1,362.771,0,2,6,57.9,-5.382,CCOP(=S)(OCC)Oc2ccc1oc(=O)c(Cl)c(C)c1c2,0.471775417
869,Naled,-3.548,1,380.784,0,0,5,44.76,-2.28,COP(=O)(OC)OC(Br)C(Cl)(Cl)Br,0.707132018
938,isoguanine,-1.74,1,151.129,3,2,0,100.71,-3.401,Nc1nc(O)nc2nc[nH]c12 ,0.622078907
111,Niclosamide,-5.032,1,327.123,2,2,3,92.47,-4.7,Oc1ccc(Cl)cc1C(=O)Nc2ccc(cc2Cl)N(=O)=O,0.523520486
226,Isazofos,-3.76,1,313.747,0,1,7,58.4,-3.658,CCOP(=S)(OCC)Oc1nc(Cl)n(n1)C(C)C,0.602579666
1107,Isocarboxazid,-2.251,1,231.255,2,2,4,67.16,-2.461,Cc1cc(no1)C(=O)NNCc2ccccc2,0.69339909
103,Dichloromethane,-1.156,1,84.933,0,0,0,0,-0.63,ClCCl,0.8323217
421,Chlorazine,-3.663,1,257.769,0,1,6,45.15,-4.411,CCN(CC)c1nc(Cl)nc(n1)N(CC)CC,0.545447648
419,"2,6-Dinitrotoluene",-2.553,1,182.135,0,1,2,86.28,-3,Cc1c(cccc1N(=O)=O)N(=O)=O,0.652503794
932,Pteridine,-0.906,2,132.126,0,2,0,51.56,0.02,c2cnc1ncncc1n2,0.881638847
586,"2,3,4,5,6-PCB",-6.785,1,326.437,0,2,1,0,-7.92,Clc2c(Cl)c(Cl)c(c1ccccc1)c(Cl)c2Cl ,0.279210926
966,Corticosterone,-3.454,1,346.467,2,4,2,74.6,-3.24,CC12CC(O)C3C(CCC4=CC(=O)CCC34C)C2CCC1C(=O)CO,0.634294385
672,"O,P'-DDD",-6.008,1,320.046,0,2,3,0,-6.51,ClC(Cl)C(c1ccc(Cl)cc1)c2ccccc2Cl ,0.386191199
119,2-Chlorobiphenyl,-4.528,1,188.657,0,2,1,0,-4.54,Clc1ccccc1c2ccccc2,0.535660091
53,Bromacil,-3.419,1,261.119,1,1,2,54.86,-2.523,CCC(C)n1c(=O)[nH]c(C)c(Br)c1=O ,0.688694992
151,"1,3-Benzenediol",-1.59,1,110.112,2,1,0,40.46,0.81,Oc1cccc(O)c1,0.941578149
403,Bromochloromethane,-1.519,1,129.384,0,0,0,0,-0.89,ClCBr,0.812594841
1118,Isobutyl acetate,-1.463,1,116.16,0,0,2,26.3,-1.21,CC(C)COC(=O)C,0.78831563
207,6-hydroxyquinoline,-2.725,1,145.161,1,2,0,33.12,-2.16,Oc2ccc1ncccc1c2 ,0.716236722
1067,dexamethasone acetate,-3.933,1,434.504,2,4,3,100.9,-4.9,CC4CC3C2CCC1=CC(=O)C=CC1(C)C2(F)C(O)CC3(C)C4(O)C(=O)COC(C)=O ,0.508345979
658,methyl gallate,-1.913,1,184.147,3,1,1,86.99,-1.24,COC(=O)c1cc(O)c(O)c(O)c1 ,0.786039454
1035,"2,4-Dimethyl-3-pentanone",-1.752,1,114.188,0,0,2,17.07,-1.3,CC(C)C(=O)C(C)C,0.781487102
946,Xipamide,-3.642,1,354.815,3,2,3,109.49,-3.79,Cc1cccc(C)c1NC(=O)c2cc(c(Cl)cc2O)S(N)(=O)=O,0.592564492
8,Dieldrin,-4.533,1,380.913,0,5,0,12.53,-6.29,ClC4=C(Cl)C5(Cl)C3C1CC(C2OC12)C3C4(Cl)C5(Cl)Cl,0.402883156
998,2-Methylbutan-2-ol,-0.954,1,88.15,1,0,1,20.23,0.15,CCC(C)(C)O,0.891502276
36,Diphenylamine,-3.857,2,169.227,1,2,2,12.03,-3.504,N(c1ccccc1)c2ccccc2,0.614264036
452,1-Chloronapthalene,-4.063,1,162.619,0,2,0,0,-3.93,Clc1cccc2ccccc12,0.581942337
651,"1,1-Diethoxyethane ",-0.899,1,118.176,0,0,4,18.46,-0.43,CCOC(C)OCC,0.847496206
253,O-Ethyl carbamate,-0.218,1,89.094,1,0,1,52.32,0.85,CCOC(=O)N,0.94461305
303,Isopropalin,-5.306,1,309.366,0,1,8,89.52,-6.49,CCCN(CCC)c1c(cc(cc1N(=O)=O)C(C)C)N(=O)=O,0.387708649
928,stadacaine,-5.128,1,293.407,0,1,9,38.77,-3.84,CCCCOc1ccc(C(=O)OCC)c(c1)N(CC)CC ,0.588770865
571,Pentobarbital,-2.312,1,226.276,2,1,4,75.27,-2.39,O=C1NC(=O)NC(=O)C1(CC)C(C)CCC,0.698786039
623,6-aminochrysene,-4.849,1,243.309,1,4,0,26.02,-6.2,Nc3cc2c1ccccc1ccc2c4ccccc34 ,0.409711684
900,butallylonal,-2.766,1,303.156,2,1,4,75.27,-2.647,CCC(C)C1(CC(Br)=C)C(=O)NC(=O)NC1=O ,0.679286798
895,2-Methylpentanol,-1.381,1,102.177,1,0,3,20.23,-1.11,CCCC(C)CO,0.795902883
885,Lorazepam,-3.75,1,321.163,2,3,1,61.69,-3.604,OC3N=C(c1ccccc1Cl)c2cc(Cl)ccc2NC3=O,0.606676783
262,TEFLUBENZURON,-5.462,1,381.112,2,2,2,58.2,-7.28,Fc1cccc(F)c1C(=O)NC(=O)Nc2cc(Cl)c(F)c(Cl)c2F ,0.327769347
610,Menadione,-2.667,1,172.183,0,2,0,34.14,-3.03,CC2=CC(=O)c1ccccc1C2=O ,0.650227618
297,"2,2',3,3',4,4',5,5'-PCB",-8.468,1,429.772,0,2,1,0,-9.16,Clc1cc(c(Cl)c(Cl)c1Cl)c2cc(Cl)c(Cl)c(Cl)c2Cl,0.185128983
414,Aldrin,-5.511,1,364.914,0,4,0,0,-6.307,ClC1=C(Cl)C2(Cl)C3C4CC(C=C4)C3C1(Cl)C2(Cl)Cl,0.401593323
150,tubercidin,-0.892,1,266.257,4,3,2,126.65,-1.95,Nc1ncnc2n(ccc12)C3OC(CO)C(O)C3O ,0.732169954
1102,Methylcyclopentane,-2.452,1,84.162,0,1,0,0,-3.3,CC1CCCC1,0.629742033
778,Khellin,-3.603,1,260.245,0,3,2,61.81,-3.021,COc2c1occc1c(OC)c3c(=O)cc(C)oc23 ,0.65091047
640,Digitoxin,-6.114,1,764.95,5,8,7,182.83,-5.293,CC1OC(CC(O)C1O)OC2C(O)CC(OC2C)OC8C(O)CC(OC7CCC3(C)C(CCC4C3CCC5(C)C(CCC45O)C6=CC(=O)OC6)C7)OC8C ,0.478528073
1119,"2,2,3-Trimethylbutane",-2.922,1,100.205,0,0,0,0,-4.36,CC(C)C(C)(C)C,0.549317147
1062,1-Decanol,-2.814,1,158.285,1,0,8,20.23,-3.63,CCCCCCCCCCO,0.604704097
550,3-Methyl-2-pentanol,-1.308,1,102.177,1,0,3,20.23,-0.71,CCC(C)CCO,0.826251897
978,2-Octanone,-1.909,1,128.215,0,0,5,17.07,-2.05,CCCCCCC(=O)C,0.724582701
488,Coumatetralyl,-5.194,1,292.334,1,4,1,50.44,-2.84,O=c2c(C3CCCc4ccccc43)c(O)c1ccccc1o2 ,0.664643399
819,Napthacene,-5.568,2,228.294,0,4,0,0,-8.6,c1ccc2cc3cc4ccccc4cc3cc2c1,0.227617602
710,kebuzone,-2.645,1,322.364,0,3,5,57.69,-3.27,CC(=O)CCC1C(=O)N(N(C1=O)c2ccccc2)c3ccccc3,0.632018209
1014,Niridazole,-1.948,1,214.206,1,2,2,88.37,-3.22,O=C1NCCN1c2ncc(s2)N(=O)=O,0.635811836
147,Amobarbital,-2.312,1,226.276,2,1,4,75.27,-2.468,CCC1(CCC(C)C)C(=O)NC(=O)NC1=O,0.692867982
146,Methanol,0.441,1,32.042,1,0,0,20.23,1.57,CO,0.999241275
1084,norethindrone acetate,-4.241,1,340.463,0,4,1,43.37,-4.8,CC(=O)OC3(CCC4C2CCC1=CC(=O)CCC1C2CCC34C)C#C,0.515933232
345,"1,4-Dinitrobenzene",-2.281,1,168.108,0,1,2,86.28,-3.39,O=N(=O)c1ccc(cc1)N(=O)=O,0.622913505
920,Stanolone,-3.882,1,290.447,1,4,0,37.3,-4.743,CC34CCC1C(CCC2CC(=O)CCC12C)C3CCC4O ,0.520257967
1058,Nitrapyrin,-3.833,1,230.909,0,1,0,12.89,-3.76,Clc1cccc(n1)C(Cl)(Cl)Cl,0.594840668
659,fluconazole,-2.418,1,306.276,1,3,5,81.65,-1.8,OC(Cn1cncn1)(Cn2cncn2)c3ccc(F)cc3F ,0.743550835
770,Propionaldehyde,-0.394,1,58.08,0,0,1,17.07,0.58,CCC=O,0.924127466
348,Fenuron,-1.847,1,164.208,1,1,1,32.34,-1.6,CN(C)C(=O)Nc1ccccc1,0.758725341
463,3-chloropropionitrile,-0.522,1,89.525,0,0,1,23.79,-0.29,ClCCC#N ,0.858118361
325,Isoproturon,-2.867,1,206.289,1,1,2,32.34,-3.536,CC(C)c1ccc(NC(=O)N(C)C)cc1,0.611836115
186,Pyridazine,-0.619,2,80.09,0,1,0,25.78,1.1,c1ccnnc1,0.963581184
123,m-Nitrophenol,-2.318,1,139.11,1,1,1,63.37,-1.01,Oc1cccc(c1)N(=O)=O,0.803490137
1041,Diphenyl ether ,-4.254,2,170.211,0,2,2,9.23,-3.96,O(c1ccccc1)c2ccccc2,0.579666161
608,"3,3-Dimethyl-2-butanol",-1.292,1,102.177,1,0,0,20.23,-0.62,CC(O)C(C)(C)C,0.833080425
143,1-Napthylamine,-2.721,1,143.189,1,2,0,26.02,-1.92,Nc1cccc2ccccc12,0.734446131
751,Heptane,-2.97,1,100.205,0,0,4,0,-4.53,CCCCCCC,0.536418816
1104,RTI 11,-3.125,1,254.289,1,3,0,55.56,-3.928,O2c1ccc(N)cc1N(C)C(=O)c3cc(C)ccc23 ,0.582094082
197,1-Nonyne ,-2.864,1,124.227,0,0,5,0,-4.24,CCCCCCCC#C,0.558421851
609,Methyl pentanoate,-1.545,1,116.16,0,0,3,26.3,-1.36,CCCC(=O)OCC,0.77693475
883,Hydrocortisone 21-acetate,-3.692,1,404.503,2,4,3,100.9,-4.88,CC(=O)OCC(=O)C1(O)CCC2C3CCC4=CC(=O)CCC4(C)C3C(O)CC21C,0.509863429
836,p-Chloroiodobenzene,-4.384,1,238.455,0,1,0,0,-4.03,Clc1ccc(I)cc1,0.574355083
279,Pyrolan,-3.141,1,245.282,0,2,2,47.36,-2.09,CN(C)C(=O)Oc1cc(C)nn1c2ccccc2,0.7215478
293,Equilin,-3.555,1,268.356,1,4,0,37.3,-5.282,CC34CCC1C(=CCc2cc(O)ccc12)C3CCC4=O,0.479362671
1027,Dyphylline,-0.847,1,254.246,2,2,3,102.28,-0.17,Cn2c(=O)n(C)c1ncn(CC(O)CO)c1c2=O,0.867223065
400,Carboxin,-2.927,1,235.308,1,2,2,38.33,-3.14,CC1=C(SCCO1)C(=O)Nc2ccccc2,0.641881639
122,Pentachlorobenzene,-5.168,1,250.339,0,1,0,0,-5.65,Clc1cc(Cl)c(Cl)c(Cl)c1Cl,0.451441578
183,Chloroacetonitrile,-0.448,1,75.498,0,0,0,23.79,-0.092,ClCC#N,0.873141123
202,Propyne,-0.672,1,40.065,0,0,0,0,-0.41,CC#C,0.849013657
438,2-Chloro-2-methylbutane,-2.278,1,106.596,0,0,1,0,-2.51,CCC(C)(C)Cl,0.689681335
835,Benzene ,-2.418,2,78.114,0,1,0,0,-1.64,c1ccccc1,0.75569044
246,Benzocaine,-2.383,1,165.192,1,1,2,52.32,-2.616,CCOC(=O)c1ccc(N)cc1,0.681638847
415,Tetrahydrofurane ,-0.62,2,72.107,0,1,0,9.23,0.49,C1CCOC1,0.917298938
962,"2,4,6-PCB",-5.604,1,257.547,0,2,1,0,-6.14,Clc1ccc(cc1)c2c(Cl)cccc2Cl ,0.414264036
949,Mebendazole,-4.118,1,295.298,2,3,3,84.08,-3.88,COC(=O)Nc2nc1ccc(cc1[nH]2)C(=O)c3ccccc3,0.585735964
1072,Diethyl phthalate ,-3.016,1,222.24,0,1,4,52.6,-2.35,CCOC(=O)c1ccccc1C(=O)OCC,0.701820941
953,Ethyne,-0.252,1,26.038,0,0,0,0,0.29,C#C,0.902124431
52,Chrysene,-5.568,2,228.294,0,4,0,0,-8.057,c1ccc2c(c1)ccc3c4ccccc4ccc23,0.268816388
129,1-Bromoheptane,-3.366,1,179.101,0,0,5,0,-4.43,CCCCCCCBr,0.54400607
637,Benzo(a)pyrene,-6.007,2,252.316,0,5,0,0,-8.699,c1ccc2c(c1)cc3ccc4cccc5ccc2c3c45,0.220106222
402,Pentachlorophenol,-4.835,1,266.338,1,1,0,20.23,-4.28,Oc1c(Cl)c(Cl)c(Cl)c(Cl)c1Cl,0.55538695
971,"5,5-Dimethylbarbituric acid",-0.556,1,156.141,2,1,0,75.27,-1.742,O=C1NC(=O)NC(=O)C1(C)C,0.747951442
956,Mecarbam,-3.738,1,329.38,0,0,8,65.07,-2.518,CCOC(=O)N(C)C(=O)CSP(=S)(OCC)OCC,0.689074355
735,2-Chlorophenol,-2.553,1,128.558,1,1,0,20.23,-1.06,Oc1ccccc1Cl,0.79969651
854,"1,3-Dichlorobenzene",-3.558,1,147.004,0,1,0,0,-3.04,Clc1cccc(Cl)c1,0.649468892
1075,Diiodomethane,-2.958,1,267.835,0,0,0,0,-2.34,ICI,0.702579666
219,"Etoposide (148-167,25mg/ml)",-3.292,1,588.562,3,7,5,160.83,-3.571,COc1cc(cc(OC)c1O)C6C2C(COC2=O)C(OC4OC3COC(C)OC3C(O)C4O)c7cc5OCOc5cc67,0.609180577
641,2-Methyl-1-Butene,-1.994,1,70.135,0,0,1,0,-2.73,CCC(=C)C,0.672989378
1,Fenfuram,-2.885,1,201.225,1,2,2,42.24,-3.3,Cc1occc1C(=O)Nc2ccccc2,0.629742033
934,Methane,-0.636,0,16.043,0,0,0,0,-0.9,C,0.811836115
996,bromopropylate,-5.833,1,428.12,1,2,4,46.53,-4.93,CC(C)OC(=O)C(O)(c1ccc(Br)cc1)c2ccc(Br)cc2 ,0.506069803
80,Formothion,-2.087,1,257.273,0,0,6,55.84,-1.995,COP(=S)(OC)SCC(=O)N(C)C=O,0.72875569
624,Estrone,-3.872,1,270.372,1,4,0,37.3,-3.955,CC12CCC3C(CCc4cc(O)ccc34)C2CCC1=O,0.580045524
1031,"1,2-Dibromobenzene",-4.172,1,235.906,0,1,0,0,-3.5,Brc1ccccc1Br,0.614567527
944,Androstenedione,-3.393,1,286.415,0,4,0,34.14,-3.69,CC34CCC1C(CCC2=CC(=O)CCC12C)C3CCC4=O,0.600151745
386,aminothiazole,-1.226,1,100.146,1,1,0,38.91,-0.36,Nc1nccs1 ,0.852807284
1114,Butylbenzene,-3.585,1,134.222,0,1,3,0,-4.06,CCCCc1ccccc1,0.572078907
806,"2,3-Dimethylpentane",-2.938,1,100.205,0,0,2,0,-4.28,CCC(C)C(C)C,0.55538695
509,"1,4-Dichlorobenzene",-3.558,1,147.004,0,1,0,0,-3.27,Clc1ccc(Cl)cc1,0.632018209
267,1-Bromobutane,-2.303,1,137.02,0,0,2,0,-2.37,CCCCBr,0.70030349
1011,3-Methylheptane,-3.308,1,114.232,0,0,4,0,-5.16,CCCCC(C)CC,0.48861912
441,Lactose,1.071,1,342.297,8,2,4,189.53,-0.244,OCC1OC(OC2C(O)C(O)C(O)OC2CO)C(O)C(O)C1O,0.861608498
496,1-aminoacridine,-3.542,1,194.237,1,3,0,38.91,-4.22,Nc2cccc3nc1ccccc1cc23 ,0.559939302
829,dimetan,-2.304,1,211.261,0,1,1,46.61,-0.85,CN(C)C(=O)OC1=CC(=O)CC(C)(C)C1 ,0.815629742
112,Pentane,-2.261,1,72.151,0,0,2,0,-3.18,CCCCC,0.638846737
691,5-Allyl-5-ethylbarbital,-1.368,1,196.206,2,1,3,75.27,-1.614,O=C1NC(=O)NC(=O)C1(CC)CC=C,0.757663126
232,Epiandrosterone,-3.882,1,290.447,1,4,0,37.3,-4.16,CC34CCC1C(CCC2CC(O)CCC12C)C3CCC4=O,0.564491654
471,benzhydrol,-3.033,1,184.238,1,2,2,20.23,-2.55,c1ccccc1C(O)c2ccccc2,0.686646434
607,Napropamide,-4.088,1,271.36,0,2,5,29.54,-3.57,CCN(CC)C(=O)C(C)Oc1cccc2ccccc12 ,0.609256449
671,Propionitrile,-0.269,1,55.08,0,0,0,23.79,0.28,CCC#N,0.901365706
373,Metolazone,-3.777,1,365.842,2,3,2,92.5,-3.78,CC2Nc1cc(Cl)c(cc1C(=O)N2c3ccccc3C)S(N)(=O)=O ,0.593323217
826,"1,1,1-Trichloroethane",-2.232,1,133.405,0,0,0,0,-2,CC(Cl)(Cl)Cl,0.728376328
663,"1,3-Dichloropropane",-1.618,1,112.987,0,0,2,0,-1.62,ClCCCCl,0.757207891
1034,RTI 20,-3.663,1,255.292,0,3,2,20.31,-4.799,C2c1ccccc1N(CCF)C(=O)c3ccccc23 ,0.516009105
233,mannitol,0.647,1,182.172,6,0,5,121.38,0.06,OCC(O)C(O)C(O)C(O)CO ,0.884673748
818,Di-n-propylsulfide,-2.307,1,118.245,0,0,4,0,-2.58,CCCSCCC,0.684370258
972,2-Iodopropane,-2.486,1,169.993,0,0,0,0,-2.09,CC(C)I,0.7215478
676,Benzo[ghi]perylene,-6.446,2,276.338,0,6,0,0,-9.018,c1cc2ccc3ccc4ccc5cccc6c(c1)c2c3c4c56,0.195902883
317,uracil,-0.441,1,112.088,2,1,0,65.72,-1.488,O=c1cc[nH]c(=O)[nH]1 ,0.767223065
648,Eugenol,-2.675,1,164.204,1,1,3,29.46,-1.56,COc1cc(CC=C)ccc1O,0.761760243
410,Thiamphenicol,-1.936,1,356.227,3,1,6,103.7,-2.154,CS(=O)(=O)c1ccc(cc1)C(O)C(CO)NC(=O)C(Cl)Cl ,0.716691958
1066,Butyraldehyde,-0.749,1,72.107,0,0,2,17.07,-0.01,CCCC=O,0.879362671
709,t-Butylbenzene ,-3.554,1,134.222,0,1,0,0,-3.66,CC(C)(C)c1ccccc1,0.602427921
358,"9,10-Dimethylanthracene",-5.228,1,206.288,0,3,0,0,-6.57,Cc1c2ccccc2c(C)c3ccccc13,0.381638847
258,Phenytoin,-3.057,1,252.273,2,3,2,58.2,-4.097,O=C1NC(=O)C(N1)(c2ccccc2)c3ccccc3,0.569271624
744,Cyhalothrin,-6.905,1,449.856,0,3,6,59.32,-8.176,CC1(C)C(C=C(Cl)C(F)(F)F)C1C(=O)OC(C#N)c2cccc(Oc3ccccc3)c2,0.259787557
627,Nitrazepam,-3.473,1,281.271,1,3,2,84.6,-3.796,O=C3CN=C(c1ccccc1)c2cc(ccc2N3)N(=O)=O,0.592109256
632,"1,5-Dimethlnapthalene",-4.147,1,156.228,0,2,0,0,-4.679,Cc1cccc2c(C)cccc12,0.525113809
980,"1,4-Difluorobenzene",-2.636,1,114.094,0,1,0,0,-1.97,Fc1ccc(F)cc1,0.730652504
282,"5,5-Diisopropylbarbital",-1.942,1,212.249,2,1,2,75.27,-2.766,O=C1NC(=O)NC(=O)C1(C(C)C)C(C)C,0.670257967
376,"2,3-Dichlorophenol",-3.144,1,163.003,1,1,0,20.23,-1.3,Oc1cccc(Cl)c1Cl,0.781487102
384,1-Octene ,-3.073,1,112.216,0,0,5,0,-4.44,CCCCCCC=C,0.543247344
224,6-methoxypteridine,-1.589,1,162.152,0,2,1,60.79,-1.139,COc2cnc1ncncc1n2,0.79370258
1101,"cis 1,2-Dichloroethylene",-1.561,1,96.944,0,0,0,0,-1.3,Cl\C=C/Cl,0.781487102
1005,Tetrachloroethylene,-3.063,1,165.834,0,0,0,0,-2.54,ClC(=C(Cl)Cl)Cl,0.687405159
472,Methyl decanoate,-3.316,1,186.295,0,0,8,26.3,-4.69,CCCCCCCCCC(=O)OC,0.524279211
347,Ethyl decanoate,-3.671,1,200.322,0,0,9,26.3,-4.1,CCCCCCCCCC(=O)OCC,0.569044006
505,Ethyl vinyl ether,-0.857,1,72.107,0,0,2,9.23,-0.85,CCOC=C,0.815629742
639,3-Hexyne,-1.933,1,82.146,0,0,0,0,-1.99,CCC#CCC,0.729135053
1121,Phthalonitrile,-1.717,1,128.134,0,1,0,47.58,-2.38,N#Cc1ccccc1C#N,0.699544765
1098,hydrazobenzene,-3.492,2,184.242,2,2,3,24.06,-2.92,N(Nc1ccccc1)c2ccccc2 ,0.658573596
797,D-fenchone,-2.158,1,152.237,0,2,0,17.07,-1.85,CC2(C)C1CCC(C)(C1)C2=O,0.739757208
339,Acridine,-3.846,2,179.222,0,3,0,12.89,-3.67,c3ccc2nc1ccccc1cc2c3,0.601669196
555,"Digoxin (L1=41,8mg/mL, L2=68,2mg/mL, Z=40,1mg/mL)",-5.312,1,780.949,6,8,7,203.06,-4.081,CC1OC(CC(O)C1O)OC2C(O)CC(OC2C)OC8C(O)CC(OC7CCC3(C)C(CCC4C3CC(O)C5(C)C(CCC45O)C6=CC(=O)OC6)C7)OC8C ,0.570485584
619,m-Nitroaniline,-1.936,1,138.126,1,1,1,69.16,-2.19,Nc1cccc(c1)N(=O)=O,0.713960546
27,Butethal,-1.974,1,212.249,2,1,4,75.27,-1.661,CCCCC1(CC)C(=O)NC(=O)NC1=O,0.754097117
993,p-Nitrotoluene,-2.64,1,137.138,0,1,1,43.14,-2.49,Cc1ccc(cc1)N(=O)=O,0.691198786
645,"1,3,5-Tribromobenzene",-5.27,1,314.802,0,1,0,0,-5.6,Brc1cc(Br)cc(Br)c1,0.455235205
952,Carbaryl,-3.087,1,201.225,1,2,1,38.33,-3.224,CNC(=O)Oc1cccc2ccccc12,0.635508346
573,3-Chloroanisole,-3.057,1,142.585,0,1,1,9.23,-2.78,COc1cccc(Cl)c1,0.669195751
556,Benzyltrifluoride,-3.099,1,146.111,0,1,0,0,-2.51,FC(F)(F)c1ccccc1,0.689681335
681,chlorpyrifos,-4.972,1,350.591,0,1,6,40.58,-5.67,CCOP(=S)(OCC)Oc1nc(Cl)c(Cl)cc1Cl ,0.449924127
577,Bromodichloromethane,-2.176,1,163.829,0,0,0,0,-1.54,BrC(Cl)Cl,0.763277693
795,biquinoline,-4.903,2,256.308,0,4,1,25.78,-5.4,c2ccc1nc(ccc1c2)c4ccc3ccccc3n4 ,0.470409712
85,Hexachloroethane,-4.215,1,236.74,0,0,0,0,-3.67,ClC(Cl)(Cl)C(Cl)(Cl)Cl,0.601669196
242,Trichloroacetonitrile,-2.019,1,144.388,0,0,0,23.79,-2.168,ClC(Cl)(Cl)C#N,0.715629742
698,Diisopropylsulfide,-2.162,1,118.245,0,0,2,0,-2.24,CC(C)SC(C)C,0.71016692
838,propachlor,-3.018,1,211.692,0,1,3,20.31,-2.48,CC(C)N(C(=O)CCl)c1ccccc1 ,0.691957511
159,4-Chlorotoluene,-3.297,1,126.586,0,1,0,0,-3.08,Cc1ccc(Cl)cc1,0.646433991
524,3-Methylbutan-1-ol,-1.027,1,88.15,1,0,2,20.23,-0.51,CC(C)CCO,0.841426404
35,Valeraldehyde,-1.103,1,86.134,0,0,3,17.07,-0.85,CCCCC=O,0.815629742
540,1-Propanol,-0.334,1,60.096,1,0,1,20.23,0.62,CCCO,0.927162367
170,"1,2,3,4-Tetrachlorobenzene",-4.546,1,215.894,0,1,0,0,-4.57,Clc1ccc(Cl)c(Cl)c1Cl,0.533383915
654,Quintozene,-5.098,1,295.336,0,1,1,43.14,-5.82,Clc1c(Cl)c(Cl)c(N(=O)=O)c(Cl)c1Cl,0.438543247
748,fensulfothion,-3.283,1,308.361,0,1,7,44.76,-2.3,CCOP(=S)(OCC)Oc1ccc(cc1)S(C)=O ,0.705614568
1045,XMC,-2.688,1,179.219,1,1,1,38.33,-2.581,CNC(=O)Oc1cc(C)cc(C)c1,0.684294385
1037,gentisin,-1.292,1,262.261,2,3,1,75.99,-2.943,c1c(O)C2C(=O)C3cc(O)ccC3OC2cc1(OC),0.656828528
484,Tribromomethane,-2.904,1,252.731,0,0,0,0,-1.91,BrC(Br)Br,0.735204856
733,alloxantin,0.919,1,286.156,6,2,1,191,-1.99,C1(=O)NC(=O)NC(=O)C1(O)C2(O)C(=O)NC(=O)NC2(=O),0.729135053
899,Heptachlor,-5.26,1,373.321,0,3,0,0,-6.317,ClC1C=CC2C1C3(Cl)C(=C(Cl)C2(Cl)C3(Cl)Cl)Cl,0.400834598
95,diethylstilbestrol,-5.074,1,268.356,2,2,4,40.46,-4.07,CCC(=C(CC)c1ccc(O)cc1)c2ccc(O)cc2 ,0.571320182
563,Dimethyl phthalate,-2.347,1,194.186,0,1,2,52.6,-1.66,COC(=O)c1ccccc1C(=O)OC,0.754172989
240,Cyclohexanone,-0.996,1,98.145,0,1,0,17.07,-0.6,O=C1CCCCC1,0.834597876
742,Chlorbufam,-3.629,1,223.659,1,1,2,38.33,-2.617,CC(OC(=O)Nc1cccc(Cl)c1)C#C,0.681562974
863,Vinclozolin,-4.377,1,286.114,0,2,2,46.61,-4.925,CC1(OC(=O)N(C1=O)c2cc(Cl)cc(Cl)c2)C=C,0.506449165
574,Pebulate,-3.131,1,203.351,0,0,6,20.31,-3.53,CCCCN(CC)C(=O)SCCC,0.612291351
690,"3,3-Dimethyl-1-butanol",-1.365,1,102.177,1,0,1,20.23,-0.5,CC(C)(C)CCO,0.842185129
460,1-Pentanol,-1.042,1,88.15,1,0,3,20.23,-0.6,CCCCCO,0.834597876
891,Diphenylmethane,-4.09,2,168.239,0,2,2,0,-4.08,C(c1ccccc1)c2ccccc2,0.570561457
553,1-Iodobutane,-2.841,1,184.02,0,0,2,0,-2.96,CCCCI,0.655538695
857,thioanisole,-2.87,1,124.208,0,1,1,0,-2.39,c1ccccc1SC,0.698786039
1054,1-Methylphenanthrene,-4.87,1,192.261,0,3,0,0,-5.85,Cc1cccc2c1ccc3ccccc32,0.436267071
206,Hypoxanthine,-0.656,1,136.114,2,2,0,74.43,-2.296,O=c1[nH]cnc2nc[nH]c12 ,0.705918058
392,Aminocarb,-2.677,1,208.261,1,1,2,41.57,-2.36,CNC(=O)Oc1ccc(N(C)C)c(C)c1,0.701062215
794,Acetophenone,-2.078,1,120.151,0,1,1,17.07,-1.28,CC(=O)c1ccccc1,0.783004552
870,Biphenyl,-4.079,2,154.212,0,2,1,0,-4.345,c1ccc(cc1)c2ccccc2,0.550455235
397,"3,4-PCB",-5.223,1,223.102,0,2,1,0,-6.39,Clc1ccc(cc1Cl)c2ccccc2 ,0.395295903
766,3-Methyl-3-hexanol,-1.663,1,116.204,1,0,3,20.23,-0.98,CCCC(C)(O)CC,0.805766313
1038,Caffeine,-1.498,1,194.194,0,2,0,61.82,-0.876,Cn1cnc2n(C)c(=O)n(C)c(=O)c12,0.813657056
1028,Chloramphenicol,-2.613,1,323.132,3,1,6,112.7,-2.111,OCC(NC(=O)C(Cl)Cl)C(O)c1ccc(cc1)N(=O)=O,0.719954476
642,8-quinolinol,-2.725,1,145.161,1,2,0,33.12,-2.42,Oc1cccc2cccnc12 ,0.696509863
612,"2,4-Dimethylpyridine",-2.098,1,107.156,0,1,0,12.89,0.38,Cc1ccnc(C)c1,0.908952959
960,Disulfoton,-3.975,1,274.413,0,0,9,18.46,-4.23,CCOP(=S)(OCC)SCCSCC,0.559180577
725,Fenarimol,-4.108,1,331.202,1,3,3,46.01,-4.38,OC(c1ccc(Cl)cc1)(c2cncnc2)c3ccccc3Cl,0.547799697
683,Antipyrene,-1.733,1,188.23,0,2,1,26.93,0.715,Cc1cc(=O)n(c2ccccc2)n1C,0.934370258
98,styrene oxide,-1.826,2,120.151,0,2,1,12.53,-1.6,C1OC1c2ccccc2 ,0.758725341
804,Azodrin,-0.949,1,223.165,1,0,5,73.86,0.651,CNC(=O)C=C(C)OP(=O)(OC)OC,0.929514416
406,benzylurea,-1.509,1,150.181,2,1,2,55.12,-0.95,NC(=O)NCc1ccccc1 ,0.808042489
502,Methazole,-3.601,1,261.064,0,2,1,57.14,-2.82,Cn2c(=O)on(c1ccc(Cl)c(Cl)c1)c2=O,0.66616085
929,2-Methyl-2-heptanol,-2.017,1,130.231,1,0,4,20.23,-1.72,CCCCCC(C)(C)O,0.749620637
779,5-Ethyl-5-(3-methylbutyl)barbital,-2.312,1,226.276,2,1,4,75.27,-2.658,O=C1NC(=O)NC(=O)C1(CC)CCC(C)C,0.6784522
200,Dapsone,-2.464,1,248.307,2,2,2,86.18,-3.094,Nc1ccc(cc1)S(=O)(=O)c2ccc(N)cc2,0.645371775
134,d-Limonene,-3.429,1,136.238,0,1,1,0,-4.26,CC1=CCC(CC1)C(C)=C,0.556904401
40,3-Chlorobiphenyl,-4.685,1,188.657,0,2,1,0,-4.88,c1c(Cl)cccc1c2ccccc2,0.509863429
1017,Bromophos,-5.604,1,366,0,1,4,27.69,-6.09,COP(=S)(OC)Oc1cc(Cl)c(Br)cc1Cl,0.418057663
230,Cyclohexanol ,-1.261,1,100.161,1,1,0,20.23,-0.44,OC1CCCCC1,0.846737481
378,Propanil,-3.644,1,218.083,1,1,2,29.1,-3,CCC(=O)Nc1ccc(Cl)c(Cl)c1,0.652503794
288,RTI 23,-4.228,1,283.331,1,3,2,54.46,-5.153,CCN2c1cc(OC)cc(C)c1NC(=O)c3cccnc23 ,0.489150228
418,phenylbutazone,-4.076,1,308.381,0,3,5,40.62,-3.81,CCCCC1C(=O)N(N(C1=O)c2ccccc2)c3ccccc3 ,0.591047041
391,"1,2,3-Trimethylbenzene ",-3.312,1,120.195,0,1,0,0,-3.2,Cc1cccc(C)c1C,0.637329287
592,piroxicam,-3.473,1,331.353,2,3,2,99.6,-4.16,CN2C(=C(O)c1ccccc1S2(=O)=O)C(=O)Nc3ccccn3 ,0.564491654
647,methylthiouracil,-0.547,1,142.183,2,1,0,48.65,-2.436,Cc1cc(=O)[nH]c(=S)[nH]1,0.695295903
520,1-Butanol,-0.688,1,74.123,1,0,2,20.23,0,CCCCO,0.880121396
64,Benznidazole,-2.321,1,260.253,1,2,5,90.06,-2.81,O=C(Cn1ccnc1N(=O)=O)NCc2ccccc2,0.666919575
14,Tetradecane,-5.45,1,198.394,0,0,11,0,-7.96,CCCCCCCCCCCCCC,0.276176024
492,"1,3,5-Trinitrobenzene",-2.324,1,213.105,0,1,3,129.42,-2.89,O=N(=O)c1cc(cc(c1)N(=O)=O)N(=O)=O,0.660849772
379,Triamterene,-3.051,1,253.269,3,3,1,129.62,-2.404,Nc3nc(N)c2nc(c1ccccc1)c(N)nc2n3,0.697723824
187,"1,2,3,5-Tetrachlorobenzene",-4.621,1,215.894,0,1,0,0,-4.63,Clc1cc(Cl)c(Cl)c(Cl)c1,0.528831563
763,"1,2,4-Trimethylbenzene",-3.343,1,120.195,0,1,0,0,-3.31,Cc1ccc(C)c(C)c1,0.628983308
216,"2,3-Dimethylpyridine",-2.067,1,107.156,0,1,0,12.89,0.38,Cc1cccnc1C,0.908952959
791,Isonazid,-0.717,1,137.142,2,1,1,68.01,0.009,c1nccc(C(=O)NN)c1,0.880804249
878,p-Chloroacetanilide,-2.642,1,169.611,1,1,1,29.1,-2.843,CC(=O)Nc1ccc(Cl)cc1,0.664415781
337,ethofumesate,-3.184,1,286.349,0,2,4,61.83,-3.42,CCOC2Oc1ccc(OS(C)(=O)=O)cc1C2(C)C,0.620637329
719,allopurinol,-0.84,1,136.114,2,2,0,74.43,-2.266,O=c1[nH]cnc2[nH]ncc12 ,0.708194234
295,p-Nitroanisole,-2.522,1,153.137,0,1,2,52.37,-2.41,COc1ccc(cc1)N(=O)=O,0.697268589
1016,2-Chloroanisole,-2.912,1,142.585,0,1,1,9.23,-2.46,COc1ccccc1Cl,0.693474962
455,Propylcyclopentane,-3.16,1,112.216,0,1,2,0,-4.74,CCCC1CCCC1,0.520485584
815,1-Chloro-2-methylpropane,-1.924,1,92.569,0,0,1,0,-2,ClCC(C)C,0.728376328
269,4-Methyl-2-pentanone,-1.184,1,100.161,0,0,2,17.07,-0.74,CC(C)CC(=O)C,0.823975721
995,Norethisterone,-2.669,1,314.425,2,4,0,57.53,-4.57,CC34CCC1C(CCC2=CC(=O)CCC12O)C3CCC4(O)C#C,0.533383915
201,Methyl hydrazine,0.543,1,46.073,2,0,0,38.05,1.34,CNN,0.981790592
161,Tricresyl phosphate,-6.39,1,368.369,0,3,6,44.76,-6.01,Cc1ccc(OP(=O)(Oc2cccc(C)c2)Oc3ccccc3C)cc1,0.424127466
729,"2,2',3,5'-PCB",-6.155,1,291.992,0,2,1,0,-6.47,Clc1ccc(Cl)c(c1)c2cccc(Cl)c2Cl ,0.3892261
401,Ethoxyzolamide,-3.085,1,258.324,1,2,3,82.28,-3.81,CCOc2ccc1nc(sc1c2)S(N)(=O)=O ,0.591047041
702,cortisone acetate,-3.426,1,402.487,1,4,3,97.74,-4.21,CC(=O)OCC(=O)C3(O)CCC4C2CCC1=CC(=O)CCC1(C)C2C(=O)CC34C ,0.560698027
565,Diethyldisulfide,-2.364,1,122.258,0,0,3,0,-2.42,CCSSCC,0.696509863
1021,Chloroxuron,-4.477,1,290.75,1,2,3,41.57,-4.89,CN(C)C(=O)Nc2ccc(Oc1ccc(Cl)cc1)cc2,0.509104704
1025,Sucrose,0.31,1,342.297,8,2,5,189.53,0.79,OCC2OC(OC1(CO)OC(CO)C(O)C1O)C(O)C(O)C2O ,0.940060698
205,Acrolein,-0.184,1,56.064,0,0,1,17.07,0.57,C=CC=O,0.923368741
34,1-Methylfluorene,-4.478,1,180.25,0,3,0,0,-5.22,Cc1cccc2c1Cc3ccccc32,0.484066768
775,Pencycuron,-5.126,1,328.843,1,3,4,32.34,-5.915,Clc1ccc(CN(C2CCCC2)C(=O)Nc3ccccc3)cc1,0.431335357
508,3-Methyl-3-heptanol,-2.017,1,130.231,1,0,4,20.23,-1.6,CCCCC(C)(O)CC,0.758725341
1113,Oxycarboxin,-2.169,1,267.306,1,2,2,72.47,-2.281,CC1=C(C(=O)Nc2ccccc2)S(=O)(=O)CCO1,0.707056146
91,thiamylal,-3.063,1,254.355,2,1,5,58.2,-3.46,CCCC(C)C1(CC=C)C(=O)NC(=S)NC1=O ,0.617602428
897,Ethylbenzene,-2.988,1,106.168,0,1,1,0,-2.77,CCc1ccccc1,0.669954476
564,Ethyl octanoate,-2.962,1,172.268,0,0,7,26.3,-3.39,CCCCCCCC(=O)OCC,0.622913505
776,1-Methylcyclohexene ,-2.574,1,96.173,0,1,0,0,-3.27,CC1=CCCCC1,0.632018209
241,m-Methylaniline,-1.954,1,107.156,1,1,0,26.02,-0.85,Cc1cccc(N)c1,0.815629742
13,Primidone,-1.897,1,218.256,2,2,2,58.2,-2.64,CCC1(C(=O)NCNC1=O)c2ccccc2,0.679817906
315,Anethole,-3.254,1,148.205,0,1,2,9.23,-3.13,COc1ccc(C=CC)cc1,0.642640364
600,Ethane,-1.132,1,30.07,0,0,0,0,-1.36,CC,0.77693475
387,Metolcarb,-1.947,1,151.165,1,1,1,38.33,-1.803,c1ccccc1(OC(=O)NC),0.743323217
166,"2,4'-PCB",-5.142,1,223.102,0,2,1,0,-5.28,Clc1ccc(cc1)c2ccccc2Cl ,0.479514416
840,Dimethoxymethane,0.092,1,76.095,0,0,2,18.46,0.48,COCOC,0.916540212
20,"2,2',3,4,6-PCB",-6.627,1,326.437,0,2,1,0,-7.43,Clc1ccc(c(Cl)c1)c2c(Cl)ccc(Cl)c2Cl ,0.316388467
646,Ronnel,-5.247,1,321.549,0,1,4,27.69,-5.72,COP(=S)(OC)Oc1cc(Cl)c(Cl)cc1Cl,0.446130501
831,Diethyl ether ,-0.718,1,74.123,0,0,2,9.23,-0.09,CCOCC,0.873292868
562,hydrobenzoin,-2.645,1,214.264,2,2,3,40.46,-1.93,c1ccccc1C(O)C(O)c2ccccc2,0.733687405
1100,4-hydroxypyridine,-1.655,1,95.101,1,1,0,33.12,1.02,Oc1ccncc1,0.957511381
686,simazine,-2.811,1,201.661,2,1,4,62.73,-4.55,CCNc1nc(Cl)nc(NCC)n1 ,0.534901366
957,1-Phenylethanol,-1.919,1,122.167,1,1,1,20.23,-0.92,CC(O)c1ccccc1,0.810318665
189,o-Aminophenol,-1.465,1,109.128,2,1,0,46.25,-0.72,Nc1ccccc1O,0.825493171
975,Hexadecane,-6.159,1,226.448,0,0,13,0,-8.4,CCCCCCCCCCCCCCCC,0.242792109
699,"1,3-Dinitrobenzene",-2.281,1,168.108,0,1,2,86.28,-2.29,O=N(=O)c1cccc(c1)N(=O)=O,0.706373293
510,3-Ethanoyloxymethylphenytoin,-2.723,1,324.336,1,3,4,75.71,-4.47,O=C1N(COC(=O)C)C(=O)C(N1)(c2ccccc2)c3ccccc3,0.540971168
1082,tetramethylurea,-0.495,1,116.164,0,0,0,23.55,0.94,CN(C)C(=O)N(C)C ,0.951441578
474,1-Bromo-2-methylpropane,-2.288,1,137.02,0,0,1,0,-2.43,CC(C)CBr,0.695751138
856,Isobutyl formate,-1.095,1,102.133,0,0,3,26.3,-1.01,CC(C)COC=O,0.803490137
747,2-Methyl-3-pentanol,-1.308,1,102.177,1,0,2,20.23,-0.7,CCC(O)C(C)C,0.827010622
252,2-Bromotoluene,-3.667,1,171.037,0,1,0,0,-2.23,Cc1ccccc1Br,0.710925645
21,Lenacil,-3.355,1,234.299,1,3,1,54.86,-4.594,O=c2[nH]c1CCCc1c(=O)n2C3CCCCC3,0.531562974
459,Benzoxazole,-2.214,2,119.123,0,2,0,26.03,-1.16,c2ccc1ocnc1c2,0.792109256
276,Sorbitol,0.647,1,182.172,6,0,5,121.38,1.09,OCC(O)C(O)C(O)C(O)CO,0.962822458
955,"1,4-Cyclohexadiene",-1.842,2,80.13,0,1,0,0,-2.06,C1C=CCC=C1,0.723823976
385,p-Methylaniline ,-1.954,1,107.156,1,1,0,26.02,-1.21,Cc1ccc(N)cc1,0.78831563
805,Succinimide,0.282,1,99.089,1,1,0,46.17,0.3,O=C1CCC(=O)N1,0.902883156
343,Indapamide,-4.345,1,365.842,2,3,3,92.5,-3.586,CC2Cc1ccccc1N2NC(=O)c3ccc(Cl)c(c3)S(N)(=O)=O ,0.608042489
769,Phenylhydrazine,-1.866,1,108.144,2,1,1,38.05,0.07,NNc1ccccc1,0.885432473
130,"3,4-Dimethylpyridine",-2.067,1,107.156,0,1,0,12.89,0.36,Cc1ccncc1C,0.907435508
871,"2,2',4,4',6,6'-PCB",-7.179,1,360.882,0,2,1,0,-8.71,Clc1cc(Cl)c(c(Cl)c1)c2c(Cl)cc(Cl)cc2Cl ,0.219271624
87,1-Nitropropane,-0.816,1,89.094,0,0,2,43.14,-0.8,CCCN(=O)=O,0.819423369
330,Bensulide,-4.99,1,397.524,1,1,10,64.63,-4.2,CC(C)OP(=S)(OC(C)C)SCCNS(=O)(=O)c1ccccc1,0.561456753
466,o-Chloroiodobenzene,-4.384,1,238.455,0,1,0,0,-3.54,Clc1ccccc1I,0.611532625
121,"2,3,4-Trimethylpentane",-3.276,1,114.232,0,0,2,0,-4.8,CC(C)C(C)C(C)C,0.515933232
1044,Thiophenol ,-2.758,1,110.181,1,1,0,0,-2.12,Sc1ccccc1,0.719271624
1095,Eriodictyol,-3.152,1,288.255,4,3,1,107.22,-3.62,Oc2cc(O)c1C(=O)CC(Oc1c2)c3ccc(O)c(O)c3,0.605462822
860,methyl nicotinate,-1.621,1,137.138,0,1,1,39.19,-0.46,COC(=O)c1cccnc1 ,0.84522003
1126,2-Methylbutane,-2.245,1,72.151,0,0,1,0,-3.18,CCC(C)C,0.638846737
